/*M!999999\- enable the sandbox mode */ 
-- MariaDB dump 10.19-11.8.3-MariaDB, for debian-linux-gnu (x86_64)
--
-- Host: localhost    Database: osticket
-- ------------------------------------------------------
-- Server version	11.8.3-MariaDB-0+deb13u1 from Debian

/*!40101 SET @OLD_CHARACTER_SET_CLIENT=@@CHARACTER_SET_CLIENT */;
/*!40101 SET @OLD_CHARACTER_SET_RESULTS=@@CHARACTER_SET_RESULTS */;
/*!40101 SET @OLD_COLLATION_CONNECTION=@@COLLATION_CONNECTION */;
/*!40101 SET NAMES utf8mb4 */;
/*!40103 SET @OLD_TIME_ZONE=@@TIME_ZONE */;
/*!40103 SET TIME_ZONE='+00:00' */;
/*!40014 SET @OLD_UNIQUE_CHECKS=@@UNIQUE_CHECKS, UNIQUE_CHECKS=0 */;
/*!40014 SET @OLD_FOREIGN_KEY_CHECKS=@@FOREIGN_KEY_CHECKS, FOREIGN_KEY_CHECKS=0 */;
/*!40101 SET @OLD_SQL_MODE=@@SQL_MODE, SQL_MODE='NO_AUTO_VALUE_ON_ZERO' */;
/*M!100616 SET @OLD_NOTE_VERBOSITY=@@NOTE_VERBOSITY, NOTE_VERBOSITY=0 */;

--
-- Table structure for table `ost__search`
--

DROP TABLE IF EXISTS `ost__search`;
/*!40101 SET @saved_cs_client     = @@character_set_client */;
/*!40101 SET character_set_client = utf8mb4 */;
CREATE TABLE `ost__search` (
  `object_type` varchar(8) NOT NULL,
  `object_id` int(11) unsigned NOT NULL,
  `title` text CHARACTER SET utf8mb3 COLLATE utf8mb3_general_ci DEFAULT NULL,
  `content` text CHARACTER SET utf8mb3 COLLATE utf8mb3_general_ci DEFAULT NULL,
  PRIMARY KEY (`object_type`,`object_id`),
  FULLTEXT KEY `search` (`title`,`content`)
) ENGINE=InnoDB DEFAULT CHARSET=utf8mb3 COLLATE=utf8mb3_uca1400_ai_ci;
/*!40101 SET character_set_client = @saved_cs_client */;

--
-- Dumping data for table `ost__search`
--

LOCK TABLES `ost__search` WRITE;
/*!40000 ALTER TABLE `ost__search` DISABLE KEYS */;
set autocommit=0;
INSERT INTO `ost__search` VALUES
('H',1,'osTicket Installed!','Thank you for choosing osTicket. Please make sure you join the osTicket forums and our mailing list to stay up to date on the latest news, security alerts and updates. The osTicket forums are also a great place to get assistance, guidance, tips, and help from other osTicket users. In addition to the forums, the osTicket Docs provides a useful collection of educational materials, documentation, and notes from the community. We welcome your contributions to the osTicket community. If you are looking for a greater level of support, we provide professional services and commercial support with guaranteed response times, and access to the core development team. We can also help customize osTicket or even add new features to the system to meet your unique needs. If the idea of managing and upgrading this osTicket installation is daunting, you can try osTicket as a hosted service at https://supportsystem.com/ -- no installation required and we can import your data! With SupportSystem\'s turnkey infrastructure, you get osTicket at its best, leaving you free to focus on your customers without the burden of making sure the application is stable, maintained, and secure. Cheers, - osTicket Team - https://osticket.com/ PS. Don\'t just make customers happy, make happy customers!'),
('H',2,'','Can\'t login'),
('H',3,'','ES GEHT NICHT'),
('H',4,'','osTicket is a widely-used open source support ticket system, an attractive alternative to higher-cost and complex customer support systems - simple, lightweight, reliable, open source, web-based and easy to setup and use.'),
('H',9,'','Ich habe beim Login eine Fehlermeldung. Mein SSO funktioniert nicht. Hilfe ASAP'),
('H',14,'','BILDTEST-MULTIMODAL-4711 Bitte analysiere den angehängten Screenshot und antworte NUR basierend auf dem, was im Bild steht. Wichtig: 1) Nenne exakt den sichtbaren Fehlertext aus dem Screenshot. 2) Nenne 2 konkrete nächste Schritte zur Behebung. 3) Füge am Ende den Satz hinzu: \"Bildanalyse wurde verwendet.\" 4) Antworte auf Deutsch.'),
('O',1,'osTicket',''),
('T',1,'465837 osTicket Installed!',''),
('T',2,'596870 Login issue','Login issue'),
('T',3,'175026 ES GEHT NICHT','ES GEHT NICHT'),
('T',4,'612485 SSO ERROR','SSO ERROR'),
('T',5,'771753 Screenshot error','Screenshot error'),
('U',1,'osTicket Team','feedback@osticket.com'),
('U',2,'Yannick',' yannick.beck@test.de\nyannick.beck@test.de'),
('U',3,'Yannick',' Yannick@test.de\nYannick@test.de');
/*!40000 ALTER TABLE `ost__search` ENABLE KEYS */;
UNLOCK TABLES;
commit;

--
-- Table structure for table `ost_ai_reply_log`
--

DROP TABLE IF EXISTS `ost_ai_reply_log`;
/*!40101 SET @saved_cs_client     = @@character_set_client */;
/*!40101 SET character_set_client = utf8mb4 */;
CREATE TABLE `ost_ai_reply_log` (
  `id` int(10) unsigned NOT NULL AUTO_INCREMENT,
  `created_at` datetime NOT NULL DEFAULT current_timestamp(),
  `ticket_id` int(10) unsigned NOT NULL,
  `message_id` int(10) unsigned DEFAULT NULL COMMENT 'Thread entry ID of the triggering user message',
  `note_id` int(10) unsigned DEFAULT NULL COMMENT 'Thread entry ID of the created AI note (if any)',
  `status` enum('generated','skipped','error') NOT NULL,
  `reason` varchar(255) DEFAULT NULL COMMENT 'Reason for skip/error (no PII)',
  `model` varchar(100) DEFAULT NULL COMMENT 'OpenAI model used',
  `prompt_tokens` int(10) unsigned DEFAULT NULL,
  `completion_tokens` int(10) unsigned DEFAULT NULL,
  `total_tokens` int(10) unsigned DEFAULT NULL,
  `latency_ms` int(10) unsigned DEFAULT NULL COMMENT 'API call duration in milliseconds',
  `confidence` decimal(3,2) DEFAULT NULL COMMENT 'AI confidence score 0.00-1.00',
  `hash_prompt` char(64) DEFAULT NULL COMMENT 'SHA-256 hash of the sent prompt (no raw content)',
  `hash_response` char(64) DEFAULT NULL COMMENT 'SHA-256 hash of the AI response (no raw content)',
  PRIMARY KEY (`id`),
  KEY `idx_ticket_id` (`ticket_id`),
  KEY `idx_created_at` (`created_at`),
  KEY `idx_status` (`status`),
  KEY `idx_ticket_created` (`ticket_id`,`created_at`)
) ENGINE=InnoDB DEFAULT CHARSET=utf8mb4 COLLATE=utf8mb4_unicode_ci;
/*!40101 SET character_set_client = @saved_cs_client */;

--
-- Dumping data for table `ost_ai_reply_log`
--

LOCK TABLES `ost_ai_reply_log` WRITE;
/*!40000 ALTER TABLE `ost_ai_reply_log` DISABLE KEYS */;
set autocommit=0;
/*!40000 ALTER TABLE `ost_ai_reply_log` ENABLE KEYS */;
UNLOCK TABLES;
commit;

--
-- Table structure for table `ost_api_key`
--

DROP TABLE IF EXISTS `ost_api_key`;
/*!40101 SET @saved_cs_client     = @@character_set_client */;
/*!40101 SET character_set_client = utf8mb4 */;
CREATE TABLE `ost_api_key` (
  `id` int(10) unsigned NOT NULL AUTO_INCREMENT,
  `isactive` tinyint(1) NOT NULL DEFAULT 1,
  `ipaddr` varchar(64) NOT NULL,
  `apikey` varchar(255) NOT NULL,
  `can_create_tickets` tinyint(1) unsigned NOT NULL DEFAULT 1,
  `can_exec_cron` tinyint(1) unsigned NOT NULL DEFAULT 1,
  `notes` text DEFAULT NULL,
  `updated` datetime NOT NULL,
  `created` datetime NOT NULL,
  PRIMARY KEY (`id`),
  UNIQUE KEY `apikey` (`apikey`),
  KEY `ipaddr` (`ipaddr`)
) ENGINE=InnoDB AUTO_INCREMENT=2 DEFAULT CHARSET=utf8mb3 COLLATE=utf8mb3_uca1400_ai_ci;
/*!40101 SET character_set_client = @saved_cs_client */;

--
-- Dumping data for table `ost_api_key`
--

LOCK TABLES `ost_api_key` WRITE;
/*!40000 ALTER TABLE `ost_api_key` DISABLE KEYS */;
set autocommit=0;
/*!40000 ALTER TABLE `ost_api_key` ENABLE KEYS */;
UNLOCK TABLES;
commit;

--
-- Table structure for table `ost_attachment`
--

DROP TABLE IF EXISTS `ost_attachment`;
/*!40101 SET @saved_cs_client     = @@character_set_client */;
/*!40101 SET character_set_client = utf8mb4 */;
CREATE TABLE `ost_attachment` (
  `id` int(10) unsigned NOT NULL AUTO_INCREMENT,
  `object_id` int(11) unsigned NOT NULL,
  `type` char(1) NOT NULL,
  `file_id` int(11) unsigned NOT NULL,
  `name` varchar(255) DEFAULT NULL,
  `inline` tinyint(1) unsigned NOT NULL DEFAULT 0,
  `lang` varchar(16) DEFAULT NULL,
  PRIMARY KEY (`id`),
  UNIQUE KEY `file-type` (`object_id`,`file_id`,`type`),
  UNIQUE KEY `file_object` (`file_id`,`object_id`)
) ENGINE=InnoDB AUTO_INCREMENT=19 DEFAULT CHARSET=utf8mb3 COLLATE=utf8mb3_uca1400_ai_ci;
/*!40101 SET character_set_client = @saved_cs_client */;

--
-- Dumping data for table `ost_attachment`
--

LOCK TABLES `ost_attachment` WRITE;
/*!40000 ALTER TABLE `ost_attachment` DISABLE KEYS */;
set autocommit=0;
INSERT INTO `ost_attachment` VALUES
(1,1,'C',2,NULL,0,NULL),
(2,8,'T',1,NULL,1,NULL),
(3,9,'T',1,NULL,1,NULL),
(4,10,'T',1,NULL,1,NULL),
(5,11,'T',1,NULL,1,NULL),
(6,12,'T',1,NULL,1,NULL),
(7,13,'T',1,NULL,1,NULL),
(8,14,'T',1,NULL,1,NULL),
(9,16,'T',1,NULL,1,NULL),
(10,17,'T',1,NULL,1,NULL),
(11,18,'T',1,NULL,1,NULL),
(12,19,'T',1,NULL,1,NULL),
(13,4,'H',2,NULL,0,NULL),
(14,3,'D',3,NULL,0,NULL),
(15,9,'H',3,NULL,1,NULL),
(16,6,'D',3,NULL,0,NULL),
(17,5,'D',3,NULL,0,NULL),
(18,14,'H',3,NULL,1,NULL);
/*!40000 ALTER TABLE `ost_attachment` ENABLE KEYS */;
UNLOCK TABLES;
commit;

--
-- Table structure for table `ost_canned_response`
--

DROP TABLE IF EXISTS `ost_canned_response`;
/*!40101 SET @saved_cs_client     = @@character_set_client */;
/*!40101 SET character_set_client = utf8mb4 */;
CREATE TABLE `ost_canned_response` (
  `canned_id` int(10) unsigned NOT NULL AUTO_INCREMENT,
  `dept_id` int(10) unsigned NOT NULL DEFAULT 0,
  `isenabled` tinyint(1) unsigned NOT NULL DEFAULT 1,
  `title` varchar(255) NOT NULL DEFAULT '',
  `response` text NOT NULL,
  `lang` varchar(16) NOT NULL DEFAULT 'en_US',
  `notes` text DEFAULT NULL,
  `created` datetime NOT NULL,
  `updated` datetime NOT NULL,
  PRIMARY KEY (`canned_id`),
  UNIQUE KEY `title` (`title`),
  KEY `dept_id` (`dept_id`),
  KEY `active` (`isenabled`)
) ENGINE=InnoDB AUTO_INCREMENT=3 DEFAULT CHARSET=utf8mb3 COLLATE=utf8mb3_uca1400_ai_ci;
/*!40101 SET character_set_client = @saved_cs_client */;

--
-- Dumping data for table `ost_canned_response`
--

LOCK TABLES `ost_canned_response` WRITE;
/*!40000 ALTER TABLE `ost_canned_response` DISABLE KEYS */;
set autocommit=0;
INSERT INTO `ost_canned_response` VALUES
(1,0,1,'What is osTicket (sample)?','osTicket is a widely-used open source support ticket system, an\nattractive alternative to higher-cost and complex customer support\nsystems - simple, lightweight, reliable, open source, web-based and easy\nto setup and use.','en_US',NULL,'2026-02-19 18:15:04','2026-02-19 18:15:04'),
(2,0,1,'Sample (with variables)','Hi %{ticket.name.first},\n<br>\n<br>\nYour ticket #%{ticket.number} created on %{ticket.create_date} is in\n%{ticket.dept.name} department.','en_US',NULL,'2026-02-19 18:15:04','2026-02-19 18:15:04');
/*!40000 ALTER TABLE `ost_canned_response` ENABLE KEYS */;
UNLOCK TABLES;
commit;

--
-- Table structure for table `ost_config`
--

DROP TABLE IF EXISTS `ost_config`;
/*!40101 SET @saved_cs_client     = @@character_set_client */;
/*!40101 SET character_set_client = utf8mb4 */;
CREATE TABLE `ost_config` (
  `id` int(11) unsigned NOT NULL AUTO_INCREMENT,
  `namespace` varchar(64) NOT NULL,
  `key` varchar(64) NOT NULL,
  `value` text NOT NULL,
  `updated` timestamp NOT NULL DEFAULT current_timestamp(),
  PRIMARY KEY (`id`),
  UNIQUE KEY `namespace` (`namespace`,`key`)
) ENGINE=InnoDB AUTO_INCREMENT=151 DEFAULT CHARSET=utf8mb3 COLLATE=utf8mb3_uca1400_ai_ci;
/*!40101 SET character_set_client = @saved_cs_client */;

--
-- Dumping data for table `ost_config`
--

LOCK TABLES `ost_config` WRITE;
/*!40000 ALTER TABLE `ost_config` DISABLE KEYS */;
set autocommit=0;
INSERT INTO `ost_config` VALUES
(1,'core','admin_email','admin@ki-projekt.local','2026-02-19 17:15:04'),
(2,'core','helpdesk_url','http://127.0.0.1/','2026-02-19 17:15:04'),
(3,'core','helpdesk_title','KI Helpdesk','2026-02-19 17:15:04'),
(4,'core','schema_signature','5fb92bef17f3b603659e024c01cc7a59','2026-02-19 17:15:04'),
(5,'schedule.1','configuration','{\"holidays\":[4]}','2026-02-19 17:15:04'),
(6,'core','time_format','hh:mm a','2026-02-19 17:15:04'),
(7,'core','date_format','MM/dd/y','2026-02-19 17:15:04'),
(8,'core','datetime_format','MM/dd/y h:mm a','2026-02-19 17:15:04'),
(9,'core','daydatetime_format','EEE, MMM d y h:mm a','2026-02-19 17:15:04'),
(10,'core','default_priority_id','2','2026-02-19 17:15:04'),
(11,'core','enable_daylight_saving','','2026-02-19 17:15:04'),
(12,'core','reply_separator','-- reply above this line --','2026-02-19 17:15:04'),
(13,'core','isonline','1','2026-02-19 17:15:04'),
(14,'core','staff_ip_binding','','2026-02-19 17:15:04'),
(15,'core','staff_max_logins','4','2026-02-19 17:15:04'),
(16,'core','staff_login_timeout','2','2026-02-19 17:15:04'),
(17,'core','staff_session_timeout','30','2026-02-19 17:15:04'),
(18,'core','passwd_reset_period','','2026-02-19 17:15:04'),
(19,'core','client_max_logins','4','2026-02-19 17:15:04'),
(20,'core','client_login_timeout','2','2026-02-19 17:15:04'),
(21,'core','client_session_timeout','30','2026-02-19 17:15:04'),
(22,'core','max_page_size','25','2026-02-19 17:15:04'),
(23,'core','max_open_tickets','','2026-02-19 17:15:04'),
(24,'core','autolock_minutes','3','2026-02-19 17:15:04'),
(25,'core','default_smtp_id','','2026-02-19 17:15:04'),
(26,'core','use_email_priority','','2026-02-19 17:15:04'),
(27,'core','enable_kb','1','2026-02-19 17:42:45'),
(28,'core','enable_premade','1','2026-02-19 17:15:04'),
(29,'core','enable_captcha','','2026-02-19 17:15:04'),
(30,'core','enable_auto_cron','','2026-02-19 17:15:04'),
(31,'core','enable_mail_polling','','2026-02-19 17:15:04'),
(32,'core','send_sys_errors','1','2026-02-19 17:15:04'),
(33,'core','send_sql_errors','1','2026-02-19 17:15:04'),
(34,'core','send_login_errors','1','2026-02-19 17:15:04'),
(35,'core','save_email_headers','1','2026-02-19 17:15:04'),
(36,'core','strip_quoted_reply','1','2026-02-19 17:15:04'),
(37,'core','ticket_autoresponder','','2026-02-19 17:15:04'),
(38,'core','message_autoresponder','','2026-02-19 17:15:04'),
(39,'core','ticket_notice_active','1','2026-02-19 17:15:04'),
(40,'core','ticket_alert_active','1','2026-02-19 17:15:04'),
(41,'core','ticket_alert_admin','1','2026-02-19 17:15:04'),
(42,'core','ticket_alert_dept_manager','1','2026-02-19 17:15:04'),
(43,'core','ticket_alert_dept_members','','2026-02-19 17:15:04'),
(44,'core','message_alert_active','1','2026-02-19 17:15:04'),
(45,'core','message_alert_laststaff','1','2026-02-19 17:15:04'),
(46,'core','message_alert_assigned','1','2026-02-19 17:15:04'),
(47,'core','message_alert_dept_manager','','2026-02-19 17:15:04'),
(48,'core','note_alert_active','','2026-02-19 17:15:04'),
(49,'core','note_alert_laststaff','1','2026-02-19 17:15:04'),
(50,'core','note_alert_assigned','1','2026-02-19 17:15:04'),
(51,'core','note_alert_dept_manager','','2026-02-19 17:15:04'),
(52,'core','transfer_alert_active','','2026-02-19 17:15:04'),
(53,'core','transfer_alert_assigned','','2026-02-19 17:15:04'),
(54,'core','transfer_alert_dept_manager','1','2026-02-19 17:15:04'),
(55,'core','transfer_alert_dept_members','','2026-02-19 17:15:04'),
(56,'core','overdue_alert_active','1','2026-02-19 17:15:04'),
(57,'core','overdue_alert_assigned','1','2026-02-19 17:15:04'),
(58,'core','overdue_alert_dept_manager','1','2026-02-19 17:15:04'),
(59,'core','overdue_alert_dept_members','','2026-02-19 17:15:04'),
(60,'core','assigned_alert_active','1','2026-02-19 17:15:04'),
(61,'core','assigned_alert_staff','1','2026-02-19 17:15:04'),
(62,'core','assigned_alert_team_lead','','2026-02-19 17:15:04'),
(63,'core','assigned_alert_team_members','','2026-02-19 17:15:04'),
(64,'core','auto_claim_tickets','1','2026-02-19 17:15:04'),
(65,'core','auto_refer_closed','1','2026-02-19 17:15:04'),
(66,'core','collaborator_ticket_visibility','1','2026-02-19 17:15:04'),
(67,'core','require_topic_to_close','','2026-02-19 17:15:04'),
(68,'core','show_related_tickets','1','2026-02-19 17:15:04'),
(69,'core','show_assigned_tickets','1','2026-02-19 17:15:04'),
(70,'core','show_answered_tickets','','2026-02-19 17:15:04'),
(71,'core','hide_staff_name','','2026-02-19 17:15:04'),
(72,'core','disable_agent_collabs','','2026-02-19 17:15:04'),
(73,'core','overlimit_notice_active','','2026-02-19 17:15:04'),
(74,'core','email_attachments','1','2026-02-19 17:15:04'),
(75,'core','ticket_number_format','######','2026-02-19 17:15:04'),
(76,'core','ticket_sequence_id','','2026-02-19 17:15:04'),
(77,'core','queue_bucket_counts','','2026-02-19 17:15:04'),
(78,'core','allow_external_images','','2026-02-19 17:15:04'),
(79,'core','task_number_format','#','2026-02-19 17:15:04'),
(80,'core','task_sequence_id','2','2026-02-19 17:15:04'),
(81,'core','log_level','2','2026-02-19 17:15:04'),
(82,'core','log_graceperiod','12','2026-02-19 17:15:04'),
(83,'core','client_registration','public','2026-02-19 17:15:04'),
(84,'core','default_ticket_queue','1','2026-02-19 17:15:04'),
(85,'core','embedded_domain_whitelist','youtube.com, dailymotion.com, vimeo.com, player.vimeo.com, web.microsoftstream.com','2026-02-19 17:15:04'),
(86,'core','max_file_size','1048576','2026-02-19 17:15:04'),
(87,'core','landing_page_id','1','2026-02-19 17:15:04'),
(88,'core','thank-you_page_id','2','2026-02-19 17:15:04'),
(89,'core','offline_page_id','3','2026-02-19 17:15:04'),
(90,'core','system_language','en_US','2026-02-19 17:15:04'),
(91,'mysqlsearch','reindex','0','2026-02-19 17:42:46'),
(92,'core','default_email_id','1','2026-02-19 17:15:04'),
(93,'core','alert_email_id','2','2026-02-19 17:15:04'),
(94,'core','default_dept_id','1','2026-02-19 17:15:04'),
(95,'core','default_sla_id','1','2026-02-19 17:15:04'),
(96,'core','schedule_id','1','2026-02-19 17:15:04'),
(97,'core','default_template_id','1','2026-02-19 17:15:04'),
(98,'core','default_timezone','Europe/Berlin','2026-02-19 17:15:04'),
(99,'core','restrict_kb','','2026-02-19 17:42:45'),
(100,'plugin.1.instance.1','enabled','1','2026-02-19 22:42:39'),
(101,'plugin.1.instance.1','log_level','{\"error\":\"ERROR \\u2014 Errors only\"}','2026-02-19 22:38:31'),
(102,'plugin.1.instance.1','llm_base_url','http://127.0.0.1:11434/v1','2026-02-19 22:38:31'),
(103,'plugin.1.instance.1','llm_auth_enabled','0','2026-02-19 22:38:31'),
(104,'plugin.1.instance.1','llm_api_key','','2026-02-19 22:38:31'),
(105,'plugin.1.instance.1','llm_model','{\"gemma3:4b\":\"gemma3:4b \\u2014 Fast and stable for local deployment (recommended)\"}','2026-02-19 22:38:31'),
(106,'plugin.1.instance.1','llm_model_custom','','2026-02-19 22:38:31'),
(107,'plugin.1.instance.1','openai_api_key','','2026-02-19 22:38:31'),
(108,'plugin.1.instance.1','openai_model','{\"gpt-4.1-mini\":\"gpt-4.1-mini \\u2014 Fast & affordable (recommended)\"}','2026-02-19 22:38:31'),
(109,'plugin.1.instance.1','openai_model_custom','','2026-02-19 22:38:31'),
(110,'plugin.1.instance.1','openai_max_tokens','700','2026-02-19 22:38:31'),
(111,'plugin.1.instance.1','openai_temperature','0.2','2026-02-19 22:38:31'),
(112,'plugin.1.instance.1','openai_timeout','300','2026-02-20 11:18:42'),
(113,'plugin.1.instance.1','openai_retry_count','1','2026-02-19 22:38:31'),
(114,'plugin.1.instance.1','allowed_departments','','2026-02-19 22:38:31'),
(115,'plugin.1.instance.1','blocked_priorities','','2026-02-19 22:38:31'),
(116,'plugin.1.instance.1','blocked_tags','<p>incident,security,legal,billing</p>','2026-02-19 22:38:31'),
(117,'plugin.1.instance.1','allowed_statuses','open','2026-02-19 22:38:31'),
(118,'plugin.1.instance.1','attachment_policy','{\"ignore\":\"Ignore \\u2014 Process message text, skip attachments\"}','2026-02-19 22:38:31'),
(119,'plugin.1.instance.1','context_message_count','6','2026-02-19 22:38:31'),
(120,'plugin.1.instance.1','max_message_length','2000','2026-02-19 22:38:31'),
(121,'plugin.1.instance.1','response_language','Deutsch','2026-02-19 22:38:31'),
(122,'plugin.1.instance.1','mini_kb_content','','2026-02-19 22:38:31'),
(123,'plugin.1.instance.1','use_osticket_kb','1','2026-02-23 15:20:32'),
(124,'plugin.1.instance.1','use_canned_responses','1','2026-02-23 15:20:32'),
(125,'plugin.1.instance.1','kb_article_limit','3','2026-02-19 22:38:31'),
(126,'plugin.1.instance.1','pii_redaction_enabled','0','2026-02-19 22:38:31'),
(127,'plugin.1.instance.1','redact_ip_addresses','0','2026-02-19 22:38:31'),
(128,'plugin.1.instance.1','rate_limit_per_ticket_seconds','0','2026-02-20 11:18:19'),
(129,'plugin.1.instance.1','rate_limit_global_per_minute','0','2026-02-20 11:18:19'),
(130,'plugin.1.instance.1','rag_enabled','1','2026-02-20 11:13:55'),
(131,'plugin.1.instance.1','rag_service_url','http://127.0.0.1:8099','2026-02-20 11:13:55'),
(132,'plugin.1.instance.1','kb_reference_base_url','','2026-02-20 11:13:55'),
(133,'plugin.1.instance.1','rag_timeout_seconds','10','2026-02-20 11:13:55'),
(134,'plugin.1.instance.1','rag_top_k','5','2026-02-20 11:13:55'),
(135,'plugin.1.instance.1','rag_fail_mode','{\"strict\":\"Strict \\u2014 Abort AI draft when RAG service fails (required)\"}','2026-02-20 11:13:55'),
(136,'plugin.1.instance.1','attachment_max_images','3','2026-02-23 15:20:32'),
(137,'plugin.1.instance.1','attachment_max_image_bytes','2097152','2026-02-23 15:20:32');
/*!40000 ALTER TABLE `ost_config` ENABLE KEYS */;
UNLOCK TABLES;
commit;

--
-- Table structure for table `ost_content`
--

DROP TABLE IF EXISTS `ost_content`;
/*!40101 SET @saved_cs_client     = @@character_set_client */;
/*!40101 SET character_set_client = utf8mb4 */;
CREATE TABLE `ost_content` (
  `id` int(10) unsigned NOT NULL AUTO_INCREMENT,
  `isactive` tinyint(1) unsigned NOT NULL DEFAULT 0,
  `type` varchar(32) NOT NULL DEFAULT 'other',
  `name` varchar(255) NOT NULL,
  `body` text NOT NULL,
  `notes` text DEFAULT NULL,
  `created` datetime NOT NULL,
  `updated` datetime NOT NULL,
  PRIMARY KEY (`id`),
  UNIQUE KEY `name` (`name`)
) ENGINE=InnoDB AUTO_INCREMENT=14 DEFAULT CHARSET=utf8mb3 COLLATE=utf8mb3_uca1400_ai_ci;
/*!40101 SET character_set_client = @saved_cs_client */;

--
-- Dumping data for table `ost_content`
--

LOCK TABLES `ost_content` WRITE;
/*!40000 ALTER TABLE `ost_content` DISABLE KEYS */;
set autocommit=0;
INSERT INTO `ost_content` VALUES
(1,1,'landing','Landing','<h1>Welcome to the Support Center</h1> <p> In order to streamline support requests and better serve you, we utilize a support ticket system. Every support request is assigned a unique ticket number which you can use to track the progress and responses online. For your reference we provide complete archives and history of all your support requests. A valid email address is required to submit a ticket. </p>','The Landing Page refers to the content of the Customer Portal\'s initial view. The template modifies the content seen above the two links <strong>Open a New Ticket</strong> and <strong>Check Ticket Status</strong>.','2026-02-19 18:15:04','2026-02-19 18:15:04'),
(2,1,'thank-you','Thank You','<div>%{ticket.name},\n<br>\n<br>\nThank you for contacting us.\n<br>\n<br>\nA support ticket request has been created and a representative will be\ngetting back to you shortly if necessary.</p>\n<br>\n<br>\nSupport Team\n</div>','This template defines the content displayed on the Thank-You page after a\nClient submits a new ticket in the Client Portal.','2026-02-19 18:15:04','2026-02-19 18:15:04'),
(3,1,'offline','Offline','<div><h1>\n<span style=\"font-size: medium\">Support Ticket System Offline</span>\n</h1>\n<p>Thank you for your interest in contacting us.</p>\n<p>Our helpdesk is offline at the moment, please check back at a later\ntime.</p>\n</div>','The Offline Page appears in the Customer Portal when the Help Desk is offline.','2026-02-19 18:15:04','2026-02-19 18:15:04'),
(4,1,'registration-staff','Welcome to osTicket','<h3><strong>Hi %{recipient.name.first},</strong></h3> <div> We\'ve created an account for you at our help desk at %{url}.<br /> <br /> Please follow the link below to confirm your account and gain access to your tickets.<br /> <br /> <a href=\"%{link}\">%{link}</a><br /> <br /> <em style=\"font-size: small\">Your friendly Customer Support System<br /> %{company.name}</em> </div>','This template defines the initial email (optional) sent to Agents when an account is created on their behalf.','2026-02-19 18:15:04','2026-02-19 18:15:04'),
(5,1,'pwreset-staff','osTicket Staff Password Reset','<h3><strong>Hi %{staff.name.first},</strong></h3> <div> A password reset request has been submitted on your behalf for the helpdesk at %{url}.<br /> <br /> If you feel that this has been done in error, delete and disregard this email. Your account is still secure and no one has been given access to it. It is not locked and your password has not been reset. Someone could have mistakenly entered your email address.<br /> <br /> Follow the link below to login to the help desk and change your password.<br /> <br /> <a href=\"%{link}\">%{link}</a><br /> <br /> <em style=\"font-size: small\">Your friendly Customer Support System</em> <br /> <img src=\"cid:b56944cb4722cc5cda9d1e23a3ea7fbc\" alt=\"Powered by osTicket\" width=\"126\" height=\"19\" style=\"width: 126px\" /> </div>','This template defines the email sent to Staff who select the <strong>Forgot My Password</strong> link on the Staff Control Panel Log In page.','2026-02-19 18:15:04','2026-02-19 18:15:04'),
(6,1,'banner-staff','Authentication Required','','This is the initial message and banner shown on the Staff Log In page. The first input field refers to the red-formatted text that appears at the top. The latter textarea is for the banner content which should serve as a disclaimer.','2026-02-19 18:15:04','2026-02-19 18:15:04'),
(7,1,'registration-client','Welcome to %{company.name}','<h3><strong>Hi %{recipient.name.first},</strong></h3> <div> We\'ve created an account for you at our help desk at %{url}.<br /> <br /> Please follow the link below to confirm your account and gain access to your tickets.<br /> <br /> <a href=\"%{link}\">%{link}</a><br /> <br /> <em style=\"font-size: small\">Your friendly Customer Support System <br /> %{company.name}</em> </div>','This template defines the email sent to Clients when their account has been created in the Client Portal or by an Agent on their behalf. This email serves as an email address verification. Please use %{link} somewhere in the body.','2026-02-19 18:15:04','2026-02-19 18:15:04'),
(8,1,'pwreset-client','%{company.name} Help Desk Access','<h3><strong>Hi %{user.name.first},</strong></h3> <div> A password reset request has been submitted on your behalf for the helpdesk at %{url}.<br /> <br /> If you feel that this has been done in error, delete and disregard this email. Your account is still secure and no one has been given access to it. It is not locked and your password has not been reset. Someone could have mistakenly entered your email address.<br /> <br /> Follow the link below to login to the help desk and change your password.<br /> <br /> <a href=\"%{link}\">%{link}</a><br /> <br /> <em style=\"font-size: small\">Your friendly Customer Support System <br /> %{company.name}</em> </div>','This template defines the email sent to Clients who select the <strong>Forgot My Password</strong> link on the Client Log In page.','2026-02-19 18:15:04','2026-02-19 18:15:04'),
(9,1,'banner-client','Sign in to %{company.name}','To better serve you, we encourage our Clients to register for an account.','This composes the header on the Client Log In page. It can be useful to inform your Clients about your log in and registration policies.','2026-02-19 18:15:04','2026-02-19 18:15:04'),
(10,1,'registration-confirm','Account registration','<div><strong>Thanks for registering for an account.</strong><br/> <br /> We\'ve just sent you an email to the address you entered. Please follow the link in the email to confirm your account and gain access to your tickets. </div>','This templates defines the page shown to Clients after completing the registration form. The template should mention that the system is sending them an email confirmation link and what is the next step in the registration process.','2026-02-19 18:15:04','2026-02-19 18:15:04'),
(11,1,'registration-thanks','Account Confirmed!','<div> <strong>Thanks for registering for an account.</strong><br /> <br /> You\'ve confirmed your email address and successfully activated your account. You may proceed to open a new ticket or manage existing tickets.<br /> <br /> <em>Your friendly support center</em><br /> %{company.name} </div>','This template defines the content displayed after Clients successfully register by confirming their account. This page should inform the user that registration is complete and that the Client can now submit a ticket or access existing tickets.','2026-02-19 18:15:04','2026-02-19 18:15:04'),
(12,1,'access-link','Ticket [#%{ticket.number}] Access Link','<h3><strong>Hi %{recipient.name.first},</strong></h3> <div> An access link request for ticket #%{ticket.number} has been submitted on your behalf for the helpdesk at %{url}.<br /> <br /> Follow the link below to check the status of the ticket #%{ticket.number}.<br /> <br /> <a href=\"%{recipient.ticket_link}\">%{recipient.ticket_link}</a><br /> <br /> If you <strong>did not</strong> make the request, please delete and disregard this email. Your account is still secure and no one has been given access to the ticket. Someone could have mistakenly entered your email address.<br /> <br /> --<br /> %{company.name} </div>','This template defines the notification for Clients that an access link was sent to their email. The ticket number and email address trigger the access link.','2026-02-19 18:15:04','2026-02-19 18:15:04'),
(13,1,'email2fa-staff','osTicket Two Factor Authentication','<h3><strong>Hi %{staff.name.first},</strong></h3> <div> You have just logged into for the helpdesk at %{url}.<br /> <br /> Use the verification code below to finish logging into the helpdesk.<br /> <br /> %{otp}<br /> <br /> <em style=\"font-size: small\">Your friendly Customer Support System</em> <br /> <img src=\"cid:b56944cb4722cc5cda9d1e23a3ea7fbc\" alt=\"Powered by osTicket\" width=\"126\" height=\"19\" style=\"width: 126px\" /> </div>','This template defines the email sent to Staff who use Email for Two Factor Authentication','2026-02-19 18:15:04','2026-02-19 18:15:04');
/*!40000 ALTER TABLE `ost_content` ENABLE KEYS */;
UNLOCK TABLES;
commit;

--
-- Table structure for table `ost_department`
--

DROP TABLE IF EXISTS `ost_department`;
/*!40101 SET @saved_cs_client     = @@character_set_client */;
/*!40101 SET character_set_client = utf8mb4 */;
CREATE TABLE `ost_department` (
  `id` int(11) unsigned NOT NULL AUTO_INCREMENT,
  `pid` int(11) unsigned DEFAULT NULL,
  `tpl_id` int(10) unsigned NOT NULL DEFAULT 0,
  `sla_id` int(10) unsigned NOT NULL DEFAULT 0,
  `schedule_id` int(10) unsigned NOT NULL DEFAULT 0,
  `email_id` int(10) unsigned NOT NULL DEFAULT 0,
  `autoresp_email_id` int(10) unsigned NOT NULL DEFAULT 0,
  `manager_id` int(10) unsigned NOT NULL DEFAULT 0,
  `flags` int(10) unsigned NOT NULL DEFAULT 0,
  `name` varchar(128) NOT NULL DEFAULT '',
  `signature` text NOT NULL,
  `ispublic` tinyint(1) unsigned NOT NULL DEFAULT 1,
  `group_membership` tinyint(1) NOT NULL DEFAULT 0,
  `ticket_auto_response` tinyint(1) NOT NULL DEFAULT 1,
  `message_auto_response` tinyint(1) NOT NULL DEFAULT 0,
  `path` varchar(128) NOT NULL DEFAULT '/',
  `updated` datetime NOT NULL,
  `created` datetime NOT NULL,
  PRIMARY KEY (`id`),
  UNIQUE KEY `name` (`name`,`pid`),
  KEY `manager_id` (`manager_id`),
  KEY `autoresp_email_id` (`autoresp_email_id`),
  KEY `tpl_id` (`tpl_id`),
  KEY `flags` (`flags`)
) ENGINE=InnoDB AUTO_INCREMENT=4 DEFAULT CHARSET=utf8mb3 COLLATE=utf8mb3_uca1400_ai_ci;
/*!40101 SET character_set_client = @saved_cs_client */;

--
-- Dumping data for table `ost_department`
--

LOCK TABLES `ost_department` WRITE;
/*!40000 ALTER TABLE `ost_department` DISABLE KEYS */;
set autocommit=0;
INSERT INTO `ost_department` VALUES
(1,NULL,0,0,0,0,0,0,4,'Support','Support Department',1,1,1,1,'/1/','2026-02-19 18:15:03','2026-02-19 18:15:03'),
(2,NULL,0,1,0,0,0,0,4,'Sales','Sales and Customer Retention',1,1,1,1,'/2/','2026-02-19 18:15:03','2026-02-19 18:15:03'),
(3,NULL,0,0,0,0,0,0,4,'Maintenance','Maintenance Department',1,0,1,1,'/3/','2026-02-19 18:15:03','2026-02-19 18:15:03');
/*!40000 ALTER TABLE `ost_department` ENABLE KEYS */;
UNLOCK TABLES;
commit;

--
-- Table structure for table `ost_draft`
--

DROP TABLE IF EXISTS `ost_draft`;
/*!40101 SET @saved_cs_client     = @@character_set_client */;
/*!40101 SET character_set_client = utf8mb4 */;
CREATE TABLE `ost_draft` (
  `id` int(11) unsigned NOT NULL AUTO_INCREMENT,
  `staff_id` int(11) unsigned NOT NULL,
  `namespace` varchar(32) NOT NULL DEFAULT '',
  `body` text NOT NULL,
  `extra` text DEFAULT NULL,
  `created` timestamp NOT NULL DEFAULT current_timestamp(),
  `updated` timestamp NULL DEFAULT NULL,
  PRIMARY KEY (`id`),
  KEY `staff_id` (`staff_id`),
  KEY `namespace` (`namespace`)
) ENGINE=InnoDB AUTO_INCREMENT=8 DEFAULT CHARSET=utf8mb3 COLLATE=utf8mb3_uca1400_ai_ci;
/*!40101 SET character_set_client = @saved_cs_client */;

--
-- Dumping data for table `ost_draft`
--

LOCK TABLES `ost_draft` WRITE;
/*!40000 ALTER TABLE `ost_draft` DISABLE KEYS */;
set autocommit=0;
INSERT INTO `ost_draft` VALUES
(1,1,'ticket.response.2','<p>osTicket is a widely-used open source support ticket system, an</p>\n<p>attractive alternative to higher-cost and complex customer support</p>\n<p>systems - simple, lightweight, reliable, open source, web-based and easy</p>\n<p>to setup and use.</p>',NULL,'2026-02-19 22:32:44',NULL);
/*!40000 ALTER TABLE `ost_draft` ENABLE KEYS */;
UNLOCK TABLES;
commit;

--
-- Table structure for table `ost_email`
--

DROP TABLE IF EXISTS `ost_email`;
/*!40101 SET @saved_cs_client     = @@character_set_client */;
/*!40101 SET character_set_client = utf8mb4 */;
CREATE TABLE `ost_email` (
  `email_id` int(11) unsigned NOT NULL AUTO_INCREMENT,
  `noautoresp` tinyint(1) unsigned NOT NULL DEFAULT 0,
  `priority_id` int(11) unsigned NOT NULL DEFAULT 2,
  `dept_id` int(11) unsigned NOT NULL DEFAULT 0,
  `topic_id` int(11) unsigned NOT NULL DEFAULT 0,
  `email` varchar(255) NOT NULL DEFAULT '',
  `name` varchar(255) NOT NULL DEFAULT '',
  `notes` text DEFAULT NULL,
  `created` datetime NOT NULL,
  `updated` datetime NOT NULL,
  PRIMARY KEY (`email_id`),
  UNIQUE KEY `email` (`email`),
  KEY `priority_id` (`priority_id`),
  KEY `dept_id` (`dept_id`)
) ENGINE=InnoDB AUTO_INCREMENT=4 DEFAULT CHARSET=utf8mb3 COLLATE=utf8mb3_uca1400_ai_ci;
/*!40101 SET character_set_client = @saved_cs_client */;

--
-- Dumping data for table `ost_email`
--

LOCK TABLES `ost_email` WRITE;
/*!40000 ALTER TABLE `ost_email` DISABLE KEYS */;
set autocommit=0;
INSERT INTO `ost_email` VALUES
(1,0,2,1,0,'support@ki-projekt.local','Support',NULL,'2026-02-19 18:15:04','2026-02-19 18:15:04'),
(2,0,2,1,0,'alerts@ki-projekt.local','osTicket Alerts',NULL,'2026-02-19 18:15:04','2026-02-19 18:15:04'),
(3,0,2,1,0,'noreply@ki-projekt.local','',NULL,'2026-02-19 18:15:04','2026-02-19 18:15:04');
/*!40000 ALTER TABLE `ost_email` ENABLE KEYS */;
UNLOCK TABLES;
commit;

--
-- Table structure for table `ost_email_account`
--

DROP TABLE IF EXISTS `ost_email_account`;
/*!40101 SET @saved_cs_client     = @@character_set_client */;
/*!40101 SET character_set_client = utf8mb4 */;
CREATE TABLE `ost_email_account` (
  `id` int(11) unsigned NOT NULL AUTO_INCREMENT,
  `email_id` int(11) unsigned NOT NULL,
  `type` enum('mailbox','smtp') NOT NULL DEFAULT 'mailbox',
  `auth_bk` varchar(128) NOT NULL,
  `auth_id` varchar(16) DEFAULT NULL,
  `active` tinyint(1) unsigned NOT NULL DEFAULT 0,
  `host` varchar(128) NOT NULL DEFAULT '',
  `port` int(11) NOT NULL,
  `folder` varchar(255) DEFAULT NULL,
  `protocol` enum('IMAP','POP','SMTP','OTHER') NOT NULL DEFAULT 'OTHER',
  `encryption` enum('NONE','AUTO','SSL') NOT NULL DEFAULT 'AUTO',
  `fetchfreq` tinyint(3) unsigned NOT NULL DEFAULT 5,
  `fetchmax` tinyint(4) unsigned DEFAULT 30,
  `postfetch` enum('archive','delete','nothing') NOT NULL DEFAULT 'nothing',
  `archivefolder` varchar(255) DEFAULT NULL,
  `allow_spoofing` tinyint(1) unsigned DEFAULT 0,
  `num_errors` int(11) unsigned NOT NULL DEFAULT 0,
  `last_error_msg` tinytext DEFAULT NULL,
  `last_error` datetime DEFAULT NULL,
  `last_activity` datetime DEFAULT NULL,
  `created` datetime NOT NULL,
  `updated` datetime NOT NULL DEFAULT '0000-00-00 00:00:00',
  PRIMARY KEY (`id`),
  KEY `email_id` (`email_id`),
  KEY `type` (`type`)
) ENGINE=InnoDB DEFAULT CHARSET=utf8mb3 COLLATE=utf8mb3_uca1400_ai_ci;
/*!40101 SET character_set_client = @saved_cs_client */;

--
-- Dumping data for table `ost_email_account`
--

LOCK TABLES `ost_email_account` WRITE;
/*!40000 ALTER TABLE `ost_email_account` DISABLE KEYS */;
set autocommit=0;
/*!40000 ALTER TABLE `ost_email_account` ENABLE KEYS */;
UNLOCK TABLES;
commit;

--
-- Table structure for table `ost_email_template`
--

DROP TABLE IF EXISTS `ost_email_template`;
/*!40101 SET @saved_cs_client     = @@character_set_client */;
/*!40101 SET character_set_client = utf8mb4 */;
CREATE TABLE `ost_email_template` (
  `id` int(11) unsigned NOT NULL AUTO_INCREMENT,
  `tpl_id` int(11) unsigned NOT NULL,
  `code_name` varchar(32) NOT NULL,
  `subject` varchar(255) NOT NULL DEFAULT '',
  `body` text NOT NULL,
  `notes` text DEFAULT NULL,
  `created` datetime NOT NULL,
  `updated` datetime NOT NULL,
  PRIMARY KEY (`id`),
  UNIQUE KEY `template_lookup` (`tpl_id`,`code_name`)
) ENGINE=InnoDB AUTO_INCREMENT=20 DEFAULT CHARSET=utf8mb3 COLLATE=utf8mb3_uca1400_ai_ci;
/*!40101 SET character_set_client = @saved_cs_client */;

--
-- Dumping data for table `ost_email_template`
--

LOCK TABLES `ost_email_template` WRITE;
/*!40000 ALTER TABLE `ost_email_template` DISABLE KEYS */;
set autocommit=0;
INSERT INTO `ost_email_template` VALUES
(1,1,'ticket.autoresp','Support Ticket Opened [#%{ticket.number}]','<h3><strong>Dear %{recipient.name.first},</strong></h3> <p>A request for support has been created and assigned #%{ticket.number}. A representative will follow-up with you as soon as possible. You can <a href=\"%%7Brecipient.ticket_link%7D\">view this ticket\'s progress online</a>. </p> <br /> <div style=\"color:rgb(127, 127, 127)\">Your %{company.name} Team, <br /> %{signature} </div> <hr /> <div style=\"color:rgb(127, 127, 127);font-size:small\"><em>If you wish to provide additional comments or information regarding the issue, please reply to this email or <a href=\"%%7Brecipient.ticket_link%7D\"><span style=\"color:rgb(84, 141, 212)\">login to your account</span></a> for a complete archive of your support requests.</em></div>',NULL,'2026-02-19 18:15:04','2026-02-19 18:15:04'),
(2,1,'ticket.autoreply','Re: %{ticket.subject} [#%{ticket.number}]','<h3><strong>Dear %{recipient.name.first},</strong></h3> A request for support has been created and assigned ticket <a href=\"%%7Brecipient.ticket_link%7D\">#%{ticket.number}</a> with the following automatic reply <br /> <br /> Topic: <strong>%{ticket.topic.name}</strong> <br /> Subject: <strong>%{ticket.subject}</strong> <br /> <br /> %{response} <br /> <br /> <div style=\"color:rgb(127, 127, 127)\">Your %{company.name} Team,<br /> %{signature}</div> <hr /> <div style=\"color:rgb(127, 127, 127);font-size:small\"><em>We hope this response has sufficiently answered your questions. If you wish to provide additional comments or information, please reply to this email or <a href=\"%%7Brecipient.ticket_link%7D\"><span style=\"color:rgb(84, 141, 212)\">login to your account</span></a> for a complete archive of your support requests.</em></div>',NULL,'2026-02-19 18:15:04','2026-02-19 18:15:04'),
(3,1,'message.autoresp','Message Confirmation','<h3><strong>Dear %{recipient.name.first},</strong></h3> Your reply to support request <a href=\"%%7Brecipient.ticket_link%7D\">#%{ticket.number}</a> has been noted <br /> <br /> <div style=\"color:rgb(127, 127, 127)\">Your %{company.name} Team,<br /> %{signature} </div> <hr /> <div style=\"color:rgb(127, 127, 127);font-size:small;text-align:center\"><em>You can view the support request progress <a href=\"%%7Brecipient.ticket_link%7D\">online here</a></em> </div>',NULL,'2026-02-19 18:15:04','2026-02-19 18:15:04'),
(4,1,'ticket.notice','%{ticket.subject} [#%{ticket.number}]','<h3><strong>Dear %{recipient.name.first},</strong></h3> Our customer care team has created a ticket, <a href=\"%%7Brecipient.ticket_link%7D\">#%{ticket.number}</a> on your behalf, with the following details and summary: <br /> <br /> Topic: <strong>%{ticket.topic.name}</strong> <br /> Subject: <strong>%{ticket.subject}</strong> <br /> <br /> %{message} <br /> <br /> %{response} <br /> <br /> If need be, a representative will follow-up with you as soon as possible. You can also <a href=\"%%7Brecipient.ticket_link%7D\">view this ticket\'s progress online</a>. <br /> <br /> <div style=\"color:rgb(127, 127, 127)\">Your %{company.name} Team,<br /> %{signature}</div> <hr /> <div style=\"color:rgb(127, 127, 127);font-size:small\"><em>If you wish to provide additional comments or information regarding the issue, please reply to this email or <a href=\"%%7Brecipient.ticket_link%7D\"><span style=\"color:rgb(84, 141, 212)\">login to your account</span></a> for a complete archive of your support requests.</em></div>',NULL,'2026-02-19 18:15:04','2026-02-19 18:15:04'),
(5,1,'ticket.overlimit','Open Tickets Limit Reached','<h3><strong>Dear %{ticket.name.first},</strong></h3> You have reached the maximum number of open tickets allowed. To be able to open another ticket, one of your pending tickets must be closed. To update or add comments to an open ticket simply <a href=\"%%7Burl%7D/tickets.php?e=%%7Bticket.email%7D\">login to our helpdesk</a>. <br /> <br /> Thank you,<br /> Support Ticket System',NULL,'2026-02-19 18:15:04','2026-02-19 18:15:04'),
(6,1,'ticket.reply','Re: %{ticket.subject} [#%{ticket.number}]','<h3><strong>Dear %{recipient.name.first},</strong></h3> %{response} <br /> <br /> <div style=\"color:rgb(127, 127, 127)\">Your %{company.name} Team,<br /> %{signature} </div> <hr /> <div style=\"color:rgb(127, 127, 127);font-size:small;text-align:center\"><em>We hope this response has sufficiently answered your questions. If not, please do not send another email. Instead, reply to this email or <a href=\"%%7Brecipient.ticket_link%7D\" style=\"color:rgb(84, 141, 212)\">login to your account</a> for a complete archive of all your support requests and responses.</em></div>',NULL,'2026-02-19 18:15:04','2026-02-19 18:15:04'),
(7,1,'ticket.activity.notice','Re: %{ticket.subject} [#%{ticket.number}]','<h3><strong>Dear %{recipient.name.first},</strong></h3> <div><em>%{poster.name}</em> just logged a message to a ticket in which you participate. </div> <br /> %{message} <br /> <br /> <hr /> <div style=\"color:rgb(127, 127, 127);font-size:small;text-align:center\"><em>You\'re getting this email because you are a collaborator on ticket <a href=\"%%7Brecipient.ticket_link%7D\" style=\"color:rgb(84, 141, 212)\">#%{ticket.number}</a>. To participate, simply reply to this email or <a href=\"%%7Brecipient.ticket_link%7D\" style=\"color:rgb(84, 141, 212)\">click here</a> for a complete archive of the ticket thread.</em> </div>',NULL,'2026-02-19 18:15:04','2026-02-19 18:15:04'),
(8,1,'ticket.alert','New Ticket Alert','<h2>Hi %{recipient.name},</h2> New ticket #%{ticket.number} created <br /> <br /> <table><tbody><tr><td><strong>From</strong>: </td> <td>%{ticket.name} &lt;%{ticket.email}&gt; </td> </tr> <tr><td><strong>Department</strong>: </td> <td>%{ticket.dept.name} </td> </tr> </tbody> </table> <br /> %{message} <br /> <br /> <hr /> <div>To view or respond to the ticket, please <a href=\"%%7Bticket.staff_link%7D\">login</a> to the support ticket system</div> <em style=\"font-size:small\">Your friendly Customer Support System</em> <br /> <a href=\"https://osticket.com/\"><img width=\"126\" height=\"19\" style=\"width:126px\" alt=\"Powered By osTicket\" src=\"cid:b56944cb4722cc5cda9d1e23a3ea7fbc\" /></a>',NULL,'2026-02-19 18:15:04','2026-02-19 18:15:04'),
(9,1,'message.alert','New Message Alert','<h3><strong>Hi %{recipient.name},</strong></h3> New message appended to ticket <a href=\"%%7Bticket.staff_link%7D\">#%{ticket.number}</a> <br /> <br /> <table><tbody><tr><td><strong>From</strong>: </td> <td>%{poster.name} &lt;%{ticket.email}&gt; </td> </tr> <tr><td><strong>Department</strong>: </td> <td>%{ticket.dept.name} </td> </tr> </tbody> </table> <br /> %{message} <br /> <br /> <hr /> <div>To view or respond to the ticket, please <a href=\"%%7Bticket.staff_link%7D\"><span style=\"color:rgb(84, 141, 212)\">login</span></a> to the support ticket system</div> <em style=\"color:rgb(127,127,127);font-size:small\">Your friendly Customer Support System</em><br /> <img src=\"cid:b56944cb4722cc5cda9d1e23a3ea7fbc\" alt=\"Powered by osTicket\" width=\"126\" height=\"19\" style=\"width:126px\" />',NULL,'2026-02-19 18:15:04','2026-02-19 18:15:04'),
(10,1,'note.alert','New Internal Activity Alert','<h3><strong>Hi %{recipient.name},</strong></h3> An agent has logged activity on ticket <a href=\"%%7Bticket.staff_link%7D\">#%{ticket.number}</a> <br /> <br /> <table><tbody><tr><td><strong>From</strong>: </td> <td>%{note.poster} </td> </tr> <tr><td><strong>Title</strong>: </td> <td>%{note.title} </td> </tr> </tbody> </table> <br /> %{note.message} <br /> <br /> <hr /> To view/respond to the ticket, please <a href=\"%%7Bticket.staff_link%7D\">login</a> to the support ticket system <br /> <br /> <em style=\"font-size:small\">Your friendly Customer Support System</em> <br /> <img src=\"cid:b56944cb4722cc5cda9d1e23a3ea7fbc\" alt=\"Powered by osTicket\" width=\"126\" height=\"19\" style=\"width:126px\" />',NULL,'2026-02-19 18:15:04','2026-02-19 18:15:04'),
(11,1,'assigned.alert','Ticket Assigned to you','<h3><strong>Hi %{assignee.name.first},</strong></h3> Ticket <a href=\"%%7Bticket.staff_link%7D\">#%{ticket.number}</a> has been assigned to you by %{assigner.name.short} <br /> <br /> <table><tbody><tr><td><strong>From</strong>: </td> <td>%{ticket.name} &lt;%{ticket.email}&gt; </td> </tr> <tr><td><strong>Subject</strong>: </td> <td>%{ticket.subject} </td> </tr> </tbody> </table> <br /> %{comments} <br /> <br /> <hr /> <div>To view/respond to the ticket, please <a href=\"%%7Bticket.staff_link%7D\"><span style=\"color:rgb(84, 141, 212)\">login</span></a> to the support ticket system</div> <em style=\"font-size:small\">Your friendly Customer Support System</em> <br /> <img src=\"cid:b56944cb4722cc5cda9d1e23a3ea7fbc\" alt=\"Powered by osTicket\" width=\"126\" height=\"19\" style=\"width:126px\" />',NULL,'2026-02-19 18:15:04','2026-02-19 18:15:04'),
(12,1,'transfer.alert','Ticket #%{ticket.number} transfer - %{ticket.dept.name}','<h3>Hi %{recipient.name},</h3> Ticket <a href=\"%%7Bticket.staff_link%7D\">#%{ticket.number}</a> has been transferred to the %{ticket.dept.name} department by <strong>%{staff.name.short}</strong> <br /> <br /> <blockquote>%{comments} </blockquote> <hr /> <div>To view or respond to the ticket, please <a href=\"%%7Bticket.staff_link%7D\">login</a> to the support ticket system. </div> <em style=\"font-size:small\">Your friendly Customer Support System</em> <br /> <a href=\"https://osticket.com/\"><img width=\"126\" height=\"19\" alt=\"Powered By osTicket\" style=\"width:126px\" src=\"cid:b56944cb4722cc5cda9d1e23a3ea7fbc\" /></a>',NULL,'2026-02-19 18:15:04','2026-02-19 18:15:04'),
(13,1,'ticket.overdue','Stale Ticket Alert','<h3><strong>Hi %{recipient.name}</strong>,</h3> A ticket, <a href=\"%%7Bticket.staff_link%7D\">#%{ticket.number}</a> is seriously overdue. <br /> <br /> We should all work hard to guarantee that all tickets are being addressed in a timely manner. <br /> <br /> Signed,<br /> %{ticket.dept.manager.name} <hr /> <div>To view or respond to the ticket, please <a href=\"%%7Bticket.staff_link%7D\"><span style=\"color:rgb(84, 141, 212)\">login</span></a> to the support ticket system. You\'re receiving this notice because the ticket is assigned directly to you or to a team or department of which you\'re a member.</div> <em style=\"font-size:small\">Your friendly <span style=\"font-size:smaller\">(although with limited patience)</span> Customer Support System</em><br /> <img src=\"cid:b56944cb4722cc5cda9d1e23a3ea7fbc\" height=\"19\" alt=\"Powered by osTicket\" width=\"126\" style=\"width:126px\" />',NULL,'2026-02-19 18:15:04','2026-02-19 18:15:04'),
(14,1,'task.alert','New Task Alert','<h2>Hi %{recipient.name},</h2> New task <a href=\"%%7Btask.staff_link%7D\">#%{task.number}</a> created <br /> <br /> <table><tbody><tr><td><strong>Department</strong>: </td> <td>%{task.dept.name} </td> </tr> </tbody> </table> <br /> %{task.description} <br /> <br /> <hr /> <div>To view or respond to the task, please <a href=\"%%7Btask.staff_link%7D\">login</a> to the support system</div> <em style=\"font-size:small\">Your friendly Customer Support System</em> <br /> <a href=\"https://osticket.com/\"><img width=\"126\" height=\"19\" style=\"width:126px\" alt=\"Powered By osTicket\" src=\"cid:b56944cb4722cc5cda9d1e23a3ea7fbc\" /></a>',NULL,'2026-02-19 18:15:04','2026-02-19 18:15:04'),
(15,1,'task.activity.notice','Re: %{task.title} [#%{task.number}]','<h3><strong>Dear %{recipient.name.first},</strong></h3> <div><em>%{poster.name}</em> just logged a message to a task in which you participate. </div> <br /> %{message} <br /> <br /> <hr /> <div style=\"color:rgb(127, 127, 127);font-size:small;text-align:center\"><em>You\'re getting this email because you are a collaborator on task #%{task.number}. To participate, simply reply to this email.</em> </div>',NULL,'2026-02-19 18:15:04','2026-02-19 18:15:04'),
(16,1,'task.activity.alert','Task Activity [#%{task.number}] - %{activity.title}','<h3><strong>Hi %{recipient.name},</strong></h3> Task <a href=\"%%7Btask.staff_link%7D\">#%{task.number}</a> updated: %{activity.description} <br /> <br /> %{message} <br /> <br /> <hr /> <div>To view or respond to the task, please <a href=\"%%7Btask.staff_link%7D\"><span style=\"color:rgb(84, 141, 212)\">login</span></a> to the support system</div> <em style=\"color:rgb(127,127,127);font-size:small\">Your friendly Customer Support System</em><br /> <img src=\"cid:b56944cb4722cc5cda9d1e23a3ea7fbc\" alt=\"Powered by osTicket\" width=\"126\" height=\"19\" style=\"width:126px\" />',NULL,'2026-02-19 18:15:04','2026-02-19 18:15:04'),
(17,1,'task.assignment.alert','Task Assigned to you','<h3><strong>Hi %{assignee.name.first},</strong></h3> Task <a href=\"%%7Btask.staff_link%7D\">#%{task.number}</a> has been assigned to you by %{assigner.name.short} <br /> <br /> %{comments} <br /> <br /> <hr /> <div>To view/respond to the task, please <a href=\"%%7Btask.staff_link%7D\"><span style=\"color:rgb(84, 141, 212)\">login</span></a> to the support system</div> <em style=\"font-size:small\">Your friendly Customer Support System</em> <br /> <img src=\"cid:b56944cb4722cc5cda9d1e23a3ea7fbc\" alt=\"Powered by osTicket\" width=\"126\" height=\"19\" style=\"width:126px\" />',NULL,'2026-02-19 18:15:04','2026-02-19 18:15:04'),
(18,1,'task.transfer.alert','Task #%{task.number} transfer - %{task.dept.name}','<h3>Hi %{recipient.name},</h3> Task <a href=\"%%7Btask.staff_link%7D\">#%{task.number}</a> has been transferred to the %{task.dept.name} department by <strong>%{staff.name.short}</strong> <br /> <br /> <blockquote>%{comments} </blockquote> <hr /> <div>To view or respond to the task, please <a href=\"%%7Btask.staff_link%7D\">login</a> to the support system. </div> <em style=\"font-size:small\">Your friendly Customer Support System</em> <br /> <a href=\"https://osticket.com/\"><img width=\"126\" height=\"19\" alt=\"Powered By osTicket\" style=\"width:126px\" src=\"cid:b56944cb4722cc5cda9d1e23a3ea7fbc\" /></a>',NULL,'2026-02-19 18:15:04','2026-02-19 18:15:04'),
(19,1,'task.overdue.alert','Stale Task Alert','<h3><strong>Hi %{recipient.name}</strong>,</h3> A task, <a href=\"%%7Btask.staff_link%7D\">#%{task.number}</a> is seriously overdue. <br /> <br /> We should all work hard to guarantee that all tasks are being addressed in a timely manner. <br /> <br /> Signed,<br /> %{task.dept.manager.name} <hr /> <div>To view or respond to the task, please <a href=\"%%7Btask.staff_link%7D\"><span style=\"color:rgb(84, 141, 212)\">login</span></a> to the support system. You\'re receiving this notice because the task is assigned directly to you or to a team or department of which you\'re a member.</div> <em style=\"font-size:small\">Your friendly <span style=\"font-size:smaller\">(although with limited patience)</span> Customer Support System</em><br /> <img src=\"cid:b56944cb4722cc5cda9d1e23a3ea7fbc\" height=\"19\" alt=\"Powered by osTicket\" width=\"126\" style=\"width:126px\" />',NULL,'2026-02-19 18:15:04','2026-02-19 18:15:04');
/*!40000 ALTER TABLE `ost_email_template` ENABLE KEYS */;
UNLOCK TABLES;
commit;

--
-- Table structure for table `ost_email_template_group`
--

DROP TABLE IF EXISTS `ost_email_template_group`;
/*!40101 SET @saved_cs_client     = @@character_set_client */;
/*!40101 SET character_set_client = utf8mb4 */;
CREATE TABLE `ost_email_template_group` (
  `tpl_id` int(11) NOT NULL AUTO_INCREMENT,
  `isactive` tinyint(1) unsigned NOT NULL DEFAULT 0,
  `name` varchar(32) NOT NULL DEFAULT '',
  `lang` varchar(16) NOT NULL DEFAULT 'en_US',
  `notes` text DEFAULT NULL,
  `created` datetime NOT NULL,
  `updated` timestamp NOT NULL,
  PRIMARY KEY (`tpl_id`)
) ENGINE=InnoDB AUTO_INCREMENT=2 DEFAULT CHARSET=utf8mb3 COLLATE=utf8mb3_uca1400_ai_ci;
/*!40101 SET character_set_client = @saved_cs_client */;

--
-- Dumping data for table `ost_email_template_group`
--

LOCK TABLES `ost_email_template_group` WRITE;
/*!40000 ALTER TABLE `ost_email_template_group` DISABLE KEYS */;
set autocommit=0;
INSERT INTO `ost_email_template_group` VALUES
(1,1,'osTicket Default Template (HTML)','en_US','Default osTicket templates','2026-02-19 18:15:04','2026-02-19 17:15:04');
/*!40000 ALTER TABLE `ost_email_template_group` ENABLE KEYS */;
UNLOCK TABLES;
commit;

--
-- Table structure for table `ost_event`
--

DROP TABLE IF EXISTS `ost_event`;
/*!40101 SET @saved_cs_client     = @@character_set_client */;
/*!40101 SET character_set_client = utf8mb4 */;
CREATE TABLE `ost_event` (
  `id` int(10) unsigned NOT NULL AUTO_INCREMENT,
  `name` varchar(60) NOT NULL,
  `description` varchar(60) DEFAULT NULL,
  PRIMARY KEY (`id`),
  UNIQUE KEY `name` (`name`)
) ENGINE=InnoDB AUTO_INCREMENT=22 DEFAULT CHARSET=utf8mb3 COLLATE=utf8mb3_uca1400_ai_ci;
/*!40101 SET character_set_client = @saved_cs_client */;

--
-- Dumping data for table `ost_event`
--

LOCK TABLES `ost_event` WRITE;
/*!40000 ALTER TABLE `ost_event` DISABLE KEYS */;
set autocommit=0;
INSERT INTO `ost_event` VALUES
(1,'created',NULL),
(2,'closed',NULL),
(3,'reopened',NULL),
(4,'assigned',NULL),
(5,'released',NULL),
(6,'transferred',NULL),
(7,'referred',NULL),
(8,'overdue',NULL),
(9,'edited',NULL),
(10,'viewed',NULL),
(11,'error',NULL),
(12,'collab',NULL),
(13,'resent',NULL),
(14,'deleted',NULL),
(15,'merged',NULL),
(16,'unlinked',NULL),
(17,'linked',NULL),
(18,'login',NULL),
(19,'logout',NULL),
(20,'message',NULL),
(21,'note',NULL);
/*!40000 ALTER TABLE `ost_event` ENABLE KEYS */;
UNLOCK TABLES;
commit;

--
-- Table structure for table `ost_faq`
--

DROP TABLE IF EXISTS `ost_faq`;
/*!40101 SET @saved_cs_client     = @@character_set_client */;
/*!40101 SET character_set_client = utf8mb4 */;
CREATE TABLE `ost_faq` (
  `faq_id` int(10) unsigned NOT NULL AUTO_INCREMENT,
  `category_id` int(10) unsigned NOT NULL DEFAULT 0,
  `ispublished` tinyint(1) unsigned NOT NULL DEFAULT 0,
  `question` varchar(255) NOT NULL,
  `answer` text NOT NULL,
  `keywords` tinytext DEFAULT NULL,
  `notes` text DEFAULT NULL,
  `created` datetime NOT NULL,
  `updated` datetime NOT NULL,
  PRIMARY KEY (`faq_id`),
  UNIQUE KEY `question` (`question`),
  KEY `category_id` (`category_id`),
  KEY `ispublished` (`ispublished`)
) ENGINE=InnoDB AUTO_INCREMENT=373 DEFAULT CHARSET=utf8mb3 COLLATE=utf8mb3_uca1400_ai_ci;
/*!40101 SET character_set_client = @saved_cs_client */;

--
-- Dumping data for table `ost_faq`
--

LOCK TABLES `ost_faq` WRITE;
/*!40000 ALTER TABLE `ost_faq` DISABLE KEYS */;
set autocommit=0;
INSERT INTO `ost_faq` VALUES
(1,1,1,'Outlook startet nicht – Profil reparieren / neu erstellen','<p><b>Symptom:</b> Outlook öffnet sich nicht oder bleibt beim Laden hängen.</p><ol><li>Outlook schließen (auch im Task-Manager prüfen).</li><li>Systemsteuerung → <i>Mail</i> → <i>Profile anzeigen</i>.</li><li>Neues Profil anlegen und als Standard setzen.</li><li>Outlook starten, Konto erneut verbinden.</li><li>Wenn Add-ins vermutet: Outlook im abgesicherten Modus starten (outlook.exe /safe) und Add-ins deaktivieren.</li></ol><p><b>Hinweis:</b> Bei Exchange/365 werden Postfachdaten neu synchronisiert.</p>','outlook,profil,startet nicht,office','seed_osticket_kb.py','2026-02-19 18:01:40','2026-02-19 18:04:41'),
(2,2,1,'Benutzerkonto gesperrt (AD/Azure AD) – Entsperren und Ursache prüfen','<p><b>Symptom:</b> Anmeldung nicht möglich, Konto gesperrt.</p><ol><li>AD: Benutzer entsperren (ADUC) / Entra: Sign-in Logs prüfen.</li><li>Letzte Fehlversuche und Quelle identifizieren (z.B. altes Handy, gespeicherte Credentials, Outlook/Teams).</li><li>Passwort ggf. zurücksetzen und alte Anmeldedaten auf Endgeräten entfernen.</li><li>Falls wiederkehrend: betroffene Dienste (VPN, WLAN, Mail) nacheinander testen.</li></ol>','konto gesperrt,ad,azure ad,lockout','seed_osticket_kb.py','2026-02-19 18:01:40','2026-02-19 18:04:41'),
(4,4,1,'Windows Update hängt bei 0% / 100% – Standard-Reparatur','<p><b>Kurzanleitung:</b></p><ol><li>Neustart durchführen.</li><li>Genug freien Speicher prüfen (&gt;10 GB).</li><li>Windows Update Problembehandlung ausführen.</li><li>Optional: Update-Cache zurücksetzen (wuauserv/bits stoppen, SoftwareDistribution leeren, Dienste starten).</li><li>Erneut nach Updates suchen.</li></ol>','windows update,hängt,0%,100%,repair','seed_osticket_kb.py','2026-02-19 18:01:40','2026-02-19 18:04:41'),
(5,5,1,'Kein Zugriff auf Netzlaufwerk / SMB Share – Checkliste','<ol><li>VPN/Netzverbindung prüfen (Ping auf Fileserver).</li><li>DNS-Auflösung testen (nslookup).</li><li>Anmeldedaten/gespeicherte Credentials entfernen und neu verbinden.</li><li>Berechtigungen prüfen (Share + NTFS).</li><li>Falls nötig: Laufwerk trennen und neu mappen.</li></ol>','netzlaufwerk,smb,share,zugriff,berechtigung','seed_osticket_kb.py','2026-02-19 18:01:40','2026-02-19 18:04:41'),
(6,6,1,'Drucker \'Offline\' – schnelle Maßnahmen','<ol><li>Strom/Netzwerk prüfen, Testseite am Gerät.</li><li>Windows: Druckwarteschlange leeren.</li><li>Druckdienst (Spooler) neu starten.</li><li>Treiber/Port prüfen (TCP/IP, WSD vermeiden wenn möglich).</li><li>Optional: Drucker neu hinzufügen.</li></ol>','drucker,offline,spooler,treiber','seed_osticket_kb.py','2026-02-19 18:01:40','2026-02-19 18:04:41'),
(8,8,1,'VPN verbindet nicht – typische Ursachen','<ol><li>Internetverbindung testen, Uhrzeit/Datum prüfen.</li><li>2FA/MFA Status prüfen (Push/OTP).</li><li>Client-Logs prüfen (Fehlercode).</li><li>Zertifikat/Profil gültig?</li><li>Fallback: anderes Netzwerk testen (Hotspot).</li></ol>','vpn,verbindung,client,cert,2fa','seed_osticket_kb.py','2026-02-19 18:01:40','2026-02-19 18:04:41'),
(9,9,1,'Teams: Mikrofon/Kamera funktioniert nicht – Troubleshooting','<ol><li>Windows Datenschutz: Mikrofon/Kamera für Teams erlauben.</li><li>Teams Geräte-Einstellungen prüfen (richtige Ein-/Ausgabe).</li><li>Andere Apps schließen (Zoom, Browser).</li><li>Treiber/Firmware aktualisieren, Neustart.</li><li>Testanruf in Teams durchführen.</li></ol>','teams,mikrofon,kamera,audio,permissions','seed_osticket_kb.py','2026-02-19 18:01:40','2026-02-19 18:04:41'),
(10,1,1,'OneDrive synchronisiert nicht – Standardlösung','<ol><li>Statussymbol prüfen (Pause/Fehler).</li><li>Ab- und Anmelden in OneDrive.</li><li>OneDrive Reset (onedrive.exe /reset) und neu starten.</li><li>Konflikte/Dateipfade (&lt; 260 Zeichen) prüfen.</li><li>Storage-Quota prüfen.</li></ol>','onedrive,sync,cache,reset','seed_osticket_kb.py','2026-02-19 18:01:40','2026-02-19 18:04:41'),
(11,10,1,'BitLocker Wiederherstellungsschlüssel erforderlich – Vorgehen','<ol><li>Recovery Key aus Entra/AD oder Microsoft Account abrufen (je nach Setup).</li><li>Ursache prüfen: BIOS/TPM Änderung, Secure Boot, Firmware Update.</li><li>Nach erfolgreichem Boot: BitLocker Status prüfen und ggf. Schutz aus-/einschalten.</li></ol>','bitlocker,recovery key,verschlüsselung','seed_osticket_kb.py','2026-02-19 18:01:40','2026-02-19 18:04:41'),
(12,11,1,'Serverplatte voll – Sofortmaßnahmen & Prävention','<ol><li>Größte Verzeichnisse identifizieren (Logs, Temp, Dumps).</li><li>Alte Logs rotieren/komprimieren.</li><li>Windows: Datenträgerbereinigung, WinSxS prüfen.</li><li>Monitoring/Alerts konfigurieren (Thresholds).</li></ol>','disk full,server,cleanup,logs,temp','seed_osticket_kb.py','2026-02-19 18:01:40','2026-02-19 18:04:41'),
(13,12,1,'DEMO MASS - Endpoint Management: Anmeldung fehlgeschlagen - Erstdiagnose','<p><b>Symptom:</b> Anmeldung am Dienst oder Client nicht moeglich.</p><ol><li>Benutzername und UPN pruefen.</li><li>Uhrzeit und Zeitsynchronisation kontrollieren.</li><li>Netzwerkpfad und DNS-Aufloesung pruefen.</li><li>Konto-Sperre und MFA-Status kontrollieren.</li><li>Erneut anmelden und Ergebnis dokumentieren.</li></ol>','demo,login,anmeldung,auth,diagnose,demo-mass---endpoint-management','seed_osticket_kb.py','2026-02-19 18:12:08','2026-02-19 18:12:14'),
(14,12,1,'DEMO MASS - Endpoint Management: Client reagiert sehr langsam - Standardanalyse','<p><b>Symptom:</b> Anwendungen reagieren verzoegert.</p><ol><li>CPU, RAM und Datentraeger-Auslastung messen.</li><li>Autostarts und Hintergrundprozesse bewerten.</li><li>Aktuelle Updates und Treiberstand pruefen.</li><li>Temporare Dateien bereinigen.</li><li>Nach Neustart erneut benchmarken.</li></ol>','demo,performance,langsam,client,analyse,demo-mass---endpoint-management','seed_osticket_kb.py','2026-02-19 18:12:08','2026-02-19 18:12:14'),
(15,12,1,'DEMO MASS - Endpoint Management: Dienst nicht erreichbar - Verbindungscheck','<p><b>Symptom:</b> Service antwortet nicht oder Timeout.</p><ol><li>Ping/Traceroute auf Ziel pruefen.</li><li>DNS-Eintrag und Zieladresse validieren.</li><li>Firewall-Regeln und Portfreigaben kontrollieren.</li><li>Service-Status auf Zielsystem pruefen.</li><li>Connectivity-Test protokollieren.</li></ol>','demo,dienst,nicht erreichbar,netzwerk,check,demo-mass---endpoint-management','seed_osticket_kb.py','2026-02-19 18:12:08','2026-02-19 18:12:14'),
(16,12,1,'DEMO MASS - Endpoint Management: Fehler nach Update - Recovery Ablauf','<p><b>Symptom:</b> Problem trat nach einem Update auf.</p><ol><li>Zeitpunkt und Update-KB/Paket identifizieren.</li><li>Ereignisprotokolle auf Fehlermeldungen pruefen.</li><li>Betroffene Komponente isoliert testen.</li><li>Falls erforderlich Rollback gem. Change-Prozess ausfuehren.</li><li>Stabilen Zustand verifizieren und Ursache dokumentieren.</li></ol>','demo,update,fehler,recovery,rollback,demo-mass---endpoint-management','seed_osticket_kb.py','2026-02-19 18:12:08','2026-02-19 18:12:14'),
(17,13,1,'DEMO MASS - Identity Access: Anmeldung fehlgeschlagen - Erstdiagnose','<p><b>Symptom:</b> Anmeldung am Dienst oder Client nicht moeglich.</p><ol><li>Benutzername und UPN pruefen.</li><li>Uhrzeit und Zeitsynchronisation kontrollieren.</li><li>Netzwerkpfad und DNS-Aufloesung pruefen.</li><li>Konto-Sperre und MFA-Status kontrollieren.</li><li>Erneut anmelden und Ergebnis dokumentieren.</li></ol>','demo,login,anmeldung,auth,diagnose,demo-mass---identity-access','seed_osticket_kb.py','2026-02-19 18:12:08','2026-02-19 18:12:14'),
(18,13,1,'DEMO MASS - Identity Access: Client reagiert sehr langsam - Standardanalyse','<p><b>Symptom:</b> Anwendungen reagieren verzoegert.</p><ol><li>CPU, RAM und Datentraeger-Auslastung messen.</li><li>Autostarts und Hintergrundprozesse bewerten.</li><li>Aktuelle Updates und Treiberstand pruefen.</li><li>Temporare Dateien bereinigen.</li><li>Nach Neustart erneut benchmarken.</li></ol>','demo,performance,langsam,client,analyse,demo-mass---identity-access','seed_osticket_kb.py','2026-02-19 18:12:08','2026-02-19 18:12:14'),
(19,13,1,'DEMO MASS - Identity Access: Dienst nicht erreichbar - Verbindungscheck','<p><b>Symptom:</b> Service antwortet nicht oder Timeout.</p><ol><li>Ping/Traceroute auf Ziel pruefen.</li><li>DNS-Eintrag und Zieladresse validieren.</li><li>Firewall-Regeln und Portfreigaben kontrollieren.</li><li>Service-Status auf Zielsystem pruefen.</li><li>Connectivity-Test protokollieren.</li></ol>','demo,dienst,nicht erreichbar,netzwerk,check,demo-mass---identity-access','seed_osticket_kb.py','2026-02-19 18:12:08','2026-02-19 18:12:14'),
(20,13,1,'DEMO MASS - Identity Access: Fehler nach Update - Recovery Ablauf','<p><b>Symptom:</b> Problem trat nach einem Update auf.</p><ol><li>Zeitpunkt und Update-KB/Paket identifizieren.</li><li>Ereignisprotokolle auf Fehlermeldungen pruefen.</li><li>Betroffene Komponente isoliert testen.</li><li>Falls erforderlich Rollback gem. Change-Prozess ausfuehren.</li><li>Stabilen Zustand verifizieren und Ursache dokumentieren.</li></ol>','demo,update,fehler,recovery,rollback,demo-mass---identity-access','seed_osticket_kb.py','2026-02-19 18:12:08','2026-02-19 18:12:14'),
(21,14,1,'DEMO MASS - Windows Clients: Anmeldung fehlgeschlagen - Erstdiagnose','<p><b>Symptom:</b> Anmeldung am Dienst oder Client nicht moeglich.</p><ol><li>Benutzername und UPN pruefen.</li><li>Uhrzeit und Zeitsynchronisation kontrollieren.</li><li>Netzwerkpfad und DNS-Aufloesung pruefen.</li><li>Konto-Sperre und MFA-Status kontrollieren.</li><li>Erneut anmelden und Ergebnis dokumentieren.</li></ol>','demo,login,anmeldung,auth,diagnose,demo-mass---windows-clients','seed_osticket_kb.py','2026-02-19 18:12:08','2026-02-19 18:12:14'),
(22,14,1,'DEMO MASS - Windows Clients: Client reagiert sehr langsam - Standardanalyse','<p><b>Symptom:</b> Anwendungen reagieren verzoegert.</p><ol><li>CPU, RAM und Datentraeger-Auslastung messen.</li><li>Autostarts und Hintergrundprozesse bewerten.</li><li>Aktuelle Updates und Treiberstand pruefen.</li><li>Temporare Dateien bereinigen.</li><li>Nach Neustart erneut benchmarken.</li></ol>','demo,performance,langsam,client,analyse,demo-mass---windows-clients','seed_osticket_kb.py','2026-02-19 18:12:08','2026-02-19 18:12:14'),
(23,14,1,'DEMO MASS - Windows Clients: Dienst nicht erreichbar - Verbindungscheck','<p><b>Symptom:</b> Service antwortet nicht oder Timeout.</p><ol><li>Ping/Traceroute auf Ziel pruefen.</li><li>DNS-Eintrag und Zieladresse validieren.</li><li>Firewall-Regeln und Portfreigaben kontrollieren.</li><li>Service-Status auf Zielsystem pruefen.</li><li>Connectivity-Test protokollieren.</li></ol>','demo,dienst,nicht erreichbar,netzwerk,check,demo-mass---windows-clients','seed_osticket_kb.py','2026-02-19 18:12:08','2026-02-19 18:12:14'),
(24,14,1,'DEMO MASS - Windows Clients: Fehler nach Update - Recovery Ablauf','<p><b>Symptom:</b> Problem trat nach einem Update auf.</p><ol><li>Zeitpunkt und Update-KB/Paket identifizieren.</li><li>Ereignisprotokolle auf Fehlermeldungen pruefen.</li><li>Betroffene Komponente isoliert testen.</li><li>Falls erforderlich Rollback gem. Change-Prozess ausfuehren.</li><li>Stabilen Zustand verifizieren und Ursache dokumentieren.</li></ol>','demo,update,fehler,recovery,rollback,demo-mass---windows-clients','seed_osticket_kb.py','2026-02-19 18:12:08','2026-02-19 18:12:14'),
(25,15,1,'DEMO MASS - Network Operations: Anmeldung fehlgeschlagen - Erstdiagnose','<p><b>Symptom:</b> Anmeldung am Dienst oder Client nicht moeglich.</p><ol><li>Benutzername und UPN pruefen.</li><li>Uhrzeit und Zeitsynchronisation kontrollieren.</li><li>Netzwerkpfad und DNS-Aufloesung pruefen.</li><li>Konto-Sperre und MFA-Status kontrollieren.</li><li>Erneut anmelden und Ergebnis dokumentieren.</li></ol>','demo,login,anmeldung,auth,diagnose,demo-mass---network-operations','seed_osticket_kb.py','2026-02-19 18:12:08','2026-02-19 18:12:14'),
(26,15,1,'DEMO MASS - Network Operations: Client reagiert sehr langsam - Standardanalyse','<p><b>Symptom:</b> Anwendungen reagieren verzoegert.</p><ol><li>CPU, RAM und Datentraeger-Auslastung messen.</li><li>Autostarts und Hintergrundprozesse bewerten.</li><li>Aktuelle Updates und Treiberstand pruefen.</li><li>Temporare Dateien bereinigen.</li><li>Nach Neustart erneut benchmarken.</li></ol>','demo,performance,langsam,client,analyse,demo-mass---network-operations','seed_osticket_kb.py','2026-02-19 18:12:08','2026-02-19 18:12:14'),
(27,15,1,'DEMO MASS - Network Operations: Dienst nicht erreichbar - Verbindungscheck','<p><b>Symptom:</b> Service antwortet nicht oder Timeout.</p><ol><li>Ping/Traceroute auf Ziel pruefen.</li><li>DNS-Eintrag und Zieladresse validieren.</li><li>Firewall-Regeln und Portfreigaben kontrollieren.</li><li>Service-Status auf Zielsystem pruefen.</li><li>Connectivity-Test protokollieren.</li></ol>','demo,dienst,nicht erreichbar,netzwerk,check,demo-mass---network-operations','seed_osticket_kb.py','2026-02-19 18:12:08','2026-02-19 18:12:14'),
(28,15,1,'DEMO MASS - Network Operations: Fehler nach Update - Recovery Ablauf','<p><b>Symptom:</b> Problem trat nach einem Update auf.</p><ol><li>Zeitpunkt und Update-KB/Paket identifizieren.</li><li>Ereignisprotokolle auf Fehlermeldungen pruefen.</li><li>Betroffene Komponente isoliert testen.</li><li>Falls erforderlich Rollback gem. Change-Prozess ausfuehren.</li><li>Stabilen Zustand verifizieren und Ursache dokumentieren.</li></ol>','demo,update,fehler,recovery,rollback,demo-mass---network-operations','seed_osticket_kb.py','2026-02-19 18:12:08','2026-02-19 18:12:14'),
(29,16,1,'DEMO MASS - Printer Services: Anmeldung fehlgeschlagen - Erstdiagnose','<p><b>Symptom:</b> Anmeldung am Dienst oder Client nicht moeglich.</p><ol><li>Benutzername und UPN pruefen.</li><li>Uhrzeit und Zeitsynchronisation kontrollieren.</li><li>Netzwerkpfad und DNS-Aufloesung pruefen.</li><li>Konto-Sperre und MFA-Status kontrollieren.</li><li>Erneut anmelden und Ergebnis dokumentieren.</li></ol>','demo,login,anmeldung,auth,diagnose,demo-mass---printer-services','seed_osticket_kb.py','2026-02-19 18:12:08','2026-02-19 18:12:14'),
(30,16,1,'DEMO MASS - Printer Services: Client reagiert sehr langsam - Standardanalyse','<p><b>Symptom:</b> Anwendungen reagieren verzoegert.</p><ol><li>CPU, RAM und Datentraeger-Auslastung messen.</li><li>Autostarts und Hintergrundprozesse bewerten.</li><li>Aktuelle Updates und Treiberstand pruefen.</li><li>Temporare Dateien bereinigen.</li><li>Nach Neustart erneut benchmarken.</li></ol>','demo,performance,langsam,client,analyse,demo-mass---printer-services','seed_osticket_kb.py','2026-02-19 18:12:08','2026-02-19 18:12:14'),
(31,16,1,'DEMO MASS - Printer Services: Dienst nicht erreichbar - Verbindungscheck','<p><b>Symptom:</b> Service antwortet nicht oder Timeout.</p><ol><li>Ping/Traceroute auf Ziel pruefen.</li><li>DNS-Eintrag und Zieladresse validieren.</li><li>Firewall-Regeln und Portfreigaben kontrollieren.</li><li>Service-Status auf Zielsystem pruefen.</li><li>Connectivity-Test protokollieren.</li></ol>','demo,dienst,nicht erreichbar,netzwerk,check,demo-mass---printer-services','seed_osticket_kb.py','2026-02-19 18:12:08','2026-02-19 18:12:14'),
(32,16,1,'DEMO MASS - Printer Services: Fehler nach Update - Recovery Ablauf','<p><b>Symptom:</b> Problem trat nach einem Update auf.</p><ol><li>Zeitpunkt und Update-KB/Paket identifizieren.</li><li>Ereignisprotokolle auf Fehlermeldungen pruefen.</li><li>Betroffene Komponente isoliert testen.</li><li>Falls erforderlich Rollback gem. Change-Prozess ausfuehren.</li><li>Stabilen Zustand verifizieren und Ursache dokumentieren.</li></ol>','demo,update,fehler,recovery,rollback,demo-mass---printer-services','seed_osticket_kb.py','2026-02-19 18:12:08','2026-02-19 18:12:14'),
(33,17,1,'DEMO MASS - VPN Remote: Anmeldung fehlgeschlagen - Erstdiagnose','<p><b>Symptom:</b> Anmeldung am Dienst oder Client nicht moeglich.</p><ol><li>Benutzername und UPN pruefen.</li><li>Uhrzeit und Zeitsynchronisation kontrollieren.</li><li>Netzwerkpfad und DNS-Aufloesung pruefen.</li><li>Konto-Sperre und MFA-Status kontrollieren.</li><li>Erneut anmelden und Ergebnis dokumentieren.</li></ol>','demo,login,anmeldung,auth,diagnose,demo-mass---vpn-remote','seed_osticket_kb.py','2026-02-19 18:12:08','2026-02-19 18:12:14'),
(34,17,1,'DEMO MASS - VPN Remote: Client reagiert sehr langsam - Standardanalyse','<p><b>Symptom:</b> Anwendungen reagieren verzoegert.</p><ol><li>CPU, RAM und Datentraeger-Auslastung messen.</li><li>Autostarts und Hintergrundprozesse bewerten.</li><li>Aktuelle Updates und Treiberstand pruefen.</li><li>Temporare Dateien bereinigen.</li><li>Nach Neustart erneut benchmarken.</li></ol>','demo,performance,langsam,client,analyse,demo-mass---vpn-remote','seed_osticket_kb.py','2026-02-19 18:12:08','2026-02-19 18:12:14'),
(35,17,1,'DEMO MASS - VPN Remote: Dienst nicht erreichbar - Verbindungscheck','<p><b>Symptom:</b> Service antwortet nicht oder Timeout.</p><ol><li>Ping/Traceroute auf Ziel pruefen.</li><li>DNS-Eintrag und Zieladresse validieren.</li><li>Firewall-Regeln und Portfreigaben kontrollieren.</li><li>Service-Status auf Zielsystem pruefen.</li><li>Connectivity-Test protokollieren.</li></ol>','demo,dienst,nicht erreichbar,netzwerk,check,demo-mass---vpn-remote','seed_osticket_kb.py','2026-02-19 18:12:08','2026-02-19 18:12:14'),
(36,17,1,'DEMO MASS - VPN Remote: Fehler nach Update - Recovery Ablauf','<p><b>Symptom:</b> Problem trat nach einem Update auf.</p><ol><li>Zeitpunkt und Update-KB/Paket identifizieren.</li><li>Ereignisprotokolle auf Fehlermeldungen pruefen.</li><li>Betroffene Komponente isoliert testen.</li><li>Falls erforderlich Rollback gem. Change-Prozess ausfuehren.</li><li>Stabilen Zustand verifizieren und Ursache dokumentieren.</li></ol>','demo,update,fehler,recovery,rollback,demo-mass---vpn-remote','seed_osticket_kb.py','2026-02-19 18:12:08','2026-02-19 18:12:14'),
(37,18,1,'DEMO MASS - Collaboration: Anmeldung fehlgeschlagen - Erstdiagnose','<p><b>Symptom:</b> Anmeldung am Dienst oder Client nicht moeglich.</p><ol><li>Benutzername und UPN pruefen.</li><li>Uhrzeit und Zeitsynchronisation kontrollieren.</li><li>Netzwerkpfad und DNS-Aufloesung pruefen.</li><li>Konto-Sperre und MFA-Status kontrollieren.</li><li>Erneut anmelden und Ergebnis dokumentieren.</li></ol>','demo,login,anmeldung,auth,diagnose,demo-mass---collaboration','seed_osticket_kb.py','2026-02-19 18:12:08','2026-02-19 18:12:14'),
(38,18,1,'DEMO MASS - Collaboration: Client reagiert sehr langsam - Standardanalyse','<p><b>Symptom:</b> Anwendungen reagieren verzoegert.</p><ol><li>CPU, RAM und Datentraeger-Auslastung messen.</li><li>Autostarts und Hintergrundprozesse bewerten.</li><li>Aktuelle Updates und Treiberstand pruefen.</li><li>Temporare Dateien bereinigen.</li><li>Nach Neustart erneut benchmarken.</li></ol>','demo,performance,langsam,client,analyse,demo-mass---collaboration','seed_osticket_kb.py','2026-02-19 18:12:08','2026-02-19 18:12:14'),
(39,18,1,'DEMO MASS - Collaboration: Dienst nicht erreichbar - Verbindungscheck','<p><b>Symptom:</b> Service antwortet nicht oder Timeout.</p><ol><li>Ping/Traceroute auf Ziel pruefen.</li><li>DNS-Eintrag und Zieladresse validieren.</li><li>Firewall-Regeln und Portfreigaben kontrollieren.</li><li>Service-Status auf Zielsystem pruefen.</li><li>Connectivity-Test protokollieren.</li></ol>','demo,dienst,nicht erreichbar,netzwerk,check,demo-mass---collaboration','seed_osticket_kb.py','2026-02-19 18:12:08','2026-02-19 18:12:14'),
(40,18,1,'DEMO MASS - Collaboration: Fehler nach Update - Recovery Ablauf','<p><b>Symptom:</b> Problem trat nach einem Update auf.</p><ol><li>Zeitpunkt und Update-KB/Paket identifizieren.</li><li>Ereignisprotokolle auf Fehlermeldungen pruefen.</li><li>Betroffene Komponente isoliert testen.</li><li>Falls erforderlich Rollback gem. Change-Prozess ausfuehren.</li><li>Stabilen Zustand verifizieren und Ursache dokumentieren.</li></ol>','demo,update,fehler,recovery,rollback,demo-mass---collaboration','seed_osticket_kb.py','2026-02-19 18:12:08','2026-02-19 18:12:14'),
(41,19,1,'DEMO MASS - Mail Flow: Anmeldung fehlgeschlagen - Erstdiagnose','<p><b>Symptom:</b> Anmeldung am Dienst oder Client nicht moeglich.</p><ol><li>Benutzername und UPN pruefen.</li><li>Uhrzeit und Zeitsynchronisation kontrollieren.</li><li>Netzwerkpfad und DNS-Aufloesung pruefen.</li><li>Konto-Sperre und MFA-Status kontrollieren.</li><li>Erneut anmelden und Ergebnis dokumentieren.</li></ol>','demo,login,anmeldung,auth,diagnose,demo-mass---mail-flow','seed_osticket_kb.py','2026-02-19 18:12:08','2026-02-19 18:12:14'),
(42,19,1,'DEMO MASS - Mail Flow: Client reagiert sehr langsam - Standardanalyse','<p><b>Symptom:</b> Anwendungen reagieren verzoegert.</p><ol><li>CPU, RAM und Datentraeger-Auslastung messen.</li><li>Autostarts und Hintergrundprozesse bewerten.</li><li>Aktuelle Updates und Treiberstand pruefen.</li><li>Temporare Dateien bereinigen.</li><li>Nach Neustart erneut benchmarken.</li></ol>','demo,performance,langsam,client,analyse,demo-mass---mail-flow','seed_osticket_kb.py','2026-02-19 18:12:08','2026-02-19 18:12:14'),
(43,19,1,'DEMO MASS - Mail Flow: Dienst nicht erreichbar - Verbindungscheck','<p><b>Symptom:</b> Service antwortet nicht oder Timeout.</p><ol><li>Ping/Traceroute auf Ziel pruefen.</li><li>DNS-Eintrag und Zieladresse validieren.</li><li>Firewall-Regeln und Portfreigaben kontrollieren.</li><li>Service-Status auf Zielsystem pruefen.</li><li>Connectivity-Test protokollieren.</li></ol>','demo,dienst,nicht erreichbar,netzwerk,check,demo-mass---mail-flow','seed_osticket_kb.py','2026-02-19 18:12:08','2026-02-19 18:12:14'),
(44,19,1,'DEMO MASS - Mail Flow: Fehler nach Update - Recovery Ablauf','<p><b>Symptom:</b> Problem trat nach einem Update auf.</p><ol><li>Zeitpunkt und Update-KB/Paket identifizieren.</li><li>Ereignisprotokolle auf Fehlermeldungen pruefen.</li><li>Betroffene Komponente isoliert testen.</li><li>Falls erforderlich Rollback gem. Change-Prozess ausfuehren.</li><li>Stabilen Zustand verifizieren und Ursache dokumentieren.</li></ol>','demo,update,fehler,recovery,rollback,demo-mass---mail-flow','seed_osticket_kb.py','2026-02-19 18:12:08','2026-02-19 18:12:14'),
(45,20,1,'DEMO MASS - Backup Restore: Anmeldung fehlgeschlagen - Erstdiagnose','<p><b>Symptom:</b> Anmeldung am Dienst oder Client nicht moeglich.</p><ol><li>Benutzername und UPN pruefen.</li><li>Uhrzeit und Zeitsynchronisation kontrollieren.</li><li>Netzwerkpfad und DNS-Aufloesung pruefen.</li><li>Konto-Sperre und MFA-Status kontrollieren.</li><li>Erneut anmelden und Ergebnis dokumentieren.</li></ol>','demo,login,anmeldung,auth,diagnose,demo-mass---backup-restore','seed_osticket_kb.py','2026-02-19 18:12:08','2026-02-19 18:12:14'),
(46,20,1,'DEMO MASS - Backup Restore: Client reagiert sehr langsam - Standardanalyse','<p><b>Symptom:</b> Anwendungen reagieren verzoegert.</p><ol><li>CPU, RAM und Datentraeger-Auslastung messen.</li><li>Autostarts und Hintergrundprozesse bewerten.</li><li>Aktuelle Updates und Treiberstand pruefen.</li><li>Temporare Dateien bereinigen.</li><li>Nach Neustart erneut benchmarken.</li></ol>','demo,performance,langsam,client,analyse,demo-mass---backup-restore','seed_osticket_kb.py','2026-02-19 18:12:08','2026-02-19 18:12:14'),
(47,20,1,'DEMO MASS - Backup Restore: Dienst nicht erreichbar - Verbindungscheck','<p><b>Symptom:</b> Service antwortet nicht oder Timeout.</p><ol><li>Ping/Traceroute auf Ziel pruefen.</li><li>DNS-Eintrag und Zieladresse validieren.</li><li>Firewall-Regeln und Portfreigaben kontrollieren.</li><li>Service-Status auf Zielsystem pruefen.</li><li>Connectivity-Test protokollieren.</li></ol>','demo,dienst,nicht erreichbar,netzwerk,check,demo-mass---backup-restore','seed_osticket_kb.py','2026-02-19 18:12:08','2026-02-19 18:12:14'),
(48,20,1,'DEMO MASS - Backup Restore: Fehler nach Update - Recovery Ablauf','<p><b>Symptom:</b> Problem trat nach einem Update auf.</p><ol><li>Zeitpunkt und Update-KB/Paket identifizieren.</li><li>Ereignisprotokolle auf Fehlermeldungen pruefen.</li><li>Betroffene Komponente isoliert testen.</li><li>Falls erforderlich Rollback gem. Change-Prozess ausfuehren.</li><li>Stabilen Zustand verifizieren und Ursache dokumentieren.</li></ol>','demo,update,fehler,recovery,rollback,demo-mass---backup-restore','seed_osticket_kb.py','2026-02-19 18:12:08','2026-02-19 18:12:14'),
(49,21,1,'DEMO MASS - Server Storage: Anmeldung fehlgeschlagen - Erstdiagnose','<p><b>Symptom:</b> Anmeldung am Dienst oder Client nicht moeglich.</p><ol><li>Benutzername und UPN pruefen.</li><li>Uhrzeit und Zeitsynchronisation kontrollieren.</li><li>Netzwerkpfad und DNS-Aufloesung pruefen.</li><li>Konto-Sperre und MFA-Status kontrollieren.</li><li>Erneut anmelden und Ergebnis dokumentieren.</li></ol>','demo,login,anmeldung,auth,diagnose,demo-mass---server-storage','seed_osticket_kb.py','2026-02-19 18:12:08','2026-02-19 18:12:14'),
(50,21,1,'DEMO MASS - Server Storage: Client reagiert sehr langsam - Standardanalyse','<p><b>Symptom:</b> Anwendungen reagieren verzoegert.</p><ol><li>CPU, RAM und Datentraeger-Auslastung messen.</li><li>Autostarts und Hintergrundprozesse bewerten.</li><li>Aktuelle Updates und Treiberstand pruefen.</li><li>Temporare Dateien bereinigen.</li><li>Nach Neustart erneut benchmarken.</li></ol>','demo,performance,langsam,client,analyse,demo-mass---server-storage','seed_osticket_kb.py','2026-02-19 18:12:08','2026-02-19 18:12:14'),
(51,21,1,'DEMO MASS - Server Storage: Dienst nicht erreichbar - Verbindungscheck','<p><b>Symptom:</b> Service antwortet nicht oder Timeout.</p><ol><li>Ping/Traceroute auf Ziel pruefen.</li><li>DNS-Eintrag und Zieladresse validieren.</li><li>Firewall-Regeln und Portfreigaben kontrollieren.</li><li>Service-Status auf Zielsystem pruefen.</li><li>Connectivity-Test protokollieren.</li></ol>','demo,dienst,nicht erreichbar,netzwerk,check,demo-mass---server-storage','seed_osticket_kb.py','2026-02-19 18:12:08','2026-02-19 18:12:14'),
(52,21,1,'DEMO MASS - Server Storage: Fehler nach Update - Recovery Ablauf','<p><b>Symptom:</b> Problem trat nach einem Update auf.</p><ol><li>Zeitpunkt und Update-KB/Paket identifizieren.</li><li>Ereignisprotokolle auf Fehlermeldungen pruefen.</li><li>Betroffene Komponente isoliert testen.</li><li>Falls erforderlich Rollback gem. Change-Prozess ausfuehren.</li><li>Stabilen Zustand verifizieren und Ursache dokumentieren.</li></ol>','demo,update,fehler,recovery,rollback,demo-mass---server-storage','seed_osticket_kb.py','2026-02-19 18:12:08','2026-02-19 18:12:14'),
(53,22,1,'DEMO MASS - Virtualization: Anmeldung fehlgeschlagen - Erstdiagnose','<p><b>Symptom:</b> Anmeldung am Dienst oder Client nicht moeglich.</p><ol><li>Benutzername und UPN pruefen.</li><li>Uhrzeit und Zeitsynchronisation kontrollieren.</li><li>Netzwerkpfad und DNS-Aufloesung pruefen.</li><li>Konto-Sperre und MFA-Status kontrollieren.</li><li>Erneut anmelden und Ergebnis dokumentieren.</li></ol>','demo,login,anmeldung,auth,diagnose,demo-mass---virtualization','seed_osticket_kb.py','2026-02-19 18:12:08','2026-02-19 18:12:14'),
(54,22,1,'DEMO MASS - Virtualization: Client reagiert sehr langsam - Standardanalyse','<p><b>Symptom:</b> Anwendungen reagieren verzoegert.</p><ol><li>CPU, RAM und Datentraeger-Auslastung messen.</li><li>Autostarts und Hintergrundprozesse bewerten.</li><li>Aktuelle Updates und Treiberstand pruefen.</li><li>Temporare Dateien bereinigen.</li><li>Nach Neustart erneut benchmarken.</li></ol>','demo,performance,langsam,client,analyse,demo-mass---virtualization','seed_osticket_kb.py','2026-02-19 18:12:08','2026-02-19 18:12:14'),
(55,22,1,'DEMO MASS - Virtualization: Dienst nicht erreichbar - Verbindungscheck','<p><b>Symptom:</b> Service antwortet nicht oder Timeout.</p><ol><li>Ping/Traceroute auf Ziel pruefen.</li><li>DNS-Eintrag und Zieladresse validieren.</li><li>Firewall-Regeln und Portfreigaben kontrollieren.</li><li>Service-Status auf Zielsystem pruefen.</li><li>Connectivity-Test protokollieren.</li></ol>','demo,dienst,nicht erreichbar,netzwerk,check,demo-mass---virtualization','seed_osticket_kb.py','2026-02-19 18:12:08','2026-02-19 18:12:14'),
(56,22,1,'DEMO MASS - Virtualization: Fehler nach Update - Recovery Ablauf','<p><b>Symptom:</b> Problem trat nach einem Update auf.</p><ol><li>Zeitpunkt und Update-KB/Paket identifizieren.</li><li>Ereignisprotokolle auf Fehlermeldungen pruefen.</li><li>Betroffene Komponente isoliert testen.</li><li>Falls erforderlich Rollback gem. Change-Prozess ausfuehren.</li><li>Stabilen Zustand verifizieren und Ursache dokumentieren.</li></ol>','demo,update,fehler,recovery,rollback,demo-mass---virtualization','seed_osticket_kb.py','2026-02-19 18:12:08','2026-02-19 18:12:14'),
(57,23,1,'DEMO MASS - DNS DHCP: Anmeldung fehlgeschlagen - Erstdiagnose','<p><b>Symptom:</b> Anmeldung am Dienst oder Client nicht moeglich.</p><ol><li>Benutzername und UPN pruefen.</li><li>Uhrzeit und Zeitsynchronisation kontrollieren.</li><li>Netzwerkpfad und DNS-Aufloesung pruefen.</li><li>Konto-Sperre und MFA-Status kontrollieren.</li><li>Erneut anmelden und Ergebnis dokumentieren.</li></ol>','demo,login,anmeldung,auth,diagnose,demo-mass---dns-dhcp','seed_osticket_kb.py','2026-02-19 18:12:08','2026-02-19 18:12:14'),
(58,23,1,'DEMO MASS - DNS DHCP: Client reagiert sehr langsam - Standardanalyse','<p><b>Symptom:</b> Anwendungen reagieren verzoegert.</p><ol><li>CPU, RAM und Datentraeger-Auslastung messen.</li><li>Autostarts und Hintergrundprozesse bewerten.</li><li>Aktuelle Updates und Treiberstand pruefen.</li><li>Temporare Dateien bereinigen.</li><li>Nach Neustart erneut benchmarken.</li></ol>','demo,performance,langsam,client,analyse,demo-mass---dns-dhcp','seed_osticket_kb.py','2026-02-19 18:12:08','2026-02-19 18:12:14'),
(59,23,1,'DEMO MASS - DNS DHCP: Dienst nicht erreichbar - Verbindungscheck','<p><b>Symptom:</b> Service antwortet nicht oder Timeout.</p><ol><li>Ping/Traceroute auf Ziel pruefen.</li><li>DNS-Eintrag und Zieladresse validieren.</li><li>Firewall-Regeln und Portfreigaben kontrollieren.</li><li>Service-Status auf Zielsystem pruefen.</li><li>Connectivity-Test protokollieren.</li></ol>','demo,dienst,nicht erreichbar,netzwerk,check,demo-mass---dns-dhcp','seed_osticket_kb.py','2026-02-19 18:12:08','2026-02-19 18:12:14'),
(60,23,1,'DEMO MASS - DNS DHCP: Fehler nach Update - Recovery Ablauf','<p><b>Symptom:</b> Problem trat nach einem Update auf.</p><ol><li>Zeitpunkt und Update-KB/Paket identifizieren.</li><li>Ereignisprotokolle auf Fehlermeldungen pruefen.</li><li>Betroffene Komponente isoliert testen.</li><li>Falls erforderlich Rollback gem. Change-Prozess ausfuehren.</li><li>Stabilen Zustand verifizieren und Ursache dokumentieren.</li></ol>','demo,update,fehler,recovery,rollback,demo-mass---dns-dhcp','seed_osticket_kb.py','2026-02-19 18:12:08','2026-02-19 18:12:14'),
(61,24,1,'DEMO MASS - WiFi NAC: Anmeldung fehlgeschlagen - Erstdiagnose','<p><b>Symptom:</b> Anmeldung am Dienst oder Client nicht moeglich.</p><ol><li>Benutzername und UPN pruefen.</li><li>Uhrzeit und Zeitsynchronisation kontrollieren.</li><li>Netzwerkpfad und DNS-Aufloesung pruefen.</li><li>Konto-Sperre und MFA-Status kontrollieren.</li><li>Erneut anmelden und Ergebnis dokumentieren.</li></ol>','demo,login,anmeldung,auth,diagnose,demo-mass---wifi-nac','seed_osticket_kb.py','2026-02-19 18:12:08','2026-02-19 18:12:14'),
(62,24,1,'DEMO MASS - WiFi NAC: Client reagiert sehr langsam - Standardanalyse','<p><b>Symptom:</b> Anwendungen reagieren verzoegert.</p><ol><li>CPU, RAM und Datentraeger-Auslastung messen.</li><li>Autostarts und Hintergrundprozesse bewerten.</li><li>Aktuelle Updates und Treiberstand pruefen.</li><li>Temporare Dateien bereinigen.</li><li>Nach Neustart erneut benchmarken.</li></ol>','demo,performance,langsam,client,analyse,demo-mass---wifi-nac','seed_osticket_kb.py','2026-02-19 18:12:08','2026-02-19 18:12:14'),
(63,24,1,'DEMO MASS - WiFi NAC: Dienst nicht erreichbar - Verbindungscheck','<p><b>Symptom:</b> Service antwortet nicht oder Timeout.</p><ol><li>Ping/Traceroute auf Ziel pruefen.</li><li>DNS-Eintrag und Zieladresse validieren.</li><li>Firewall-Regeln und Portfreigaben kontrollieren.</li><li>Service-Status auf Zielsystem pruefen.</li><li>Connectivity-Test protokollieren.</li></ol>','demo,dienst,nicht erreichbar,netzwerk,check,demo-mass---wifi-nac','seed_osticket_kb.py','2026-02-19 18:12:08','2026-02-19 18:12:14'),
(64,24,1,'DEMO MASS - WiFi NAC: Fehler nach Update - Recovery Ablauf','<p><b>Symptom:</b> Problem trat nach einem Update auf.</p><ol><li>Zeitpunkt und Update-KB/Paket identifizieren.</li><li>Ereignisprotokolle auf Fehlermeldungen pruefen.</li><li>Betroffene Komponente isoliert testen.</li><li>Falls erforderlich Rollback gem. Change-Prozess ausfuehren.</li><li>Stabilen Zustand verifizieren und Ursache dokumentieren.</li></ol>','demo,update,fehler,recovery,rollback,demo-mass---wifi-nac','seed_osticket_kb.py','2026-02-19 18:12:08','2026-02-19 18:12:14'),
(65,25,1,'DEMO MASS - Security Endpoint: Anmeldung fehlgeschlagen - Erstdiagnose','<p><b>Symptom:</b> Anmeldung am Dienst oder Client nicht moeglich.</p><ol><li>Benutzername und UPN pruefen.</li><li>Uhrzeit und Zeitsynchronisation kontrollieren.</li><li>Netzwerkpfad und DNS-Aufloesung pruefen.</li><li>Konto-Sperre und MFA-Status kontrollieren.</li><li>Erneut anmelden und Ergebnis dokumentieren.</li></ol>','demo,login,anmeldung,auth,diagnose,demo-mass---security-endpoint','seed_osticket_kb.py','2026-02-19 18:12:08','2026-02-19 18:12:14'),
(66,25,1,'DEMO MASS - Security Endpoint: Client reagiert sehr langsam - Standardanalyse','<p><b>Symptom:</b> Anwendungen reagieren verzoegert.</p><ol><li>CPU, RAM und Datentraeger-Auslastung messen.</li><li>Autostarts und Hintergrundprozesse bewerten.</li><li>Aktuelle Updates und Treiberstand pruefen.</li><li>Temporare Dateien bereinigen.</li><li>Nach Neustart erneut benchmarken.</li></ol>','demo,performance,langsam,client,analyse,demo-mass---security-endpoint','seed_osticket_kb.py','2026-02-19 18:12:08','2026-02-19 18:12:14'),
(67,25,1,'DEMO MASS - Security Endpoint: Dienst nicht erreichbar - Verbindungscheck','<p><b>Symptom:</b> Service antwortet nicht oder Timeout.</p><ol><li>Ping/Traceroute auf Ziel pruefen.</li><li>DNS-Eintrag und Zieladresse validieren.</li><li>Firewall-Regeln und Portfreigaben kontrollieren.</li><li>Service-Status auf Zielsystem pruefen.</li><li>Connectivity-Test protokollieren.</li></ol>','demo,dienst,nicht erreichbar,netzwerk,check,demo-mass---security-endpoint','seed_osticket_kb.py','2026-02-19 18:12:08','2026-02-19 18:12:14'),
(68,25,1,'DEMO MASS - Security Endpoint: Fehler nach Update - Recovery Ablauf','<p><b>Symptom:</b> Problem trat nach einem Update auf.</p><ol><li>Zeitpunkt und Update-KB/Paket identifizieren.</li><li>Ereignisprotokolle auf Fehlermeldungen pruefen.</li><li>Betroffene Komponente isoliert testen.</li><li>Falls erforderlich Rollback gem. Change-Prozess ausfuehren.</li><li>Stabilen Zustand verifizieren und Ursache dokumentieren.</li></ol>','demo,update,fehler,recovery,rollback,demo-mass---security-endpoint','seed_osticket_kb.py','2026-02-19 18:12:08','2026-02-19 18:12:14'),
(69,26,1,'DEMO MASS - Patch Management: Anmeldung fehlgeschlagen - Erstdiagnose','<p><b>Symptom:</b> Anmeldung am Dienst oder Client nicht moeglich.</p><ol><li>Benutzername und UPN pruefen.</li><li>Uhrzeit und Zeitsynchronisation kontrollieren.</li><li>Netzwerkpfad und DNS-Aufloesung pruefen.</li><li>Konto-Sperre und MFA-Status kontrollieren.</li><li>Erneut anmelden und Ergebnis dokumentieren.</li></ol>','demo,login,anmeldung,auth,diagnose,demo-mass---patch-management','seed_osticket_kb.py','2026-02-19 18:12:08','2026-02-19 18:12:14'),
(70,26,1,'DEMO MASS - Patch Management: Client reagiert sehr langsam - Standardanalyse','<p><b>Symptom:</b> Anwendungen reagieren verzoegert.</p><ol><li>CPU, RAM und Datentraeger-Auslastung messen.</li><li>Autostarts und Hintergrundprozesse bewerten.</li><li>Aktuelle Updates und Treiberstand pruefen.</li><li>Temporare Dateien bereinigen.</li><li>Nach Neustart erneut benchmarken.</li></ol>','demo,performance,langsam,client,analyse,demo-mass---patch-management','seed_osticket_kb.py','2026-02-19 18:12:08','2026-02-19 18:12:14'),
(71,26,1,'DEMO MASS - Patch Management: Dienst nicht erreichbar - Verbindungscheck','<p><b>Symptom:</b> Service antwortet nicht oder Timeout.</p><ol><li>Ping/Traceroute auf Ziel pruefen.</li><li>DNS-Eintrag und Zieladresse validieren.</li><li>Firewall-Regeln und Portfreigaben kontrollieren.</li><li>Service-Status auf Zielsystem pruefen.</li><li>Connectivity-Test protokollieren.</li></ol>','demo,dienst,nicht erreichbar,netzwerk,check,demo-mass---patch-management','seed_osticket_kb.py','2026-02-19 18:12:08','2026-02-19 18:12:14'),
(72,26,1,'DEMO MASS - Patch Management: Fehler nach Update - Recovery Ablauf','<p><b>Symptom:</b> Problem trat nach einem Update auf.</p><ol><li>Zeitpunkt und Update-KB/Paket identifizieren.</li><li>Ereignisprotokolle auf Fehlermeldungen pruefen.</li><li>Betroffene Komponente isoliert testen.</li><li>Falls erforderlich Rollback gem. Change-Prozess ausfuehren.</li><li>Stabilen Zustand verifizieren und Ursache dokumentieren.</li></ol>','demo,update,fehler,recovery,rollback,demo-mass---patch-management','seed_osticket_kb.py','2026-02-19 18:12:08','2026-02-19 18:12:14'),
(73,27,1,'DEMO MASS - Monitoring Alerts: Anmeldung fehlgeschlagen - Erstdiagnose','<p><b>Symptom:</b> Anmeldung am Dienst oder Client nicht moeglich.</p><ol><li>Benutzername und UPN pruefen.</li><li>Uhrzeit und Zeitsynchronisation kontrollieren.</li><li>Netzwerkpfad und DNS-Aufloesung pruefen.</li><li>Konto-Sperre und MFA-Status kontrollieren.</li><li>Erneut anmelden und Ergebnis dokumentieren.</li></ol>','demo,login,anmeldung,auth,diagnose,demo-mass---monitoring-alerts','seed_osticket_kb.py','2026-02-19 18:12:08','2026-02-19 18:12:14'),
(74,27,1,'DEMO MASS - Monitoring Alerts: Client reagiert sehr langsam - Standardanalyse','<p><b>Symptom:</b> Anwendungen reagieren verzoegert.</p><ol><li>CPU, RAM und Datentraeger-Auslastung messen.</li><li>Autostarts und Hintergrundprozesse bewerten.</li><li>Aktuelle Updates und Treiberstand pruefen.</li><li>Temporare Dateien bereinigen.</li><li>Nach Neustart erneut benchmarken.</li></ol>','demo,performance,langsam,client,analyse,demo-mass---monitoring-alerts','seed_osticket_kb.py','2026-02-19 18:12:08','2026-02-19 18:12:14'),
(75,27,1,'DEMO MASS - Monitoring Alerts: Dienst nicht erreichbar - Verbindungscheck','<p><b>Symptom:</b> Service antwortet nicht oder Timeout.</p><ol><li>Ping/Traceroute auf Ziel pruefen.</li><li>DNS-Eintrag und Zieladresse validieren.</li><li>Firewall-Regeln und Portfreigaben kontrollieren.</li><li>Service-Status auf Zielsystem pruefen.</li><li>Connectivity-Test protokollieren.</li></ol>','demo,dienst,nicht erreichbar,netzwerk,check,demo-mass---monitoring-alerts','seed_osticket_kb.py','2026-02-19 18:12:08','2026-02-19 18:12:14'),
(76,27,1,'DEMO MASS - Monitoring Alerts: Fehler nach Update - Recovery Ablauf','<p><b>Symptom:</b> Problem trat nach einem Update auf.</p><ol><li>Zeitpunkt und Update-KB/Paket identifizieren.</li><li>Ereignisprotokolle auf Fehlermeldungen pruefen.</li><li>Betroffene Komponente isoliert testen.</li><li>Falls erforderlich Rollback gem. Change-Prozess ausfuehren.</li><li>Stabilen Zustand verifizieren und Ursache dokumentieren.</li></ol>','demo,update,fehler,recovery,rollback,demo-mass---monitoring-alerts','seed_osticket_kb.py','2026-02-19 18:12:08','2026-02-19 18:12:14'),
(77,28,1,'DEMO MASS - Browser Webapps: Anmeldung fehlgeschlagen - Erstdiagnose','<p><b>Symptom:</b> Anmeldung am Dienst oder Client nicht moeglich.</p><ol><li>Benutzername und UPN pruefen.</li><li>Uhrzeit und Zeitsynchronisation kontrollieren.</li><li>Netzwerkpfad und DNS-Aufloesung pruefen.</li><li>Konto-Sperre und MFA-Status kontrollieren.</li><li>Erneut anmelden und Ergebnis dokumentieren.</li></ol>','demo,login,anmeldung,auth,diagnose,demo-mass---browser-webapps','seed_osticket_kb.py','2026-02-19 18:12:08','2026-02-19 18:12:14'),
(78,28,1,'DEMO MASS - Browser Webapps: Client reagiert sehr langsam - Standardanalyse','<p><b>Symptom:</b> Anwendungen reagieren verzoegert.</p><ol><li>CPU, RAM und Datentraeger-Auslastung messen.</li><li>Autostarts und Hintergrundprozesse bewerten.</li><li>Aktuelle Updates und Treiberstand pruefen.</li><li>Temporare Dateien bereinigen.</li><li>Nach Neustart erneut benchmarken.</li></ol>','demo,performance,langsam,client,analyse,demo-mass---browser-webapps','seed_osticket_kb.py','2026-02-19 18:12:08','2026-02-19 18:12:14'),
(79,28,1,'DEMO MASS - Browser Webapps: Dienst nicht erreichbar - Verbindungscheck','<p><b>Symptom:</b> Service antwortet nicht oder Timeout.</p><ol><li>Ping/Traceroute auf Ziel pruefen.</li><li>DNS-Eintrag und Zieladresse validieren.</li><li>Firewall-Regeln und Portfreigaben kontrollieren.</li><li>Service-Status auf Zielsystem pruefen.</li><li>Connectivity-Test protokollieren.</li></ol>','demo,dienst,nicht erreichbar,netzwerk,check,demo-mass---browser-webapps','seed_osticket_kb.py','2026-02-19 18:12:08','2026-02-19 18:12:14'),
(80,28,1,'DEMO MASS - Browser Webapps: Fehler nach Update - Recovery Ablauf','<p><b>Symptom:</b> Problem trat nach einem Update auf.</p><ol><li>Zeitpunkt und Update-KB/Paket identifizieren.</li><li>Ereignisprotokolle auf Fehlermeldungen pruefen.</li><li>Betroffene Komponente isoliert testen.</li><li>Falls erforderlich Rollback gem. Change-Prozess ausfuehren.</li><li>Stabilen Zustand verifizieren und Ursache dokumentieren.</li></ol>','demo,update,fehler,recovery,rollback,demo-mass---browser-webapps','seed_osticket_kb.py','2026-02-19 18:12:08','2026-02-19 18:12:14'),
(81,29,1,'DEMO MASS - Mobile Device: Anmeldung fehlgeschlagen - Erstdiagnose','<p><b>Symptom:</b> Anmeldung am Dienst oder Client nicht moeglich.</p><ol><li>Benutzername und UPN pruefen.</li><li>Uhrzeit und Zeitsynchronisation kontrollieren.</li><li>Netzwerkpfad und DNS-Aufloesung pruefen.</li><li>Konto-Sperre und MFA-Status kontrollieren.</li><li>Erneut anmelden und Ergebnis dokumentieren.</li></ol>','demo,login,anmeldung,auth,diagnose,demo-mass---mobile-device','seed_osticket_kb.py','2026-02-19 18:12:08','2026-02-19 18:12:14'),
(82,29,1,'DEMO MASS - Mobile Device: Client reagiert sehr langsam - Standardanalyse','<p><b>Symptom:</b> Anwendungen reagieren verzoegert.</p><ol><li>CPU, RAM und Datentraeger-Auslastung messen.</li><li>Autostarts und Hintergrundprozesse bewerten.</li><li>Aktuelle Updates und Treiberstand pruefen.</li><li>Temporare Dateien bereinigen.</li><li>Nach Neustart erneut benchmarken.</li></ol>','demo,performance,langsam,client,analyse,demo-mass---mobile-device','seed_osticket_kb.py','2026-02-19 18:12:08','2026-02-19 18:12:14'),
(83,29,1,'DEMO MASS - Mobile Device: Dienst nicht erreichbar - Verbindungscheck','<p><b>Symptom:</b> Service antwortet nicht oder Timeout.</p><ol><li>Ping/Traceroute auf Ziel pruefen.</li><li>DNS-Eintrag und Zieladresse validieren.</li><li>Firewall-Regeln und Portfreigaben kontrollieren.</li><li>Service-Status auf Zielsystem pruefen.</li><li>Connectivity-Test protokollieren.</li></ol>','demo,dienst,nicht erreichbar,netzwerk,check,demo-mass---mobile-device','seed_osticket_kb.py','2026-02-19 18:12:08','2026-02-19 18:12:14'),
(84,29,1,'DEMO MASS - Mobile Device: Fehler nach Update - Recovery Ablauf','<p><b>Symptom:</b> Problem trat nach einem Update auf.</p><ol><li>Zeitpunkt und Update-KB/Paket identifizieren.</li><li>Ereignisprotokolle auf Fehlermeldungen pruefen.</li><li>Betroffene Komponente isoliert testen.</li><li>Falls erforderlich Rollback gem. Change-Prozess ausfuehren.</li><li>Stabilen Zustand verifizieren und Ursache dokumentieren.</li></ol>','demo,update,fehler,recovery,rollback,demo-mass---mobile-device','seed_osticket_kb.py','2026-02-19 18:12:08','2026-02-19 18:12:14'),
(85,30,1,'DEMO MASS - Certificates PKI: Anmeldung fehlgeschlagen - Erstdiagnose','<p><b>Symptom:</b> Anmeldung am Dienst oder Client nicht moeglich.</p><ol><li>Benutzername und UPN pruefen.</li><li>Uhrzeit und Zeitsynchronisation kontrollieren.</li><li>Netzwerkpfad und DNS-Aufloesung pruefen.</li><li>Konto-Sperre und MFA-Status kontrollieren.</li><li>Erneut anmelden und Ergebnis dokumentieren.</li></ol>','demo,login,anmeldung,auth,diagnose,demo-mass---certificates-pki','seed_osticket_kb.py','2026-02-19 18:12:08','2026-02-19 18:12:14'),
(86,30,1,'DEMO MASS - Certificates PKI: Client reagiert sehr langsam - Standardanalyse','<p><b>Symptom:</b> Anwendungen reagieren verzoegert.</p><ol><li>CPU, RAM und Datentraeger-Auslastung messen.</li><li>Autostarts und Hintergrundprozesse bewerten.</li><li>Aktuelle Updates und Treiberstand pruefen.</li><li>Temporare Dateien bereinigen.</li><li>Nach Neustart erneut benchmarken.</li></ol>','demo,performance,langsam,client,analyse,demo-mass---certificates-pki','seed_osticket_kb.py','2026-02-19 18:12:08','2026-02-19 18:12:14'),
(87,30,1,'DEMO MASS - Certificates PKI: Dienst nicht erreichbar - Verbindungscheck','<p><b>Symptom:</b> Service antwortet nicht oder Timeout.</p><ol><li>Ping/Traceroute auf Ziel pruefen.</li><li>DNS-Eintrag und Zieladresse validieren.</li><li>Firewall-Regeln und Portfreigaben kontrollieren.</li><li>Service-Status auf Zielsystem pruefen.</li><li>Connectivity-Test protokollieren.</li></ol>','demo,dienst,nicht erreichbar,netzwerk,check,demo-mass---certificates-pki','seed_osticket_kb.py','2026-02-19 18:12:08','2026-02-19 18:12:14'),
(88,30,1,'DEMO MASS - Certificates PKI: Fehler nach Update - Recovery Ablauf','<p><b>Symptom:</b> Problem trat nach einem Update auf.</p><ol><li>Zeitpunkt und Update-KB/Paket identifizieren.</li><li>Ereignisprotokolle auf Fehlermeldungen pruefen.</li><li>Betroffene Komponente isoliert testen.</li><li>Falls erforderlich Rollback gem. Change-Prozess ausfuehren.</li><li>Stabilen Zustand verifizieren und Ursache dokumentieren.</li></ol>','demo,update,fehler,recovery,rollback,demo-mass---certificates-pki','seed_osticket_kb.py','2026-02-19 18:12:08','2026-02-19 18:12:14'),
(89,31,1,'DEMO MASS - File Services: Anmeldung fehlgeschlagen - Erstdiagnose','<p><b>Symptom:</b> Anmeldung am Dienst oder Client nicht moeglich.</p><ol><li>Benutzername und UPN pruefen.</li><li>Uhrzeit und Zeitsynchronisation kontrollieren.</li><li>Netzwerkpfad und DNS-Aufloesung pruefen.</li><li>Konto-Sperre und MFA-Status kontrollieren.</li><li>Erneut anmelden und Ergebnis dokumentieren.</li></ol>','demo,login,anmeldung,auth,diagnose,demo-mass---file-services','seed_osticket_kb.py','2026-02-19 18:12:08','2026-02-19 18:12:14'),
(90,31,1,'DEMO MASS - File Services: Client reagiert sehr langsam - Standardanalyse','<p><b>Symptom:</b> Anwendungen reagieren verzoegert.</p><ol><li>CPU, RAM und Datentraeger-Auslastung messen.</li><li>Autostarts und Hintergrundprozesse bewerten.</li><li>Aktuelle Updates und Treiberstand pruefen.</li><li>Temporare Dateien bereinigen.</li><li>Nach Neustart erneut benchmarken.</li></ol>','demo,performance,langsam,client,analyse,demo-mass---file-services','seed_osticket_kb.py','2026-02-19 18:12:08','2026-02-19 18:12:14'),
(91,31,1,'DEMO MASS - File Services: Dienst nicht erreichbar - Verbindungscheck','<p><b>Symptom:</b> Service antwortet nicht oder Timeout.</p><ol><li>Ping/Traceroute auf Ziel pruefen.</li><li>DNS-Eintrag und Zieladresse validieren.</li><li>Firewall-Regeln und Portfreigaben kontrollieren.</li><li>Service-Status auf Zielsystem pruefen.</li><li>Connectivity-Test protokollieren.</li></ol>','demo,dienst,nicht erreichbar,netzwerk,check,demo-mass---file-services','seed_osticket_kb.py','2026-02-19 18:12:08','2026-02-19 18:12:14'),
(92,31,1,'DEMO MASS - File Services: Fehler nach Update - Recovery Ablauf','<p><b>Symptom:</b> Problem trat nach einem Update auf.</p><ol><li>Zeitpunkt und Update-KB/Paket identifizieren.</li><li>Ereignisprotokolle auf Fehlermeldungen pruefen.</li><li>Betroffene Komponente isoliert testen.</li><li>Falls erforderlich Rollback gem. Change-Prozess ausfuehren.</li><li>Stabilen Zustand verifizieren und Ursache dokumentieren.</li></ol>','demo,update,fehler,recovery,rollback,demo-mass---file-services','seed_osticket_kb.py','2026-02-19 18:12:08','2026-02-19 18:12:14'),
(93,32,1,'DEMO MASS - ERP CRM Clients: Anmeldung fehlgeschlagen - Erstdiagnose','<p><b>Symptom:</b> Anmeldung am Dienst oder Client nicht moeglich.</p><ol><li>Benutzername und UPN pruefen.</li><li>Uhrzeit und Zeitsynchronisation kontrollieren.</li><li>Netzwerkpfad und DNS-Aufloesung pruefen.</li><li>Konto-Sperre und MFA-Status kontrollieren.</li><li>Erneut anmelden und Ergebnis dokumentieren.</li></ol>','demo,login,anmeldung,auth,diagnose,demo-mass---erp-crm-clients','seed_osticket_kb.py','2026-02-19 18:12:08','2026-02-19 18:12:14'),
(94,32,1,'DEMO MASS - ERP CRM Clients: Client reagiert sehr langsam - Standardanalyse','<p><b>Symptom:</b> Anwendungen reagieren verzoegert.</p><ol><li>CPU, RAM und Datentraeger-Auslastung messen.</li><li>Autostarts und Hintergrundprozesse bewerten.</li><li>Aktuelle Updates und Treiberstand pruefen.</li><li>Temporare Dateien bereinigen.</li><li>Nach Neustart erneut benchmarken.</li></ol>','demo,performance,langsam,client,analyse,demo-mass---erp-crm-clients','seed_osticket_kb.py','2026-02-19 18:12:08','2026-02-19 18:12:14'),
(95,32,1,'DEMO MASS - ERP CRM Clients: Dienst nicht erreichbar - Verbindungscheck','<p><b>Symptom:</b> Service antwortet nicht oder Timeout.</p><ol><li>Ping/Traceroute auf Ziel pruefen.</li><li>DNS-Eintrag und Zieladresse validieren.</li><li>Firewall-Regeln und Portfreigaben kontrollieren.</li><li>Service-Status auf Zielsystem pruefen.</li><li>Connectivity-Test protokollieren.</li></ol>','demo,dienst,nicht erreichbar,netzwerk,check,demo-mass---erp-crm-clients','seed_osticket_kb.py','2026-02-19 18:12:08','2026-02-19 18:12:14'),
(96,32,1,'DEMO MASS - ERP CRM Clients: Fehler nach Update - Recovery Ablauf','<p><b>Symptom:</b> Problem trat nach einem Update auf.</p><ol><li>Zeitpunkt und Update-KB/Paket identifizieren.</li><li>Ereignisprotokolle auf Fehlermeldungen pruefen.</li><li>Betroffene Komponente isoliert testen.</li><li>Falls erforderlich Rollback gem. Change-Prozess ausfuehren.</li><li>Stabilen Zustand verifizieren und Ursache dokumentieren.</li></ol>','demo,update,fehler,recovery,rollback,demo-mass---erp-crm-clients','seed_osticket_kb.py','2026-02-19 18:12:08','2026-02-19 18:12:14'),
(97,33,1,'DEMO MASS - Database Clients: Anmeldung fehlgeschlagen - Erstdiagnose','<p><b>Symptom:</b> Anmeldung am Dienst oder Client nicht moeglich.</p><ol><li>Benutzername und UPN pruefen.</li><li>Uhrzeit und Zeitsynchronisation kontrollieren.</li><li>Netzwerkpfad und DNS-Aufloesung pruefen.</li><li>Konto-Sperre und MFA-Status kontrollieren.</li><li>Erneut anmelden und Ergebnis dokumentieren.</li></ol>','demo,login,anmeldung,auth,diagnose,demo-mass---database-clients','seed_osticket_kb.py','2026-02-19 18:12:08','2026-02-19 18:12:14'),
(98,33,1,'DEMO MASS - Database Clients: Client reagiert sehr langsam - Standardanalyse','<p><b>Symptom:</b> Anwendungen reagieren verzoegert.</p><ol><li>CPU, RAM und Datentraeger-Auslastung messen.</li><li>Autostarts und Hintergrundprozesse bewerten.</li><li>Aktuelle Updates und Treiberstand pruefen.</li><li>Temporare Dateien bereinigen.</li><li>Nach Neustart erneut benchmarken.</li></ol>','demo,performance,langsam,client,analyse,demo-mass---database-clients','seed_osticket_kb.py','2026-02-19 18:12:08','2026-02-19 18:12:14'),
(99,33,1,'DEMO MASS - Database Clients: Dienst nicht erreichbar - Verbindungscheck','<p><b>Symptom:</b> Service antwortet nicht oder Timeout.</p><ol><li>Ping/Traceroute auf Ziel pruefen.</li><li>DNS-Eintrag und Zieladresse validieren.</li><li>Firewall-Regeln und Portfreigaben kontrollieren.</li><li>Service-Status auf Zielsystem pruefen.</li><li>Connectivity-Test protokollieren.</li></ol>','demo,dienst,nicht erreichbar,netzwerk,check,demo-mass---database-clients','seed_osticket_kb.py','2026-02-19 18:12:08','2026-02-19 18:12:14'),
(100,33,1,'DEMO MASS - Database Clients: Fehler nach Update - Recovery Ablauf','<p><b>Symptom:</b> Problem trat nach einem Update auf.</p><ol><li>Zeitpunkt und Update-KB/Paket identifizieren.</li><li>Ereignisprotokolle auf Fehlermeldungen pruefen.</li><li>Betroffene Komponente isoliert testen.</li><li>Falls erforderlich Rollback gem. Change-Prozess ausfuehren.</li><li>Stabilen Zustand verifizieren und Ursache dokumentieren.</li></ol>','demo,update,fehler,recovery,rollback,demo-mass---database-clients','seed_osticket_kb.py','2026-02-19 18:12:08','2026-02-19 18:12:14'),
(101,34,1,'DEMO MASS - Remote Desktop: Anmeldung fehlgeschlagen - Erstdiagnose','<p><b>Symptom:</b> Anmeldung am Dienst oder Client nicht moeglich.</p><ol><li>Benutzername und UPN pruefen.</li><li>Uhrzeit und Zeitsynchronisation kontrollieren.</li><li>Netzwerkpfad und DNS-Aufloesung pruefen.</li><li>Konto-Sperre und MFA-Status kontrollieren.</li><li>Erneut anmelden und Ergebnis dokumentieren.</li></ol>','demo,login,anmeldung,auth,diagnose,demo-mass---remote-desktop','seed_osticket_kb.py','2026-02-19 18:12:08','2026-02-19 18:12:14'),
(102,34,1,'DEMO MASS - Remote Desktop: Client reagiert sehr langsam - Standardanalyse','<p><b>Symptom:</b> Anwendungen reagieren verzoegert.</p><ol><li>CPU, RAM und Datentraeger-Auslastung messen.</li><li>Autostarts und Hintergrundprozesse bewerten.</li><li>Aktuelle Updates und Treiberstand pruefen.</li><li>Temporare Dateien bereinigen.</li><li>Nach Neustart erneut benchmarken.</li></ol>','demo,performance,langsam,client,analyse,demo-mass---remote-desktop','seed_osticket_kb.py','2026-02-19 18:12:08','2026-02-19 18:12:14'),
(103,34,1,'DEMO MASS - Remote Desktop: Dienst nicht erreichbar - Verbindungscheck','<p><b>Symptom:</b> Service antwortet nicht oder Timeout.</p><ol><li>Ping/Traceroute auf Ziel pruefen.</li><li>DNS-Eintrag und Zieladresse validieren.</li><li>Firewall-Regeln und Portfreigaben kontrollieren.</li><li>Service-Status auf Zielsystem pruefen.</li><li>Connectivity-Test protokollieren.</li></ol>','demo,dienst,nicht erreichbar,netzwerk,check,demo-mass---remote-desktop','seed_osticket_kb.py','2026-02-19 18:12:08','2026-02-19 18:12:14'),
(104,34,1,'DEMO MASS - Remote Desktop: Fehler nach Update - Recovery Ablauf','<p><b>Symptom:</b> Problem trat nach einem Update auf.</p><ol><li>Zeitpunkt und Update-KB/Paket identifizieren.</li><li>Ereignisprotokolle auf Fehlermeldungen pruefen.</li><li>Betroffene Komponente isoliert testen.</li><li>Falls erforderlich Rollback gem. Change-Prozess ausfuehren.</li><li>Stabilen Zustand verifizieren und Ursache dokumentieren.</li></ol>','demo,update,fehler,recovery,rollback,demo-mass---remote-desktop','seed_osticket_kb.py','2026-02-19 18:12:08','2026-02-19 18:12:14'),
(105,35,1,'DEMO MASS - IAM SSO: Anmeldung fehlgeschlagen - Erstdiagnose','<p><b>Symptom:</b> Anmeldung am Dienst oder Client nicht moeglich.</p><ol><li>Benutzername und UPN pruefen.</li><li>Uhrzeit und Zeitsynchronisation kontrollieren.</li><li>Netzwerkpfad und DNS-Aufloesung pruefen.</li><li>Konto-Sperre und MFA-Status kontrollieren.</li><li>Erneut anmelden und Ergebnis dokumentieren.</li></ol>','demo,login,anmeldung,auth,diagnose,demo-mass---iam-sso','seed_osticket_kb.py','2026-02-19 18:12:08','2026-02-19 18:12:14'),
(106,35,1,'DEMO MASS - IAM SSO: Client reagiert sehr langsam - Standardanalyse','<p><b>Symptom:</b> Anwendungen reagieren verzoegert.</p><ol><li>CPU, RAM und Datentraeger-Auslastung messen.</li><li>Autostarts und Hintergrundprozesse bewerten.</li><li>Aktuelle Updates und Treiberstand pruefen.</li><li>Temporare Dateien bereinigen.</li><li>Nach Neustart erneut benchmarken.</li></ol>','demo,performance,langsam,client,analyse,demo-mass---iam-sso','seed_osticket_kb.py','2026-02-19 18:12:08','2026-02-19 18:12:14'),
(107,35,1,'DEMO MASS - IAM SSO: Dienst nicht erreichbar - Verbindungscheck','<p><b>Symptom:</b> Service antwortet nicht oder Timeout.</p><ol><li>Ping/Traceroute auf Ziel pruefen.</li><li>DNS-Eintrag und Zieladresse validieren.</li><li>Firewall-Regeln und Portfreigaben kontrollieren.</li><li>Service-Status auf Zielsystem pruefen.</li><li>Connectivity-Test protokollieren.</li></ol>','demo,dienst,nicht erreichbar,netzwerk,check,demo-mass---iam-sso','seed_osticket_kb.py','2026-02-19 18:12:08','2026-02-19 18:12:14'),
(108,35,1,'DEMO MASS - IAM SSO: Fehler nach Update - Recovery Ablauf','<p><b>Symptom:</b> Problem trat nach einem Update auf.</p><ol><li>Zeitpunkt und Update-KB/Paket identifizieren.</li><li>Ereignisprotokolle auf Fehlermeldungen pruefen.</li><li>Betroffene Komponente isoliert testen.</li><li>Falls erforderlich Rollback gem. Change-Prozess ausfuehren.</li><li>Stabilen Zustand verifizieren und Ursache dokumentieren.</li></ol>','demo,update,fehler,recovery,rollback,demo-mass---iam-sso','seed_osticket_kb.py','2026-02-19 18:12:08','2026-02-19 18:12:14'),
(109,36,1,'DEMO MASS - M365 Platform: Anmeldung fehlgeschlagen - Erstdiagnose','<p><b>Symptom:</b> Anmeldung am Dienst oder Client nicht moeglich.</p><ol><li>Benutzername und UPN pruefen.</li><li>Uhrzeit und Zeitsynchronisation kontrollieren.</li><li>Netzwerkpfad und DNS-Aufloesung pruefen.</li><li>Konto-Sperre und MFA-Status kontrollieren.</li><li>Erneut anmelden und Ergebnis dokumentieren.</li></ol>','demo,login,anmeldung,auth,diagnose,demo-mass---m365-platform','seed_osticket_kb.py','2026-02-19 18:12:08','2026-02-19 18:12:14'),
(110,36,1,'DEMO MASS - M365 Platform: Client reagiert sehr langsam - Standardanalyse','<p><b>Symptom:</b> Anwendungen reagieren verzoegert.</p><ol><li>CPU, RAM und Datentraeger-Auslastung messen.</li><li>Autostarts und Hintergrundprozesse bewerten.</li><li>Aktuelle Updates und Treiberstand pruefen.</li><li>Temporare Dateien bereinigen.</li><li>Nach Neustart erneut benchmarken.</li></ol>','demo,performance,langsam,client,analyse,demo-mass---m365-platform','seed_osticket_kb.py','2026-02-19 18:12:08','2026-02-19 18:12:14'),
(111,36,1,'DEMO MASS - M365 Platform: Dienst nicht erreichbar - Verbindungscheck','<p><b>Symptom:</b> Service antwortet nicht oder Timeout.</p><ol><li>Ping/Traceroute auf Ziel pruefen.</li><li>DNS-Eintrag und Zieladresse validieren.</li><li>Firewall-Regeln und Portfreigaben kontrollieren.</li><li>Service-Status auf Zielsystem pruefen.</li><li>Connectivity-Test protokollieren.</li></ol>','demo,dienst,nicht erreichbar,netzwerk,check,demo-mass---m365-platform','seed_osticket_kb.py','2026-02-19 18:12:08','2026-02-19 18:12:14'),
(112,36,1,'DEMO MASS - M365 Platform: Fehler nach Update - Recovery Ablauf','<p><b>Symptom:</b> Problem trat nach einem Update auf.</p><ol><li>Zeitpunkt und Update-KB/Paket identifizieren.</li><li>Ereignisprotokolle auf Fehlermeldungen pruefen.</li><li>Betroffene Komponente isoliert testen.</li><li>Falls erforderlich Rollback gem. Change-Prozess ausfuehren.</li><li>Stabilen Zustand verifizieren und Ursache dokumentieren.</li></ol>','demo,update,fehler,recovery,rollback,demo-mass---m365-platform','seed_osticket_kb.py','2026-02-19 18:12:08','2026-02-19 18:12:14'),
(113,37,1,'DEMO MASS - Teams Voice: Anmeldung fehlgeschlagen - Erstdiagnose','<p><b>Symptom:</b> Anmeldung am Dienst oder Client nicht moeglich.</p><ol><li>Benutzername und UPN pruefen.</li><li>Uhrzeit und Zeitsynchronisation kontrollieren.</li><li>Netzwerkpfad und DNS-Aufloesung pruefen.</li><li>Konto-Sperre und MFA-Status kontrollieren.</li><li>Erneut anmelden und Ergebnis dokumentieren.</li></ol>','demo,login,anmeldung,auth,diagnose,demo-mass---teams-voice','seed_osticket_kb.py','2026-02-19 18:12:08','2026-02-19 18:12:14'),
(114,37,1,'DEMO MASS - Teams Voice: Client reagiert sehr langsam - Standardanalyse','<p><b>Symptom:</b> Anwendungen reagieren verzoegert.</p><ol><li>CPU, RAM und Datentraeger-Auslastung messen.</li><li>Autostarts und Hintergrundprozesse bewerten.</li><li>Aktuelle Updates und Treiberstand pruefen.</li><li>Temporare Dateien bereinigen.</li><li>Nach Neustart erneut benchmarken.</li></ol>','demo,performance,langsam,client,analyse,demo-mass---teams-voice','seed_osticket_kb.py','2026-02-19 18:12:08','2026-02-19 18:12:14'),
(115,37,1,'DEMO MASS - Teams Voice: Dienst nicht erreichbar - Verbindungscheck','<p><b>Symptom:</b> Service antwortet nicht oder Timeout.</p><ol><li>Ping/Traceroute auf Ziel pruefen.</li><li>DNS-Eintrag und Zieladresse validieren.</li><li>Firewall-Regeln und Portfreigaben kontrollieren.</li><li>Service-Status auf Zielsystem pruefen.</li><li>Connectivity-Test protokollieren.</li></ol>','demo,dienst,nicht erreichbar,netzwerk,check,demo-mass---teams-voice','seed_osticket_kb.py','2026-02-19 18:12:08','2026-02-19 18:12:14'),
(116,37,1,'DEMO MASS - Teams Voice: Fehler nach Update - Recovery Ablauf','<p><b>Symptom:</b> Problem trat nach einem Update auf.</p><ol><li>Zeitpunkt und Update-KB/Paket identifizieren.</li><li>Ereignisprotokolle auf Fehlermeldungen pruefen.</li><li>Betroffene Komponente isoliert testen.</li><li>Falls erforderlich Rollback gem. Change-Prozess ausfuehren.</li><li>Stabilen Zustand verifizieren und Ursache dokumentieren.</li></ol>','demo,update,fehler,recovery,rollback,demo-mass---teams-voice','seed_osticket_kb.py','2026-02-19 18:12:08','2026-02-19 18:12:14'),
(117,38,1,'DEMO MASS - Linux Clients: Anmeldung fehlgeschlagen - Erstdiagnose','<p><b>Symptom:</b> Anmeldung am Dienst oder Client nicht moeglich.</p><ol><li>Benutzername und UPN pruefen.</li><li>Uhrzeit und Zeitsynchronisation kontrollieren.</li><li>Netzwerkpfad und DNS-Aufloesung pruefen.</li><li>Konto-Sperre und MFA-Status kontrollieren.</li><li>Erneut anmelden und Ergebnis dokumentieren.</li></ol>','demo,login,anmeldung,auth,diagnose,demo-mass---linux-clients','seed_osticket_kb.py','2026-02-19 18:12:08','2026-02-19 18:12:14'),
(118,38,1,'DEMO MASS - Linux Clients: Client reagiert sehr langsam - Standardanalyse','<p><b>Symptom:</b> Anwendungen reagieren verzoegert.</p><ol><li>CPU, RAM und Datentraeger-Auslastung messen.</li><li>Autostarts und Hintergrundprozesse bewerten.</li><li>Aktuelle Updates und Treiberstand pruefen.</li><li>Temporare Dateien bereinigen.</li><li>Nach Neustart erneut benchmarken.</li></ol>','demo,performance,langsam,client,analyse,demo-mass---linux-clients','seed_osticket_kb.py','2026-02-19 18:12:08','2026-02-19 18:12:14'),
(119,38,1,'DEMO MASS - Linux Clients: Dienst nicht erreichbar - Verbindungscheck','<p><b>Symptom:</b> Service antwortet nicht oder Timeout.</p><ol><li>Ping/Traceroute auf Ziel pruefen.</li><li>DNS-Eintrag und Zieladresse validieren.</li><li>Firewall-Regeln und Portfreigaben kontrollieren.</li><li>Service-Status auf Zielsystem pruefen.</li><li>Connectivity-Test protokollieren.</li></ol>','demo,dienst,nicht erreichbar,netzwerk,check,demo-mass---linux-clients','seed_osticket_kb.py','2026-02-19 18:12:08','2026-02-19 18:12:14'),
(120,38,1,'DEMO MASS - Linux Clients: Fehler nach Update - Recovery Ablauf','<p><b>Symptom:</b> Problem trat nach einem Update auf.</p><ol><li>Zeitpunkt und Update-KB/Paket identifizieren.</li><li>Ereignisprotokolle auf Fehlermeldungen pruefen.</li><li>Betroffene Komponente isoliert testen.</li><li>Falls erforderlich Rollback gem. Change-Prozess ausfuehren.</li><li>Stabilen Zustand verifizieren und Ursache dokumentieren.</li></ol>','demo,update,fehler,recovery,rollback,demo-mass---linux-clients','seed_osticket_kb.py','2026-02-19 18:12:08','2026-02-19 18:12:14'),
(121,39,1,'DEMO MASS - Mac Clients: Anmeldung fehlgeschlagen - Erstdiagnose','<p><b>Symptom:</b> Anmeldung am Dienst oder Client nicht moeglich.</p><ol><li>Benutzername und UPN pruefen.</li><li>Uhrzeit und Zeitsynchronisation kontrollieren.</li><li>Netzwerkpfad und DNS-Aufloesung pruefen.</li><li>Konto-Sperre und MFA-Status kontrollieren.</li><li>Erneut anmelden und Ergebnis dokumentieren.</li></ol>','demo,login,anmeldung,auth,diagnose,demo-mass---mac-clients','seed_osticket_kb.py','2026-02-19 18:12:08','2026-02-19 18:12:14'),
(122,39,1,'DEMO MASS - Mac Clients: Client reagiert sehr langsam - Standardanalyse','<p><b>Symptom:</b> Anwendungen reagieren verzoegert.</p><ol><li>CPU, RAM und Datentraeger-Auslastung messen.</li><li>Autostarts und Hintergrundprozesse bewerten.</li><li>Aktuelle Updates und Treiberstand pruefen.</li><li>Temporare Dateien bereinigen.</li><li>Nach Neustart erneut benchmarken.</li></ol>','demo,performance,langsam,client,analyse,demo-mass---mac-clients','seed_osticket_kb.py','2026-02-19 18:12:08','2026-02-19 18:12:14'),
(123,39,1,'DEMO MASS - Mac Clients: Dienst nicht erreichbar - Verbindungscheck','<p><b>Symptom:</b> Service antwortet nicht oder Timeout.</p><ol><li>Ping/Traceroute auf Ziel pruefen.</li><li>DNS-Eintrag und Zieladresse validieren.</li><li>Firewall-Regeln und Portfreigaben kontrollieren.</li><li>Service-Status auf Zielsystem pruefen.</li><li>Connectivity-Test protokollieren.</li></ol>','demo,dienst,nicht erreichbar,netzwerk,check,demo-mass---mac-clients','seed_osticket_kb.py','2026-02-19 18:12:08','2026-02-19 18:12:14'),
(124,39,1,'DEMO MASS - Mac Clients: Fehler nach Update - Recovery Ablauf','<p><b>Symptom:</b> Problem trat nach einem Update auf.</p><ol><li>Zeitpunkt und Update-KB/Paket identifizieren.</li><li>Ereignisprotokolle auf Fehlermeldungen pruefen.</li><li>Betroffene Komponente isoliert testen.</li><li>Falls erforderlich Rollback gem. Change-Prozess ausfuehren.</li><li>Stabilen Zustand verifizieren und Ursache dokumentieren.</li></ol>','demo,update,fehler,recovery,rollback,demo-mass---mac-clients','seed_osticket_kb.py','2026-02-19 18:12:08','2026-02-19 18:12:14'),
(125,40,1,'DEMO MASS - Service Desk: Anmeldung fehlgeschlagen - Erstdiagnose','<p><b>Symptom:</b> Anmeldung am Dienst oder Client nicht moeglich.</p><ol><li>Benutzername und UPN pruefen.</li><li>Uhrzeit und Zeitsynchronisation kontrollieren.</li><li>Netzwerkpfad und DNS-Aufloesung pruefen.</li><li>Konto-Sperre und MFA-Status kontrollieren.</li><li>Erneut anmelden und Ergebnis dokumentieren.</li></ol>','demo,login,anmeldung,auth,diagnose,demo-mass---service-desk','seed_osticket_kb.py','2026-02-19 18:12:08','2026-02-19 18:12:14'),
(126,40,1,'DEMO MASS - Service Desk: Client reagiert sehr langsam - Standardanalyse','<p><b>Symptom:</b> Anwendungen reagieren verzoegert.</p><ol><li>CPU, RAM und Datentraeger-Auslastung messen.</li><li>Autostarts und Hintergrundprozesse bewerten.</li><li>Aktuelle Updates und Treiberstand pruefen.</li><li>Temporare Dateien bereinigen.</li><li>Nach Neustart erneut benchmarken.</li></ol>','demo,performance,langsam,client,analyse,demo-mass---service-desk','seed_osticket_kb.py','2026-02-19 18:12:08','2026-02-19 18:12:14'),
(127,40,1,'DEMO MASS - Service Desk: Dienst nicht erreichbar - Verbindungscheck','<p><b>Symptom:</b> Service antwortet nicht oder Timeout.</p><ol><li>Ping/Traceroute auf Ziel pruefen.</li><li>DNS-Eintrag und Zieladresse validieren.</li><li>Firewall-Regeln und Portfreigaben kontrollieren.</li><li>Service-Status auf Zielsystem pruefen.</li><li>Connectivity-Test protokollieren.</li></ol>','demo,dienst,nicht erreichbar,netzwerk,check,demo-mass---service-desk','seed_osticket_kb.py','2026-02-19 18:12:08','2026-02-19 18:12:14'),
(128,40,1,'DEMO MASS - Service Desk: Fehler nach Update - Recovery Ablauf','<p><b>Symptom:</b> Problem trat nach einem Update auf.</p><ol><li>Zeitpunkt und Update-KB/Paket identifizieren.</li><li>Ereignisprotokolle auf Fehlermeldungen pruefen.</li><li>Betroffene Komponente isoliert testen.</li><li>Falls erforderlich Rollback gem. Change-Prozess ausfuehren.</li><li>Stabilen Zustand verifizieren und Ursache dokumentieren.</li></ol>','demo,update,fehler,recovery,rollback,demo-mass---service-desk','seed_osticket_kb.py','2026-02-19 18:12:08','2026-02-19 18:12:14'),
(129,41,1,'DEMO MASS - Compliance Audit: Anmeldung fehlgeschlagen - Erstdiagnose','<p><b>Symptom:</b> Anmeldung am Dienst oder Client nicht moeglich.</p><ol><li>Benutzername und UPN pruefen.</li><li>Uhrzeit und Zeitsynchronisation kontrollieren.</li><li>Netzwerkpfad und DNS-Aufloesung pruefen.</li><li>Konto-Sperre und MFA-Status kontrollieren.</li><li>Erneut anmelden und Ergebnis dokumentieren.</li></ol>','demo,login,anmeldung,auth,diagnose,demo-mass---compliance-audit','seed_osticket_kb.py','2026-02-19 18:12:08','2026-02-19 18:12:14'),
(130,41,1,'DEMO MASS - Compliance Audit: Client reagiert sehr langsam - Standardanalyse','<p><b>Symptom:</b> Anwendungen reagieren verzoegert.</p><ol><li>CPU, RAM und Datentraeger-Auslastung messen.</li><li>Autostarts und Hintergrundprozesse bewerten.</li><li>Aktuelle Updates und Treiberstand pruefen.</li><li>Temporare Dateien bereinigen.</li><li>Nach Neustart erneut benchmarken.</li></ol>','demo,performance,langsam,client,analyse,demo-mass---compliance-audit','seed_osticket_kb.py','2026-02-19 18:12:08','2026-02-19 18:12:14'),
(131,41,1,'DEMO MASS - Compliance Audit: Dienst nicht erreichbar - Verbindungscheck','<p><b>Symptom:</b> Service antwortet nicht oder Timeout.</p><ol><li>Ping/Traceroute auf Ziel pruefen.</li><li>DNS-Eintrag und Zieladresse validieren.</li><li>Firewall-Regeln und Portfreigaben kontrollieren.</li><li>Service-Status auf Zielsystem pruefen.</li><li>Connectivity-Test protokollieren.</li></ol>','demo,dienst,nicht erreichbar,netzwerk,check,demo-mass---compliance-audit','seed_osticket_kb.py','2026-02-19 18:12:08','2026-02-19 18:12:14'),
(132,41,1,'DEMO MASS - Compliance Audit: Fehler nach Update - Recovery Ablauf','<p><b>Symptom:</b> Problem trat nach einem Update auf.</p><ol><li>Zeitpunkt und Update-KB/Paket identifizieren.</li><li>Ereignisprotokolle auf Fehlermeldungen pruefen.</li><li>Betroffene Komponente isoliert testen.</li><li>Falls erforderlich Rollback gem. Change-Prozess ausfuehren.</li><li>Stabilen Zustand verifizieren und Ursache dokumentieren.</li></ol>','demo,update,fehler,recovery,rollback,demo-mass---compliance-audit','seed_osticket_kb.py','2026-02-19 18:12:08','2026-02-19 18:12:14'),
(133,42,1,'DEMO XL - Endpoint Security: Stoerung klassifizieren und Erstmassnahmen starten','<p><b>Ziel:</b> Stoerung sauber einordnen und schnell stabilisieren.</p><ol><li>Auswirkung und Betroffenheit erfassen.</li><li>Prioritaet nach SLA bestimmen.</li><li>Sofortmassnahme zur Stabilisierung durchfuehren.</li><li>Logeintraege und Fehlermeldungen sichern.</li><li>Ticket mit reproduzierbaren Schritten aktualisieren.</li></ol>','demo-xl,stoerung,klassifikation,erstmassnahmen,runbook,demo-xl---endpoint-security','seed_osticket_kb.py','2026-02-19 18:13:50','2026-02-19 18:14:06'),
(134,42,1,'DEMO XL - Endpoint Security: Root-Cause Analyse im Standardablauf','<p><b>Vorgehen:</b> Systematisch zur Ursache.</p><ol><li>Zeitleiste mit Aenderungen erstellen.</li><li>Komponenten einzeln isoliert testen.</li><li>Konfigurationsabweichungen vergleichen.</li><li>Hypothese pruefen und gegentesten.</li><li>Ursache mit Nachweis dokumentieren.</li></ol>','demo-xl,root cause,analyse,rca,ursache,demo-xl---endpoint-security','seed_osticket_kb.py','2026-02-19 18:13:50','2026-02-19 18:14:06'),
(135,42,1,'DEMO XL - Endpoint Security: Standard-Rollback nach fehlerhafter Aenderung','<p><b>Ziel:</b> Stabilen Zustand schnell wiederherstellen.</p><ol><li>Letzte Aenderung identifizieren.</li><li>Freigabe gemaess Change-Prozess holen.</li><li>Rollback-Schritte in definierter Reihenfolge ausfuehren.</li><li>Smoke-Test auf Kernfunktionen machen.</li><li>Resultat und offene Risiken kommunizieren.</li></ol>','demo-xl,rollback,change,fehler,stabilisierung,demo-xl---endpoint-security','seed_osticket_kb.py','2026-02-19 18:13:50','2026-02-19 18:14:06'),
(136,42,1,'DEMO XL - Endpoint Security: Praevention und Monitoring-Checks definieren','<p><b>Nachbearbeitung:</b> Wiederholungen vermeiden.</p><ol><li>Schwellwerte fuer Monitoring festlegen.</li><li>Automatische Alarme auf Fehlerbild einstellen.</li><li>Dokumentation und Runbook aktualisieren.</li><li>Wissenstransfer im Team durchfuehren.</li><li>Wirksamkeit nach 7 Tagen kontrollieren.</li></ol>','demo-xl,praevention,monitoring,alerting,checkliste,demo-xl---endpoint-security','seed_osticket_kb.py','2026-02-19 18:13:50','2026-02-19 18:14:06'),
(137,43,1,'DEMO XL - Endpoint Compliance: Stoerung klassifizieren und Erstmassnahmen starten','<p><b>Ziel:</b> Stoerung sauber einordnen und schnell stabilisieren.</p><ol><li>Auswirkung und Betroffenheit erfassen.</li><li>Prioritaet nach SLA bestimmen.</li><li>Sofortmassnahme zur Stabilisierung durchfuehren.</li><li>Logeintraege und Fehlermeldungen sichern.</li><li>Ticket mit reproduzierbaren Schritten aktualisieren.</li></ol>','demo-xl,stoerung,klassifikation,erstmassnahmen,runbook,demo-xl---endpoint-compliance','seed_osticket_kb.py','2026-02-19 18:13:50','2026-02-19 18:14:06'),
(138,43,1,'DEMO XL - Endpoint Compliance: Root-Cause Analyse im Standardablauf','<p><b>Vorgehen:</b> Systematisch zur Ursache.</p><ol><li>Zeitleiste mit Aenderungen erstellen.</li><li>Komponenten einzeln isoliert testen.</li><li>Konfigurationsabweichungen vergleichen.</li><li>Hypothese pruefen und gegentesten.</li><li>Ursache mit Nachweis dokumentieren.</li></ol>','demo-xl,root cause,analyse,rca,ursache,demo-xl---endpoint-compliance','seed_osticket_kb.py','2026-02-19 18:13:50','2026-02-19 18:14:06'),
(139,43,1,'DEMO XL - Endpoint Compliance: Standard-Rollback nach fehlerhafter Aenderung','<p><b>Ziel:</b> Stabilen Zustand schnell wiederherstellen.</p><ol><li>Letzte Aenderung identifizieren.</li><li>Freigabe gemaess Change-Prozess holen.</li><li>Rollback-Schritte in definierter Reihenfolge ausfuehren.</li><li>Smoke-Test auf Kernfunktionen machen.</li><li>Resultat und offene Risiken kommunizieren.</li></ol>','demo-xl,rollback,change,fehler,stabilisierung,demo-xl---endpoint-compliance','seed_osticket_kb.py','2026-02-19 18:13:50','2026-02-19 18:14:06'),
(140,43,1,'DEMO XL - Endpoint Compliance: Praevention und Monitoring-Checks definieren','<p><b>Nachbearbeitung:</b> Wiederholungen vermeiden.</p><ol><li>Schwellwerte fuer Monitoring festlegen.</li><li>Automatische Alarme auf Fehlerbild einstellen.</li><li>Dokumentation und Runbook aktualisieren.</li><li>Wissenstransfer im Team durchfuehren.</li><li>Wirksamkeit nach 7 Tagen kontrollieren.</li></ol>','demo-xl,praevention,monitoring,alerting,checkliste,demo-xl---endpoint-compliance','seed_osticket_kb.py','2026-02-19 18:13:50','2026-02-19 18:14:06'),
(141,44,1,'DEMO XL - Entra Identity: Stoerung klassifizieren und Erstmassnahmen starten','<p><b>Ziel:</b> Stoerung sauber einordnen und schnell stabilisieren.</p><ol><li>Auswirkung und Betroffenheit erfassen.</li><li>Prioritaet nach SLA bestimmen.</li><li>Sofortmassnahme zur Stabilisierung durchfuehren.</li><li>Logeintraege und Fehlermeldungen sichern.</li><li>Ticket mit reproduzierbaren Schritten aktualisieren.</li></ol>','demo-xl,stoerung,klassifikation,erstmassnahmen,runbook,demo-xl---entra-identity','seed_osticket_kb.py','2026-02-19 18:13:50','2026-02-19 18:14:06'),
(142,44,1,'DEMO XL - Entra Identity: Root-Cause Analyse im Standardablauf','<p><b>Vorgehen:</b> Systematisch zur Ursache.</p><ol><li>Zeitleiste mit Aenderungen erstellen.</li><li>Komponenten einzeln isoliert testen.</li><li>Konfigurationsabweichungen vergleichen.</li><li>Hypothese pruefen und gegentesten.</li><li>Ursache mit Nachweis dokumentieren.</li></ol>','demo-xl,root cause,analyse,rca,ursache,demo-xl---entra-identity','seed_osticket_kb.py','2026-02-19 18:13:50','2026-02-19 18:14:06'),
(143,44,1,'DEMO XL - Entra Identity: Standard-Rollback nach fehlerhafter Aenderung','<p><b>Ziel:</b> Stabilen Zustand schnell wiederherstellen.</p><ol><li>Letzte Aenderung identifizieren.</li><li>Freigabe gemaess Change-Prozess holen.</li><li>Rollback-Schritte in definierter Reihenfolge ausfuehren.</li><li>Smoke-Test auf Kernfunktionen machen.</li><li>Resultat und offene Risiken kommunizieren.</li></ol>','demo-xl,rollback,change,fehler,stabilisierung,demo-xl---entra-identity','seed_osticket_kb.py','2026-02-19 18:13:50','2026-02-19 18:14:06'),
(144,44,1,'DEMO XL - Entra Identity: Praevention und Monitoring-Checks definieren','<p><b>Nachbearbeitung:</b> Wiederholungen vermeiden.</p><ol><li>Schwellwerte fuer Monitoring festlegen.</li><li>Automatische Alarme auf Fehlerbild einstellen.</li><li>Dokumentation und Runbook aktualisieren.</li><li>Wissenstransfer im Team durchfuehren.</li><li>Wirksamkeit nach 7 Tagen kontrollieren.</li></ol>','demo-xl,praevention,monitoring,alerting,checkliste,demo-xl---entra-identity','seed_osticket_kb.py','2026-02-19 18:13:50','2026-02-19 18:14:06'),
(145,45,1,'DEMO XL - Active Directory: Stoerung klassifizieren und Erstmassnahmen starten','<p><b>Ziel:</b> Stoerung sauber einordnen und schnell stabilisieren.</p><ol><li>Auswirkung und Betroffenheit erfassen.</li><li>Prioritaet nach SLA bestimmen.</li><li>Sofortmassnahme zur Stabilisierung durchfuehren.</li><li>Logeintraege und Fehlermeldungen sichern.</li><li>Ticket mit reproduzierbaren Schritten aktualisieren.</li></ol>','demo-xl,stoerung,klassifikation,erstmassnahmen,runbook,demo-xl---active-directory','seed_osticket_kb.py','2026-02-19 18:13:50','2026-02-19 18:14:06'),
(146,45,1,'DEMO XL - Active Directory: Root-Cause Analyse im Standardablauf','<p><b>Vorgehen:</b> Systematisch zur Ursache.</p><ol><li>Zeitleiste mit Aenderungen erstellen.</li><li>Komponenten einzeln isoliert testen.</li><li>Konfigurationsabweichungen vergleichen.</li><li>Hypothese pruefen und gegentesten.</li><li>Ursache mit Nachweis dokumentieren.</li></ol>','demo-xl,root cause,analyse,rca,ursache,demo-xl---active-directory','seed_osticket_kb.py','2026-02-19 18:13:50','2026-02-19 18:14:06'),
(147,45,1,'DEMO XL - Active Directory: Standard-Rollback nach fehlerhafter Aenderung','<p><b>Ziel:</b> Stabilen Zustand schnell wiederherstellen.</p><ol><li>Letzte Aenderung identifizieren.</li><li>Freigabe gemaess Change-Prozess holen.</li><li>Rollback-Schritte in definierter Reihenfolge ausfuehren.</li><li>Smoke-Test auf Kernfunktionen machen.</li><li>Resultat und offene Risiken kommunizieren.</li></ol>','demo-xl,rollback,change,fehler,stabilisierung,demo-xl---active-directory','seed_osticket_kb.py','2026-02-19 18:13:50','2026-02-19 18:14:06'),
(148,45,1,'DEMO XL - Active Directory: Praevention und Monitoring-Checks definieren','<p><b>Nachbearbeitung:</b> Wiederholungen vermeiden.</p><ol><li>Schwellwerte fuer Monitoring festlegen.</li><li>Automatische Alarme auf Fehlerbild einstellen.</li><li>Dokumentation und Runbook aktualisieren.</li><li>Wissenstransfer im Team durchfuehren.</li><li>Wirksamkeit nach 7 Tagen kontrollieren.</li></ol>','demo-xl,praevention,monitoring,alerting,checkliste,demo-xl---active-directory','seed_osticket_kb.py','2026-02-19 18:13:50','2026-02-19 18:14:06'),
(149,46,1,'DEMO XL - Password Policy: Stoerung klassifizieren und Erstmassnahmen starten','<p><b>Ziel:</b> Stoerung sauber einordnen und schnell stabilisieren.</p><ol><li>Auswirkung und Betroffenheit erfassen.</li><li>Prioritaet nach SLA bestimmen.</li><li>Sofortmassnahme zur Stabilisierung durchfuehren.</li><li>Logeintraege und Fehlermeldungen sichern.</li><li>Ticket mit reproduzierbaren Schritten aktualisieren.</li></ol>','demo-xl,stoerung,klassifikation,erstmassnahmen,runbook,demo-xl---password-policy','seed_osticket_kb.py','2026-02-19 18:13:50','2026-02-19 18:14:06'),
(150,46,1,'DEMO XL - Password Policy: Root-Cause Analyse im Standardablauf','<p><b>Vorgehen:</b> Systematisch zur Ursache.</p><ol><li>Zeitleiste mit Aenderungen erstellen.</li><li>Komponenten einzeln isoliert testen.</li><li>Konfigurationsabweichungen vergleichen.</li><li>Hypothese pruefen und gegentesten.</li><li>Ursache mit Nachweis dokumentieren.</li></ol>','demo-xl,root cause,analyse,rca,ursache,demo-xl---password-policy','seed_osticket_kb.py','2026-02-19 18:13:50','2026-02-19 18:14:06'),
(151,46,1,'DEMO XL - Password Policy: Standard-Rollback nach fehlerhafter Aenderung','<p><b>Ziel:</b> Stabilen Zustand schnell wiederherstellen.</p><ol><li>Letzte Aenderung identifizieren.</li><li>Freigabe gemaess Change-Prozess holen.</li><li>Rollback-Schritte in definierter Reihenfolge ausfuehren.</li><li>Smoke-Test auf Kernfunktionen machen.</li><li>Resultat und offene Risiken kommunizieren.</li></ol>','demo-xl,rollback,change,fehler,stabilisierung,demo-xl---password-policy','seed_osticket_kb.py','2026-02-19 18:13:50','2026-02-19 18:14:06'),
(152,46,1,'DEMO XL - Password Policy: Praevention und Monitoring-Checks definieren','<p><b>Nachbearbeitung:</b> Wiederholungen vermeiden.</p><ol><li>Schwellwerte fuer Monitoring festlegen.</li><li>Automatische Alarme auf Fehlerbild einstellen.</li><li>Dokumentation und Runbook aktualisieren.</li><li>Wissenstransfer im Team durchfuehren.</li><li>Wirksamkeit nach 7 Tagen kontrollieren.</li></ol>','demo-xl,praevention,monitoring,alerting,checkliste,demo-xl---password-policy','seed_osticket_kb.py','2026-02-19 18:13:50','2026-02-19 18:14:06'),
(153,47,1,'DEMO XL - Privileged Access: Stoerung klassifizieren und Erstmassnahmen starten','<p><b>Ziel:</b> Stoerung sauber einordnen und schnell stabilisieren.</p><ol><li>Auswirkung und Betroffenheit erfassen.</li><li>Prioritaet nach SLA bestimmen.</li><li>Sofortmassnahme zur Stabilisierung durchfuehren.</li><li>Logeintraege und Fehlermeldungen sichern.</li><li>Ticket mit reproduzierbaren Schritten aktualisieren.</li></ol>','demo-xl,stoerung,klassifikation,erstmassnahmen,runbook,demo-xl---privileged-access','seed_osticket_kb.py','2026-02-19 18:13:50','2026-02-19 18:14:06'),
(154,47,1,'DEMO XL - Privileged Access: Root-Cause Analyse im Standardablauf','<p><b>Vorgehen:</b> Systematisch zur Ursache.</p><ol><li>Zeitleiste mit Aenderungen erstellen.</li><li>Komponenten einzeln isoliert testen.</li><li>Konfigurationsabweichungen vergleichen.</li><li>Hypothese pruefen und gegentesten.</li><li>Ursache mit Nachweis dokumentieren.</li></ol>','demo-xl,root cause,analyse,rca,ursache,demo-xl---privileged-access','seed_osticket_kb.py','2026-02-19 18:13:50','2026-02-19 18:14:06'),
(155,47,1,'DEMO XL - Privileged Access: Standard-Rollback nach fehlerhafter Aenderung','<p><b>Ziel:</b> Stabilen Zustand schnell wiederherstellen.</p><ol><li>Letzte Aenderung identifizieren.</li><li>Freigabe gemaess Change-Prozess holen.</li><li>Rollback-Schritte in definierter Reihenfolge ausfuehren.</li><li>Smoke-Test auf Kernfunktionen machen.</li><li>Resultat und offene Risiken kommunizieren.</li></ol>','demo-xl,rollback,change,fehler,stabilisierung,demo-xl---privileged-access','seed_osticket_kb.py','2026-02-19 18:13:50','2026-02-19 18:14:06'),
(156,47,1,'DEMO XL - Privileged Access: Praevention und Monitoring-Checks definieren','<p><b>Nachbearbeitung:</b> Wiederholungen vermeiden.</p><ol><li>Schwellwerte fuer Monitoring festlegen.</li><li>Automatische Alarme auf Fehlerbild einstellen.</li><li>Dokumentation und Runbook aktualisieren.</li><li>Wissenstransfer im Team durchfuehren.</li><li>Wirksamkeit nach 7 Tagen kontrollieren.</li></ol>','demo-xl,praevention,monitoring,alerting,checkliste,demo-xl---privileged-access','seed_osticket_kb.py','2026-02-19 18:13:50','2026-02-19 18:14:06'),
(157,48,1,'DEMO XL - Windows Deployment: Stoerung klassifizieren und Erstmassnahmen starten','<p><b>Ziel:</b> Stoerung sauber einordnen und schnell stabilisieren.</p><ol><li>Auswirkung und Betroffenheit erfassen.</li><li>Prioritaet nach SLA bestimmen.</li><li>Sofortmassnahme zur Stabilisierung durchfuehren.</li><li>Logeintraege und Fehlermeldungen sichern.</li><li>Ticket mit reproduzierbaren Schritten aktualisieren.</li></ol>','demo-xl,stoerung,klassifikation,erstmassnahmen,runbook,demo-xl---windows-deployment','seed_osticket_kb.py','2026-02-19 18:13:50','2026-02-19 18:14:06'),
(158,48,1,'DEMO XL - Windows Deployment: Root-Cause Analyse im Standardablauf','<p><b>Vorgehen:</b> Systematisch zur Ursache.</p><ol><li>Zeitleiste mit Aenderungen erstellen.</li><li>Komponenten einzeln isoliert testen.</li><li>Konfigurationsabweichungen vergleichen.</li><li>Hypothese pruefen und gegentesten.</li><li>Ursache mit Nachweis dokumentieren.</li></ol>','demo-xl,root cause,analyse,rca,ursache,demo-xl---windows-deployment','seed_osticket_kb.py','2026-02-19 18:13:50','2026-02-19 18:14:06'),
(159,48,1,'DEMO XL - Windows Deployment: Standard-Rollback nach fehlerhafter Aenderung','<p><b>Ziel:</b> Stabilen Zustand schnell wiederherstellen.</p><ol><li>Letzte Aenderung identifizieren.</li><li>Freigabe gemaess Change-Prozess holen.</li><li>Rollback-Schritte in definierter Reihenfolge ausfuehren.</li><li>Smoke-Test auf Kernfunktionen machen.</li><li>Resultat und offene Risiken kommunizieren.</li></ol>','demo-xl,rollback,change,fehler,stabilisierung,demo-xl---windows-deployment','seed_osticket_kb.py','2026-02-19 18:13:50','2026-02-19 18:14:06'),
(160,48,1,'DEMO XL - Windows Deployment: Praevention und Monitoring-Checks definieren','<p><b>Nachbearbeitung:</b> Wiederholungen vermeiden.</p><ol><li>Schwellwerte fuer Monitoring festlegen.</li><li>Automatische Alarme auf Fehlerbild einstellen.</li><li>Dokumentation und Runbook aktualisieren.</li><li>Wissenstransfer im Team durchfuehren.</li><li>Wirksamkeit nach 7 Tagen kontrollieren.</li></ol>','demo-xl,praevention,monitoring,alerting,checkliste,demo-xl---windows-deployment','seed_osticket_kb.py','2026-02-19 18:13:50','2026-02-19 18:14:06'),
(161,49,1,'DEMO XL - Windows Performance: Stoerung klassifizieren und Erstmassnahmen starten','<p><b>Ziel:</b> Stoerung sauber einordnen und schnell stabilisieren.</p><ol><li>Auswirkung und Betroffenheit erfassen.</li><li>Prioritaet nach SLA bestimmen.</li><li>Sofortmassnahme zur Stabilisierung durchfuehren.</li><li>Logeintraege und Fehlermeldungen sichern.</li><li>Ticket mit reproduzierbaren Schritten aktualisieren.</li></ol>','demo-xl,stoerung,klassifikation,erstmassnahmen,runbook,demo-xl---windows-performance','seed_osticket_kb.py','2026-02-19 18:13:50','2026-02-19 18:14:06'),
(162,49,1,'DEMO XL - Windows Performance: Root-Cause Analyse im Standardablauf','<p><b>Vorgehen:</b> Systematisch zur Ursache.</p><ol><li>Zeitleiste mit Aenderungen erstellen.</li><li>Komponenten einzeln isoliert testen.</li><li>Konfigurationsabweichungen vergleichen.</li><li>Hypothese pruefen und gegentesten.</li><li>Ursache mit Nachweis dokumentieren.</li></ol>','demo-xl,root cause,analyse,rca,ursache,demo-xl---windows-performance','seed_osticket_kb.py','2026-02-19 18:13:50','2026-02-19 18:14:06'),
(163,49,1,'DEMO XL - Windows Performance: Standard-Rollback nach fehlerhafter Aenderung','<p><b>Ziel:</b> Stabilen Zustand schnell wiederherstellen.</p><ol><li>Letzte Aenderung identifizieren.</li><li>Freigabe gemaess Change-Prozess holen.</li><li>Rollback-Schritte in definierter Reihenfolge ausfuehren.</li><li>Smoke-Test auf Kernfunktionen machen.</li><li>Resultat und offene Risiken kommunizieren.</li></ol>','demo-xl,rollback,change,fehler,stabilisierung,demo-xl---windows-performance','seed_osticket_kb.py','2026-02-19 18:13:50','2026-02-19 18:14:06'),
(164,49,1,'DEMO XL - Windows Performance: Praevention und Monitoring-Checks definieren','<p><b>Nachbearbeitung:</b> Wiederholungen vermeiden.</p><ol><li>Schwellwerte fuer Monitoring festlegen.</li><li>Automatische Alarme auf Fehlerbild einstellen.</li><li>Dokumentation und Runbook aktualisieren.</li><li>Wissenstransfer im Team durchfuehren.</li><li>Wirksamkeit nach 7 Tagen kontrollieren.</li></ol>','demo-xl,praevention,monitoring,alerting,checkliste,demo-xl---windows-performance','seed_osticket_kb.py','2026-02-19 18:13:50','2026-02-19 18:14:06'),
(165,50,1,'DEMO XL - Windows Printing: Stoerung klassifizieren und Erstmassnahmen starten','<p><b>Ziel:</b> Stoerung sauber einordnen und schnell stabilisieren.</p><ol><li>Auswirkung und Betroffenheit erfassen.</li><li>Prioritaet nach SLA bestimmen.</li><li>Sofortmassnahme zur Stabilisierung durchfuehren.</li><li>Logeintraege und Fehlermeldungen sichern.</li><li>Ticket mit reproduzierbaren Schritten aktualisieren.</li></ol>','demo-xl,stoerung,klassifikation,erstmassnahmen,runbook,demo-xl---windows-printing','seed_osticket_kb.py','2026-02-19 18:13:50','2026-02-19 18:14:06'),
(166,50,1,'DEMO XL - Windows Printing: Root-Cause Analyse im Standardablauf','<p><b>Vorgehen:</b> Systematisch zur Ursache.</p><ol><li>Zeitleiste mit Aenderungen erstellen.</li><li>Komponenten einzeln isoliert testen.</li><li>Konfigurationsabweichungen vergleichen.</li><li>Hypothese pruefen und gegentesten.</li><li>Ursache mit Nachweis dokumentieren.</li></ol>','demo-xl,root cause,analyse,rca,ursache,demo-xl---windows-printing','seed_osticket_kb.py','2026-02-19 18:13:50','2026-02-19 18:14:06'),
(167,50,1,'DEMO XL - Windows Printing: Standard-Rollback nach fehlerhafter Aenderung','<p><b>Ziel:</b> Stabilen Zustand schnell wiederherstellen.</p><ol><li>Letzte Aenderung identifizieren.</li><li>Freigabe gemaess Change-Prozess holen.</li><li>Rollback-Schritte in definierter Reihenfolge ausfuehren.</li><li>Smoke-Test auf Kernfunktionen machen.</li><li>Resultat und offene Risiken kommunizieren.</li></ol>','demo-xl,rollback,change,fehler,stabilisierung,demo-xl---windows-printing','seed_osticket_kb.py','2026-02-19 18:13:50','2026-02-19 18:14:06'),
(168,50,1,'DEMO XL - Windows Printing: Praevention und Monitoring-Checks definieren','<p><b>Nachbearbeitung:</b> Wiederholungen vermeiden.</p><ol><li>Schwellwerte fuer Monitoring festlegen.</li><li>Automatische Alarme auf Fehlerbild einstellen.</li><li>Dokumentation und Runbook aktualisieren.</li><li>Wissenstransfer im Team durchfuehren.</li><li>Wirksamkeit nach 7 Tagen kontrollieren.</li></ol>','demo-xl,praevention,monitoring,alerting,checkliste,demo-xl---windows-printing','seed_osticket_kb.py','2026-02-19 18:13:50','2026-02-19 18:14:06'),
(169,51,1,'DEMO XL - Windows Networking: Stoerung klassifizieren und Erstmassnahmen starten','<p><b>Ziel:</b> Stoerung sauber einordnen und schnell stabilisieren.</p><ol><li>Auswirkung und Betroffenheit erfassen.</li><li>Prioritaet nach SLA bestimmen.</li><li>Sofortmassnahme zur Stabilisierung durchfuehren.</li><li>Logeintraege und Fehlermeldungen sichern.</li><li>Ticket mit reproduzierbaren Schritten aktualisieren.</li></ol>','demo-xl,stoerung,klassifikation,erstmassnahmen,runbook,demo-xl---windows-networking','seed_osticket_kb.py','2026-02-19 18:13:50','2026-02-19 18:14:06'),
(170,51,1,'DEMO XL - Windows Networking: Root-Cause Analyse im Standardablauf','<p><b>Vorgehen:</b> Systematisch zur Ursache.</p><ol><li>Zeitleiste mit Aenderungen erstellen.</li><li>Komponenten einzeln isoliert testen.</li><li>Konfigurationsabweichungen vergleichen.</li><li>Hypothese pruefen und gegentesten.</li><li>Ursache mit Nachweis dokumentieren.</li></ol>','demo-xl,root cause,analyse,rca,ursache,demo-xl---windows-networking','seed_osticket_kb.py','2026-02-19 18:13:50','2026-02-19 18:14:06'),
(171,51,1,'DEMO XL - Windows Networking: Standard-Rollback nach fehlerhafter Aenderung','<p><b>Ziel:</b> Stabilen Zustand schnell wiederherstellen.</p><ol><li>Letzte Aenderung identifizieren.</li><li>Freigabe gemaess Change-Prozess holen.</li><li>Rollback-Schritte in definierter Reihenfolge ausfuehren.</li><li>Smoke-Test auf Kernfunktionen machen.</li><li>Resultat und offene Risiken kommunizieren.</li></ol>','demo-xl,rollback,change,fehler,stabilisierung,demo-xl---windows-networking','seed_osticket_kb.py','2026-02-19 18:13:50','2026-02-19 18:14:06'),
(172,51,1,'DEMO XL - Windows Networking: Praevention und Monitoring-Checks definieren','<p><b>Nachbearbeitung:</b> Wiederholungen vermeiden.</p><ol><li>Schwellwerte fuer Monitoring festlegen.</li><li>Automatische Alarme auf Fehlerbild einstellen.</li><li>Dokumentation und Runbook aktualisieren.</li><li>Wissenstransfer im Team durchfuehren.</li><li>Wirksamkeit nach 7 Tagen kontrollieren.</li></ol>','demo-xl,praevention,monitoring,alerting,checkliste,demo-xl---windows-networking','seed_osticket_kb.py','2026-02-19 18:13:50','2026-02-19 18:14:06'),
(173,52,1,'DEMO XL - DNS Operations: Stoerung klassifizieren und Erstmassnahmen starten','<p><b>Ziel:</b> Stoerung sauber einordnen und schnell stabilisieren.</p><ol><li>Auswirkung und Betroffenheit erfassen.</li><li>Prioritaet nach SLA bestimmen.</li><li>Sofortmassnahme zur Stabilisierung durchfuehren.</li><li>Logeintraege und Fehlermeldungen sichern.</li><li>Ticket mit reproduzierbaren Schritten aktualisieren.</li></ol>','demo-xl,stoerung,klassifikation,erstmassnahmen,runbook,demo-xl---dns-operations','seed_osticket_kb.py','2026-02-19 18:13:50','2026-02-19 18:14:06'),
(174,52,1,'DEMO XL - DNS Operations: Root-Cause Analyse im Standardablauf','<p><b>Vorgehen:</b> Systematisch zur Ursache.</p><ol><li>Zeitleiste mit Aenderungen erstellen.</li><li>Komponenten einzeln isoliert testen.</li><li>Konfigurationsabweichungen vergleichen.</li><li>Hypothese pruefen und gegentesten.</li><li>Ursache mit Nachweis dokumentieren.</li></ol>','demo-xl,root cause,analyse,rca,ursache,demo-xl---dns-operations','seed_osticket_kb.py','2026-02-19 18:13:50','2026-02-19 18:14:06'),
(175,52,1,'DEMO XL - DNS Operations: Standard-Rollback nach fehlerhafter Aenderung','<p><b>Ziel:</b> Stabilen Zustand schnell wiederherstellen.</p><ol><li>Letzte Aenderung identifizieren.</li><li>Freigabe gemaess Change-Prozess holen.</li><li>Rollback-Schritte in definierter Reihenfolge ausfuehren.</li><li>Smoke-Test auf Kernfunktionen machen.</li><li>Resultat und offene Risiken kommunizieren.</li></ol>','demo-xl,rollback,change,fehler,stabilisierung,demo-xl---dns-operations','seed_osticket_kb.py','2026-02-19 18:13:50','2026-02-19 18:14:06'),
(176,52,1,'DEMO XL - DNS Operations: Praevention und Monitoring-Checks definieren','<p><b>Nachbearbeitung:</b> Wiederholungen vermeiden.</p><ol><li>Schwellwerte fuer Monitoring festlegen.</li><li>Automatische Alarme auf Fehlerbild einstellen.</li><li>Dokumentation und Runbook aktualisieren.</li><li>Wissenstransfer im Team durchfuehren.</li><li>Wirksamkeit nach 7 Tagen kontrollieren.</li></ol>','demo-xl,praevention,monitoring,alerting,checkliste,demo-xl---dns-operations','seed_osticket_kb.py','2026-02-19 18:13:50','2026-02-19 18:14:06'),
(177,53,1,'DEMO XL - DHCP Operations: Stoerung klassifizieren und Erstmassnahmen starten','<p><b>Ziel:</b> Stoerung sauber einordnen und schnell stabilisieren.</p><ol><li>Auswirkung und Betroffenheit erfassen.</li><li>Prioritaet nach SLA bestimmen.</li><li>Sofortmassnahme zur Stabilisierung durchfuehren.</li><li>Logeintraege und Fehlermeldungen sichern.</li><li>Ticket mit reproduzierbaren Schritten aktualisieren.</li></ol>','demo-xl,stoerung,klassifikation,erstmassnahmen,runbook,demo-xl---dhcp-operations','seed_osticket_kb.py','2026-02-19 18:13:50','2026-02-19 18:14:06'),
(178,53,1,'DEMO XL - DHCP Operations: Root-Cause Analyse im Standardablauf','<p><b>Vorgehen:</b> Systematisch zur Ursache.</p><ol><li>Zeitleiste mit Aenderungen erstellen.</li><li>Komponenten einzeln isoliert testen.</li><li>Konfigurationsabweichungen vergleichen.</li><li>Hypothese pruefen und gegentesten.</li><li>Ursache mit Nachweis dokumentieren.</li></ol>','demo-xl,root cause,analyse,rca,ursache,demo-xl---dhcp-operations','seed_osticket_kb.py','2026-02-19 18:13:50','2026-02-19 18:14:06'),
(179,53,1,'DEMO XL - DHCP Operations: Standard-Rollback nach fehlerhafter Aenderung','<p><b>Ziel:</b> Stabilen Zustand schnell wiederherstellen.</p><ol><li>Letzte Aenderung identifizieren.</li><li>Freigabe gemaess Change-Prozess holen.</li><li>Rollback-Schritte in definierter Reihenfolge ausfuehren.</li><li>Smoke-Test auf Kernfunktionen machen.</li><li>Resultat und offene Risiken kommunizieren.</li></ol>','demo-xl,rollback,change,fehler,stabilisierung,demo-xl---dhcp-operations','seed_osticket_kb.py','2026-02-19 18:13:50','2026-02-19 18:14:06'),
(180,53,1,'DEMO XL - DHCP Operations: Praevention und Monitoring-Checks definieren','<p><b>Nachbearbeitung:</b> Wiederholungen vermeiden.</p><ol><li>Schwellwerte fuer Monitoring festlegen.</li><li>Automatische Alarme auf Fehlerbild einstellen.</li><li>Dokumentation und Runbook aktualisieren.</li><li>Wissenstransfer im Team durchfuehren.</li><li>Wirksamkeit nach 7 Tagen kontrollieren.</li></ol>','demo-xl,praevention,monitoring,alerting,checkliste,demo-xl---dhcp-operations','seed_osticket_kb.py','2026-02-19 18:13:50','2026-02-19 18:14:06'),
(181,54,1,'DEMO XL - VPN Operations: Stoerung klassifizieren und Erstmassnahmen starten','<p><b>Ziel:</b> Stoerung sauber einordnen und schnell stabilisieren.</p><ol><li>Auswirkung und Betroffenheit erfassen.</li><li>Prioritaet nach SLA bestimmen.</li><li>Sofortmassnahme zur Stabilisierung durchfuehren.</li><li>Logeintraege und Fehlermeldungen sichern.</li><li>Ticket mit reproduzierbaren Schritten aktualisieren.</li></ol>','demo-xl,stoerung,klassifikation,erstmassnahmen,runbook,demo-xl---vpn-operations','seed_osticket_kb.py','2026-02-19 18:13:50','2026-02-19 18:14:06'),
(182,54,1,'DEMO XL - VPN Operations: Root-Cause Analyse im Standardablauf','<p><b>Vorgehen:</b> Systematisch zur Ursache.</p><ol><li>Zeitleiste mit Aenderungen erstellen.</li><li>Komponenten einzeln isoliert testen.</li><li>Konfigurationsabweichungen vergleichen.</li><li>Hypothese pruefen und gegentesten.</li><li>Ursache mit Nachweis dokumentieren.</li></ol>','demo-xl,root cause,analyse,rca,ursache,demo-xl---vpn-operations','seed_osticket_kb.py','2026-02-19 18:13:50','2026-02-19 18:14:06'),
(183,54,1,'DEMO XL - VPN Operations: Standard-Rollback nach fehlerhafter Aenderung','<p><b>Ziel:</b> Stabilen Zustand schnell wiederherstellen.</p><ol><li>Letzte Aenderung identifizieren.</li><li>Freigabe gemaess Change-Prozess holen.</li><li>Rollback-Schritte in definierter Reihenfolge ausfuehren.</li><li>Smoke-Test auf Kernfunktionen machen.</li><li>Resultat und offene Risiken kommunizieren.</li></ol>','demo-xl,rollback,change,fehler,stabilisierung,demo-xl---vpn-operations','seed_osticket_kb.py','2026-02-19 18:13:50','2026-02-19 18:14:06'),
(184,54,1,'DEMO XL - VPN Operations: Praevention und Monitoring-Checks definieren','<p><b>Nachbearbeitung:</b> Wiederholungen vermeiden.</p><ol><li>Schwellwerte fuer Monitoring festlegen.</li><li>Automatische Alarme auf Fehlerbild einstellen.</li><li>Dokumentation und Runbook aktualisieren.</li><li>Wissenstransfer im Team durchfuehren.</li><li>Wirksamkeit nach 7 Tagen kontrollieren.</li></ol>','demo-xl,praevention,monitoring,alerting,checkliste,demo-xl---vpn-operations','seed_osticket_kb.py','2026-02-19 18:13:50','2026-02-19 18:14:06'),
(185,55,1,'DEMO XL - Firewall Rules: Stoerung klassifizieren und Erstmassnahmen starten','<p><b>Ziel:</b> Stoerung sauber einordnen und schnell stabilisieren.</p><ol><li>Auswirkung und Betroffenheit erfassen.</li><li>Prioritaet nach SLA bestimmen.</li><li>Sofortmassnahme zur Stabilisierung durchfuehren.</li><li>Logeintraege und Fehlermeldungen sichern.</li><li>Ticket mit reproduzierbaren Schritten aktualisieren.</li></ol>','demo-xl,stoerung,klassifikation,erstmassnahmen,runbook,demo-xl---firewall-rules','seed_osticket_kb.py','2026-02-19 18:13:50','2026-02-19 18:14:06'),
(186,55,1,'DEMO XL - Firewall Rules: Root-Cause Analyse im Standardablauf','<p><b>Vorgehen:</b> Systematisch zur Ursache.</p><ol><li>Zeitleiste mit Aenderungen erstellen.</li><li>Komponenten einzeln isoliert testen.</li><li>Konfigurationsabweichungen vergleichen.</li><li>Hypothese pruefen und gegentesten.</li><li>Ursache mit Nachweis dokumentieren.</li></ol>','demo-xl,root cause,analyse,rca,ursache,demo-xl---firewall-rules','seed_osticket_kb.py','2026-02-19 18:13:50','2026-02-19 18:14:06'),
(187,55,1,'DEMO XL - Firewall Rules: Standard-Rollback nach fehlerhafter Aenderung','<p><b>Ziel:</b> Stabilen Zustand schnell wiederherstellen.</p><ol><li>Letzte Aenderung identifizieren.</li><li>Freigabe gemaess Change-Prozess holen.</li><li>Rollback-Schritte in definierter Reihenfolge ausfuehren.</li><li>Smoke-Test auf Kernfunktionen machen.</li><li>Resultat und offene Risiken kommunizieren.</li></ol>','demo-xl,rollback,change,fehler,stabilisierung,demo-xl---firewall-rules','seed_osticket_kb.py','2026-02-19 18:13:50','2026-02-19 18:14:06'),
(188,55,1,'DEMO XL - Firewall Rules: Praevention und Monitoring-Checks definieren','<p><b>Nachbearbeitung:</b> Wiederholungen vermeiden.</p><ol><li>Schwellwerte fuer Monitoring festlegen.</li><li>Automatische Alarme auf Fehlerbild einstellen.</li><li>Dokumentation und Runbook aktualisieren.</li><li>Wissenstransfer im Team durchfuehren.</li><li>Wirksamkeit nach 7 Tagen kontrollieren.</li></ol>','demo-xl,praevention,monitoring,alerting,checkliste,demo-xl---firewall-rules','seed_osticket_kb.py','2026-02-19 18:13:50','2026-02-19 18:14:06'),
(189,56,1,'DEMO XL - Proxy Web: Stoerung klassifizieren und Erstmassnahmen starten','<p><b>Ziel:</b> Stoerung sauber einordnen und schnell stabilisieren.</p><ol><li>Auswirkung und Betroffenheit erfassen.</li><li>Prioritaet nach SLA bestimmen.</li><li>Sofortmassnahme zur Stabilisierung durchfuehren.</li><li>Logeintraege und Fehlermeldungen sichern.</li><li>Ticket mit reproduzierbaren Schritten aktualisieren.</li></ol>','demo-xl,stoerung,klassifikation,erstmassnahmen,runbook,demo-xl---proxy-web','seed_osticket_kb.py','2026-02-19 18:13:50','2026-02-19 18:14:06'),
(190,56,1,'DEMO XL - Proxy Web: Root-Cause Analyse im Standardablauf','<p><b>Vorgehen:</b> Systematisch zur Ursache.</p><ol><li>Zeitleiste mit Aenderungen erstellen.</li><li>Komponenten einzeln isoliert testen.</li><li>Konfigurationsabweichungen vergleichen.</li><li>Hypothese pruefen und gegentesten.</li><li>Ursache mit Nachweis dokumentieren.</li></ol>','demo-xl,root cause,analyse,rca,ursache,demo-xl---proxy-web','seed_osticket_kb.py','2026-02-19 18:13:50','2026-02-19 18:14:06'),
(191,56,1,'DEMO XL - Proxy Web: Standard-Rollback nach fehlerhafter Aenderung','<p><b>Ziel:</b> Stabilen Zustand schnell wiederherstellen.</p><ol><li>Letzte Aenderung identifizieren.</li><li>Freigabe gemaess Change-Prozess holen.</li><li>Rollback-Schritte in definierter Reihenfolge ausfuehren.</li><li>Smoke-Test auf Kernfunktionen machen.</li><li>Resultat und offene Risiken kommunizieren.</li></ol>','demo-xl,rollback,change,fehler,stabilisierung,demo-xl---proxy-web','seed_osticket_kb.py','2026-02-19 18:13:50','2026-02-19 18:14:06'),
(192,56,1,'DEMO XL - Proxy Web: Praevention und Monitoring-Checks definieren','<p><b>Nachbearbeitung:</b> Wiederholungen vermeiden.</p><ol><li>Schwellwerte fuer Monitoring festlegen.</li><li>Automatische Alarme auf Fehlerbild einstellen.</li><li>Dokumentation und Runbook aktualisieren.</li><li>Wissenstransfer im Team durchfuehren.</li><li>Wirksamkeit nach 7 Tagen kontrollieren.</li></ol>','demo-xl,praevention,monitoring,alerting,checkliste,demo-xl---proxy-web','seed_osticket_kb.py','2026-02-19 18:13:50','2026-02-19 18:14:06'),
(193,57,1,'DEMO XL - Microsoft 365 Apps: Stoerung klassifizieren und Erstmassnahmen starten','<p><b>Ziel:</b> Stoerung sauber einordnen und schnell stabilisieren.</p><ol><li>Auswirkung und Betroffenheit erfassen.</li><li>Prioritaet nach SLA bestimmen.</li><li>Sofortmassnahme zur Stabilisierung durchfuehren.</li><li>Logeintraege und Fehlermeldungen sichern.</li><li>Ticket mit reproduzierbaren Schritten aktualisieren.</li></ol>','demo-xl,stoerung,klassifikation,erstmassnahmen,runbook,demo-xl---microsoft-365-apps','seed_osticket_kb.py','2026-02-19 18:13:50','2026-02-19 18:14:06'),
(194,57,1,'DEMO XL - Microsoft 365 Apps: Root-Cause Analyse im Standardablauf','<p><b>Vorgehen:</b> Systematisch zur Ursache.</p><ol><li>Zeitleiste mit Aenderungen erstellen.</li><li>Komponenten einzeln isoliert testen.</li><li>Konfigurationsabweichungen vergleichen.</li><li>Hypothese pruefen und gegentesten.</li><li>Ursache mit Nachweis dokumentieren.</li></ol>','demo-xl,root cause,analyse,rca,ursache,demo-xl---microsoft-365-apps','seed_osticket_kb.py','2026-02-19 18:13:50','2026-02-19 18:14:06'),
(195,57,1,'DEMO XL - Microsoft 365 Apps: Standard-Rollback nach fehlerhafter Aenderung','<p><b>Ziel:</b> Stabilen Zustand schnell wiederherstellen.</p><ol><li>Letzte Aenderung identifizieren.</li><li>Freigabe gemaess Change-Prozess holen.</li><li>Rollback-Schritte in definierter Reihenfolge ausfuehren.</li><li>Smoke-Test auf Kernfunktionen machen.</li><li>Resultat und offene Risiken kommunizieren.</li></ol>','demo-xl,rollback,change,fehler,stabilisierung,demo-xl---microsoft-365-apps','seed_osticket_kb.py','2026-02-19 18:13:50','2026-02-19 18:14:06'),
(196,57,1,'DEMO XL - Microsoft 365 Apps: Praevention und Monitoring-Checks definieren','<p><b>Nachbearbeitung:</b> Wiederholungen vermeiden.</p><ol><li>Schwellwerte fuer Monitoring festlegen.</li><li>Automatische Alarme auf Fehlerbild einstellen.</li><li>Dokumentation und Runbook aktualisieren.</li><li>Wissenstransfer im Team durchfuehren.</li><li>Wirksamkeit nach 7 Tagen kontrollieren.</li></ol>','demo-xl,praevention,monitoring,alerting,checkliste,demo-xl---microsoft-365-apps','seed_osticket_kb.py','2026-02-19 18:13:50','2026-02-19 18:14:06'),
(197,58,1,'DEMO XL - Exchange Online: Stoerung klassifizieren und Erstmassnahmen starten','<p><b>Ziel:</b> Stoerung sauber einordnen und schnell stabilisieren.</p><ol><li>Auswirkung und Betroffenheit erfassen.</li><li>Prioritaet nach SLA bestimmen.</li><li>Sofortmassnahme zur Stabilisierung durchfuehren.</li><li>Logeintraege und Fehlermeldungen sichern.</li><li>Ticket mit reproduzierbaren Schritten aktualisieren.</li></ol>','demo-xl,stoerung,klassifikation,erstmassnahmen,runbook,demo-xl---exchange-online','seed_osticket_kb.py','2026-02-19 18:13:50','2026-02-19 18:14:06'),
(198,58,1,'DEMO XL - Exchange Online: Root-Cause Analyse im Standardablauf','<p><b>Vorgehen:</b> Systematisch zur Ursache.</p><ol><li>Zeitleiste mit Aenderungen erstellen.</li><li>Komponenten einzeln isoliert testen.</li><li>Konfigurationsabweichungen vergleichen.</li><li>Hypothese pruefen und gegentesten.</li><li>Ursache mit Nachweis dokumentieren.</li></ol>','demo-xl,root cause,analyse,rca,ursache,demo-xl---exchange-online','seed_osticket_kb.py','2026-02-19 18:13:50','2026-02-19 18:14:06'),
(199,58,1,'DEMO XL - Exchange Online: Standard-Rollback nach fehlerhafter Aenderung','<p><b>Ziel:</b> Stabilen Zustand schnell wiederherstellen.</p><ol><li>Letzte Aenderung identifizieren.</li><li>Freigabe gemaess Change-Prozess holen.</li><li>Rollback-Schritte in definierter Reihenfolge ausfuehren.</li><li>Smoke-Test auf Kernfunktionen machen.</li><li>Resultat und offene Risiken kommunizieren.</li></ol>','demo-xl,rollback,change,fehler,stabilisierung,demo-xl---exchange-online','seed_osticket_kb.py','2026-02-19 18:13:50','2026-02-19 18:14:06'),
(200,58,1,'DEMO XL - Exchange Online: Praevention und Monitoring-Checks definieren','<p><b>Nachbearbeitung:</b> Wiederholungen vermeiden.</p><ol><li>Schwellwerte fuer Monitoring festlegen.</li><li>Automatische Alarme auf Fehlerbild einstellen.</li><li>Dokumentation und Runbook aktualisieren.</li><li>Wissenstransfer im Team durchfuehren.</li><li>Wirksamkeit nach 7 Tagen kontrollieren.</li></ol>','demo-xl,praevention,monitoring,alerting,checkliste,demo-xl---exchange-online','seed_osticket_kb.py','2026-02-19 18:13:50','2026-02-19 18:14:06'),
(201,59,1,'DEMO XL - SharePoint Online: Stoerung klassifizieren und Erstmassnahmen starten','<p><b>Ziel:</b> Stoerung sauber einordnen und schnell stabilisieren.</p><ol><li>Auswirkung und Betroffenheit erfassen.</li><li>Prioritaet nach SLA bestimmen.</li><li>Sofortmassnahme zur Stabilisierung durchfuehren.</li><li>Logeintraege und Fehlermeldungen sichern.</li><li>Ticket mit reproduzierbaren Schritten aktualisieren.</li></ol>','demo-xl,stoerung,klassifikation,erstmassnahmen,runbook,demo-xl---sharepoint-online','seed_osticket_kb.py','2026-02-19 18:13:50','2026-02-19 18:14:06'),
(202,59,1,'DEMO XL - SharePoint Online: Root-Cause Analyse im Standardablauf','<p><b>Vorgehen:</b> Systematisch zur Ursache.</p><ol><li>Zeitleiste mit Aenderungen erstellen.</li><li>Komponenten einzeln isoliert testen.</li><li>Konfigurationsabweichungen vergleichen.</li><li>Hypothese pruefen und gegentesten.</li><li>Ursache mit Nachweis dokumentieren.</li></ol>','demo-xl,root cause,analyse,rca,ursache,demo-xl---sharepoint-online','seed_osticket_kb.py','2026-02-19 18:13:50','2026-02-19 18:14:06'),
(203,59,1,'DEMO XL - SharePoint Online: Standard-Rollback nach fehlerhafter Aenderung','<p><b>Ziel:</b> Stabilen Zustand schnell wiederherstellen.</p><ol><li>Letzte Aenderung identifizieren.</li><li>Freigabe gemaess Change-Prozess holen.</li><li>Rollback-Schritte in definierter Reihenfolge ausfuehren.</li><li>Smoke-Test auf Kernfunktionen machen.</li><li>Resultat und offene Risiken kommunizieren.</li></ol>','demo-xl,rollback,change,fehler,stabilisierung,demo-xl---sharepoint-online','seed_osticket_kb.py','2026-02-19 18:13:50','2026-02-19 18:14:06'),
(204,59,1,'DEMO XL - SharePoint Online: Praevention und Monitoring-Checks definieren','<p><b>Nachbearbeitung:</b> Wiederholungen vermeiden.</p><ol><li>Schwellwerte fuer Monitoring festlegen.</li><li>Automatische Alarme auf Fehlerbild einstellen.</li><li>Dokumentation und Runbook aktualisieren.</li><li>Wissenstransfer im Team durchfuehren.</li><li>Wirksamkeit nach 7 Tagen kontrollieren.</li></ol>','demo-xl,praevention,monitoring,alerting,checkliste,demo-xl---sharepoint-online','seed_osticket_kb.py','2026-02-19 18:13:50','2026-02-19 18:14:06'),
(205,60,1,'DEMO XL - OneDrive Operations: Stoerung klassifizieren und Erstmassnahmen starten','<p><b>Ziel:</b> Stoerung sauber einordnen und schnell stabilisieren.</p><ol><li>Auswirkung und Betroffenheit erfassen.</li><li>Prioritaet nach SLA bestimmen.</li><li>Sofortmassnahme zur Stabilisierung durchfuehren.</li><li>Logeintraege und Fehlermeldungen sichern.</li><li>Ticket mit reproduzierbaren Schritten aktualisieren.</li></ol>','demo-xl,stoerung,klassifikation,erstmassnahmen,runbook,demo-xl---onedrive-operations','seed_osticket_kb.py','2026-02-19 18:13:50','2026-02-19 18:14:06'),
(206,60,1,'DEMO XL - OneDrive Operations: Root-Cause Analyse im Standardablauf','<p><b>Vorgehen:</b> Systematisch zur Ursache.</p><ol><li>Zeitleiste mit Aenderungen erstellen.</li><li>Komponenten einzeln isoliert testen.</li><li>Konfigurationsabweichungen vergleichen.</li><li>Hypothese pruefen und gegentesten.</li><li>Ursache mit Nachweis dokumentieren.</li></ol>','demo-xl,root cause,analyse,rca,ursache,demo-xl---onedrive-operations','seed_osticket_kb.py','2026-02-19 18:13:50','2026-02-19 18:14:06'),
(207,60,1,'DEMO XL - OneDrive Operations: Standard-Rollback nach fehlerhafter Aenderung','<p><b>Ziel:</b> Stabilen Zustand schnell wiederherstellen.</p><ol><li>Letzte Aenderung identifizieren.</li><li>Freigabe gemaess Change-Prozess holen.</li><li>Rollback-Schritte in definierter Reihenfolge ausfuehren.</li><li>Smoke-Test auf Kernfunktionen machen.</li><li>Resultat und offene Risiken kommunizieren.</li></ol>','demo-xl,rollback,change,fehler,stabilisierung,demo-xl---onedrive-operations','seed_osticket_kb.py','2026-02-19 18:13:50','2026-02-19 18:14:06'),
(208,60,1,'DEMO XL - OneDrive Operations: Praevention und Monitoring-Checks definieren','<p><b>Nachbearbeitung:</b> Wiederholungen vermeiden.</p><ol><li>Schwellwerte fuer Monitoring festlegen.</li><li>Automatische Alarme auf Fehlerbild einstellen.</li><li>Dokumentation und Runbook aktualisieren.</li><li>Wissenstransfer im Team durchfuehren.</li><li>Wirksamkeit nach 7 Tagen kontrollieren.</li></ol>','demo-xl,praevention,monitoring,alerting,checkliste,demo-xl---onedrive-operations','seed_osticket_kb.py','2026-02-19 18:13:51','2026-02-19 18:14:06'),
(209,61,1,'DEMO XL - Teams Collaboration: Stoerung klassifizieren und Erstmassnahmen starten','<p><b>Ziel:</b> Stoerung sauber einordnen und schnell stabilisieren.</p><ol><li>Auswirkung und Betroffenheit erfassen.</li><li>Prioritaet nach SLA bestimmen.</li><li>Sofortmassnahme zur Stabilisierung durchfuehren.</li><li>Logeintraege und Fehlermeldungen sichern.</li><li>Ticket mit reproduzierbaren Schritten aktualisieren.</li></ol>','demo-xl,stoerung,klassifikation,erstmassnahmen,runbook,demo-xl---teams-collaboration','seed_osticket_kb.py','2026-02-19 18:13:51','2026-02-19 18:14:06'),
(210,61,1,'DEMO XL - Teams Collaboration: Root-Cause Analyse im Standardablauf','<p><b>Vorgehen:</b> Systematisch zur Ursache.</p><ol><li>Zeitleiste mit Aenderungen erstellen.</li><li>Komponenten einzeln isoliert testen.</li><li>Konfigurationsabweichungen vergleichen.</li><li>Hypothese pruefen und gegentesten.</li><li>Ursache mit Nachweis dokumentieren.</li></ol>','demo-xl,root cause,analyse,rca,ursache,demo-xl---teams-collaboration','seed_osticket_kb.py','2026-02-19 18:13:51','2026-02-19 18:14:06'),
(211,61,1,'DEMO XL - Teams Collaboration: Standard-Rollback nach fehlerhafter Aenderung','<p><b>Ziel:</b> Stabilen Zustand schnell wiederherstellen.</p><ol><li>Letzte Aenderung identifizieren.</li><li>Freigabe gemaess Change-Prozess holen.</li><li>Rollback-Schritte in definierter Reihenfolge ausfuehren.</li><li>Smoke-Test auf Kernfunktionen machen.</li><li>Resultat und offene Risiken kommunizieren.</li></ol>','demo-xl,rollback,change,fehler,stabilisierung,demo-xl---teams-collaboration','seed_osticket_kb.py','2026-02-19 18:13:51','2026-02-19 18:14:06'),
(212,61,1,'DEMO XL - Teams Collaboration: Praevention und Monitoring-Checks definieren','<p><b>Nachbearbeitung:</b> Wiederholungen vermeiden.</p><ol><li>Schwellwerte fuer Monitoring festlegen.</li><li>Automatische Alarme auf Fehlerbild einstellen.</li><li>Dokumentation und Runbook aktualisieren.</li><li>Wissenstransfer im Team durchfuehren.</li><li>Wirksamkeit nach 7 Tagen kontrollieren.</li></ol>','demo-xl,praevention,monitoring,alerting,checkliste,demo-xl---teams-collaboration','seed_osticket_kb.py','2026-02-19 18:13:51','2026-02-19 18:14:06'),
(213,62,1,'DEMO XL - Teams Meetings: Stoerung klassifizieren und Erstmassnahmen starten','<p><b>Ziel:</b> Stoerung sauber einordnen und schnell stabilisieren.</p><ol><li>Auswirkung und Betroffenheit erfassen.</li><li>Prioritaet nach SLA bestimmen.</li><li>Sofortmassnahme zur Stabilisierung durchfuehren.</li><li>Logeintraege und Fehlermeldungen sichern.</li><li>Ticket mit reproduzierbaren Schritten aktualisieren.</li></ol>','demo-xl,stoerung,klassifikation,erstmassnahmen,runbook,demo-xl---teams-meetings','seed_osticket_kb.py','2026-02-19 18:13:51','2026-02-19 18:14:06'),
(214,62,1,'DEMO XL - Teams Meetings: Root-Cause Analyse im Standardablauf','<p><b>Vorgehen:</b> Systematisch zur Ursache.</p><ol><li>Zeitleiste mit Aenderungen erstellen.</li><li>Komponenten einzeln isoliert testen.</li><li>Konfigurationsabweichungen vergleichen.</li><li>Hypothese pruefen und gegentesten.</li><li>Ursache mit Nachweis dokumentieren.</li></ol>','demo-xl,root cause,analyse,rca,ursache,demo-xl---teams-meetings','seed_osticket_kb.py','2026-02-19 18:13:51','2026-02-19 18:14:06'),
(215,62,1,'DEMO XL - Teams Meetings: Standard-Rollback nach fehlerhafter Aenderung','<p><b>Ziel:</b> Stabilen Zustand schnell wiederherstellen.</p><ol><li>Letzte Aenderung identifizieren.</li><li>Freigabe gemaess Change-Prozess holen.</li><li>Rollback-Schritte in definierter Reihenfolge ausfuehren.</li><li>Smoke-Test auf Kernfunktionen machen.</li><li>Resultat und offene Risiken kommunizieren.</li></ol>','demo-xl,rollback,change,fehler,stabilisierung,demo-xl---teams-meetings','seed_osticket_kb.py','2026-02-19 18:13:51','2026-02-19 18:14:06'),
(216,62,1,'DEMO XL - Teams Meetings: Praevention und Monitoring-Checks definieren','<p><b>Nachbearbeitung:</b> Wiederholungen vermeiden.</p><ol><li>Schwellwerte fuer Monitoring festlegen.</li><li>Automatische Alarme auf Fehlerbild einstellen.</li><li>Dokumentation und Runbook aktualisieren.</li><li>Wissenstransfer im Team durchfuehren.</li><li>Wirksamkeit nach 7 Tagen kontrollieren.</li></ol>','demo-xl,praevention,monitoring,alerting,checkliste,demo-xl---teams-meetings','seed_osticket_kb.py','2026-02-19 18:13:51','2026-02-19 18:14:06'),
(217,63,1,'DEMO XL - Teams Voice: Stoerung klassifizieren und Erstmassnahmen starten','<p><b>Ziel:</b> Stoerung sauber einordnen und schnell stabilisieren.</p><ol><li>Auswirkung und Betroffenheit erfassen.</li><li>Prioritaet nach SLA bestimmen.</li><li>Sofortmassnahme zur Stabilisierung durchfuehren.</li><li>Logeintraege und Fehlermeldungen sichern.</li><li>Ticket mit reproduzierbaren Schritten aktualisieren.</li></ol>','demo-xl,stoerung,klassifikation,erstmassnahmen,runbook,demo-xl---teams-voice','seed_osticket_kb.py','2026-02-19 18:13:51','2026-02-19 18:14:06'),
(218,63,1,'DEMO XL - Teams Voice: Root-Cause Analyse im Standardablauf','<p><b>Vorgehen:</b> Systematisch zur Ursache.</p><ol><li>Zeitleiste mit Aenderungen erstellen.</li><li>Komponenten einzeln isoliert testen.</li><li>Konfigurationsabweichungen vergleichen.</li><li>Hypothese pruefen und gegentesten.</li><li>Ursache mit Nachweis dokumentieren.</li></ol>','demo-xl,root cause,analyse,rca,ursache,demo-xl---teams-voice','seed_osticket_kb.py','2026-02-19 18:13:51','2026-02-19 18:14:06'),
(219,63,1,'DEMO XL - Teams Voice: Standard-Rollback nach fehlerhafter Aenderung','<p><b>Ziel:</b> Stabilen Zustand schnell wiederherstellen.</p><ol><li>Letzte Aenderung identifizieren.</li><li>Freigabe gemaess Change-Prozess holen.</li><li>Rollback-Schritte in definierter Reihenfolge ausfuehren.</li><li>Smoke-Test auf Kernfunktionen machen.</li><li>Resultat und offene Risiken kommunizieren.</li></ol>','demo-xl,rollback,change,fehler,stabilisierung,demo-xl---teams-voice','seed_osticket_kb.py','2026-02-19 18:13:51','2026-02-19 18:14:06'),
(220,63,1,'DEMO XL - Teams Voice: Praevention und Monitoring-Checks definieren','<p><b>Nachbearbeitung:</b> Wiederholungen vermeiden.</p><ol><li>Schwellwerte fuer Monitoring festlegen.</li><li>Automatische Alarme auf Fehlerbild einstellen.</li><li>Dokumentation und Runbook aktualisieren.</li><li>Wissenstransfer im Team durchfuehren.</li><li>Wirksamkeit nach 7 Tagen kontrollieren.</li></ol>','demo-xl,praevention,monitoring,alerting,checkliste,demo-xl---teams-voice','seed_osticket_kb.py','2026-02-19 18:13:51','2026-02-19 18:14:06'),
(221,64,1,'DEMO XL - Mail Security: Stoerung klassifizieren und Erstmassnahmen starten','<p><b>Ziel:</b> Stoerung sauber einordnen und schnell stabilisieren.</p><ol><li>Auswirkung und Betroffenheit erfassen.</li><li>Prioritaet nach SLA bestimmen.</li><li>Sofortmassnahme zur Stabilisierung durchfuehren.</li><li>Logeintraege und Fehlermeldungen sichern.</li><li>Ticket mit reproduzierbaren Schritten aktualisieren.</li></ol>','demo-xl,stoerung,klassifikation,erstmassnahmen,runbook,demo-xl---mail-security','seed_osticket_kb.py','2026-02-19 18:13:51','2026-02-19 18:14:06'),
(222,64,1,'DEMO XL - Mail Security: Root-Cause Analyse im Standardablauf','<p><b>Vorgehen:</b> Systematisch zur Ursache.</p><ol><li>Zeitleiste mit Aenderungen erstellen.</li><li>Komponenten einzeln isoliert testen.</li><li>Konfigurationsabweichungen vergleichen.</li><li>Hypothese pruefen und gegentesten.</li><li>Ursache mit Nachweis dokumentieren.</li></ol>','demo-xl,root cause,analyse,rca,ursache,demo-xl---mail-security','seed_osticket_kb.py','2026-02-19 18:13:51','2026-02-19 18:14:06'),
(223,64,1,'DEMO XL - Mail Security: Standard-Rollback nach fehlerhafter Aenderung','<p><b>Ziel:</b> Stabilen Zustand schnell wiederherstellen.</p><ol><li>Letzte Aenderung identifizieren.</li><li>Freigabe gemaess Change-Prozess holen.</li><li>Rollback-Schritte in definierter Reihenfolge ausfuehren.</li><li>Smoke-Test auf Kernfunktionen machen.</li><li>Resultat und offene Risiken kommunizieren.</li></ol>','demo-xl,rollback,change,fehler,stabilisierung,demo-xl---mail-security','seed_osticket_kb.py','2026-02-19 18:13:51','2026-02-19 18:14:06'),
(224,64,1,'DEMO XL - Mail Security: Praevention und Monitoring-Checks definieren','<p><b>Nachbearbeitung:</b> Wiederholungen vermeiden.</p><ol><li>Schwellwerte fuer Monitoring festlegen.</li><li>Automatische Alarme auf Fehlerbild einstellen.</li><li>Dokumentation und Runbook aktualisieren.</li><li>Wissenstransfer im Team durchfuehren.</li><li>Wirksamkeit nach 7 Tagen kontrollieren.</li></ol>','demo-xl,praevention,monitoring,alerting,checkliste,demo-xl---mail-security','seed_osticket_kb.py','2026-02-19 18:13:51','2026-02-19 18:14:06'),
(225,65,1,'DEMO XL - SPF DKIM DMARC: Stoerung klassifizieren und Erstmassnahmen starten','<p><b>Ziel:</b> Stoerung sauber einordnen und schnell stabilisieren.</p><ol><li>Auswirkung und Betroffenheit erfassen.</li><li>Prioritaet nach SLA bestimmen.</li><li>Sofortmassnahme zur Stabilisierung durchfuehren.</li><li>Logeintraege und Fehlermeldungen sichern.</li><li>Ticket mit reproduzierbaren Schritten aktualisieren.</li></ol>','demo-xl,stoerung,klassifikation,erstmassnahmen,runbook,demo-xl---spf-dkim-dmarc','seed_osticket_kb.py','2026-02-19 18:13:51','2026-02-19 18:14:06'),
(226,65,1,'DEMO XL - SPF DKIM DMARC: Root-Cause Analyse im Standardablauf','<p><b>Vorgehen:</b> Systematisch zur Ursache.</p><ol><li>Zeitleiste mit Aenderungen erstellen.</li><li>Komponenten einzeln isoliert testen.</li><li>Konfigurationsabweichungen vergleichen.</li><li>Hypothese pruefen und gegentesten.</li><li>Ursache mit Nachweis dokumentieren.</li></ol>','demo-xl,root cause,analyse,rca,ursache,demo-xl---spf-dkim-dmarc','seed_osticket_kb.py','2026-02-19 18:13:51','2026-02-19 18:14:06'),
(227,65,1,'DEMO XL - SPF DKIM DMARC: Standard-Rollback nach fehlerhafter Aenderung','<p><b>Ziel:</b> Stabilen Zustand schnell wiederherstellen.</p><ol><li>Letzte Aenderung identifizieren.</li><li>Freigabe gemaess Change-Prozess holen.</li><li>Rollback-Schritte in definierter Reihenfolge ausfuehren.</li><li>Smoke-Test auf Kernfunktionen machen.</li><li>Resultat und offene Risiken kommunizieren.</li></ol>','demo-xl,rollback,change,fehler,stabilisierung,demo-xl---spf-dkim-dmarc','seed_osticket_kb.py','2026-02-19 18:13:51','2026-02-19 18:14:06'),
(228,65,1,'DEMO XL - SPF DKIM DMARC: Praevention und Monitoring-Checks definieren','<p><b>Nachbearbeitung:</b> Wiederholungen vermeiden.</p><ol><li>Schwellwerte fuer Monitoring festlegen.</li><li>Automatische Alarme auf Fehlerbild einstellen.</li><li>Dokumentation und Runbook aktualisieren.</li><li>Wissenstransfer im Team durchfuehren.</li><li>Wirksamkeit nach 7 Tagen kontrollieren.</li></ol>','demo-xl,praevention,monitoring,alerting,checkliste,demo-xl---spf-dkim-dmarc','seed_osticket_kb.py','2026-02-19 18:13:51','2026-02-19 18:14:06'),
(229,66,1,'DEMO XL - Backup Policy: Stoerung klassifizieren und Erstmassnahmen starten','<p><b>Ziel:</b> Stoerung sauber einordnen und schnell stabilisieren.</p><ol><li>Auswirkung und Betroffenheit erfassen.</li><li>Prioritaet nach SLA bestimmen.</li><li>Sofortmassnahme zur Stabilisierung durchfuehren.</li><li>Logeintraege und Fehlermeldungen sichern.</li><li>Ticket mit reproduzierbaren Schritten aktualisieren.</li></ol>','demo-xl,stoerung,klassifikation,erstmassnahmen,runbook,demo-xl---backup-policy','seed_osticket_kb.py','2026-02-19 18:13:51','2026-02-19 18:14:06'),
(230,66,1,'DEMO XL - Backup Policy: Root-Cause Analyse im Standardablauf','<p><b>Vorgehen:</b> Systematisch zur Ursache.</p><ol><li>Zeitleiste mit Aenderungen erstellen.</li><li>Komponenten einzeln isoliert testen.</li><li>Konfigurationsabweichungen vergleichen.</li><li>Hypothese pruefen und gegentesten.</li><li>Ursache mit Nachweis dokumentieren.</li></ol>','demo-xl,root cause,analyse,rca,ursache,demo-xl---backup-policy','seed_osticket_kb.py','2026-02-19 18:13:51','2026-02-19 18:14:06'),
(231,66,1,'DEMO XL - Backup Policy: Standard-Rollback nach fehlerhafter Aenderung','<p><b>Ziel:</b> Stabilen Zustand schnell wiederherstellen.</p><ol><li>Letzte Aenderung identifizieren.</li><li>Freigabe gemaess Change-Prozess holen.</li><li>Rollback-Schritte in definierter Reihenfolge ausfuehren.</li><li>Smoke-Test auf Kernfunktionen machen.</li><li>Resultat und offene Risiken kommunizieren.</li></ol>','demo-xl,rollback,change,fehler,stabilisierung,demo-xl---backup-policy','seed_osticket_kb.py','2026-02-19 18:13:51','2026-02-19 18:14:06'),
(232,66,1,'DEMO XL - Backup Policy: Praevention und Monitoring-Checks definieren','<p><b>Nachbearbeitung:</b> Wiederholungen vermeiden.</p><ol><li>Schwellwerte fuer Monitoring festlegen.</li><li>Automatische Alarme auf Fehlerbild einstellen.</li><li>Dokumentation und Runbook aktualisieren.</li><li>Wissenstransfer im Team durchfuehren.</li><li>Wirksamkeit nach 7 Tagen kontrollieren.</li></ol>','demo-xl,praevention,monitoring,alerting,checkliste,demo-xl---backup-policy','seed_osticket_kb.py','2026-02-19 18:13:51','2026-02-19 18:14:06'),
(233,67,1,'DEMO XL - Backup Restore: Stoerung klassifizieren und Erstmassnahmen starten','<p><b>Ziel:</b> Stoerung sauber einordnen und schnell stabilisieren.</p><ol><li>Auswirkung und Betroffenheit erfassen.</li><li>Prioritaet nach SLA bestimmen.</li><li>Sofortmassnahme zur Stabilisierung durchfuehren.</li><li>Logeintraege und Fehlermeldungen sichern.</li><li>Ticket mit reproduzierbaren Schritten aktualisieren.</li></ol>','demo-xl,stoerung,klassifikation,erstmassnahmen,runbook,demo-xl---backup-restore','seed_osticket_kb.py','2026-02-19 18:13:51','2026-02-19 18:14:06'),
(234,67,1,'DEMO XL - Backup Restore: Root-Cause Analyse im Standardablauf','<p><b>Vorgehen:</b> Systematisch zur Ursache.</p><ol><li>Zeitleiste mit Aenderungen erstellen.</li><li>Komponenten einzeln isoliert testen.</li><li>Konfigurationsabweichungen vergleichen.</li><li>Hypothese pruefen und gegentesten.</li><li>Ursache mit Nachweis dokumentieren.</li></ol>','demo-xl,root cause,analyse,rca,ursache,demo-xl---backup-restore','seed_osticket_kb.py','2026-02-19 18:13:51','2026-02-19 18:14:06'),
(235,67,1,'DEMO XL - Backup Restore: Standard-Rollback nach fehlerhafter Aenderung','<p><b>Ziel:</b> Stabilen Zustand schnell wiederherstellen.</p><ol><li>Letzte Aenderung identifizieren.</li><li>Freigabe gemaess Change-Prozess holen.</li><li>Rollback-Schritte in definierter Reihenfolge ausfuehren.</li><li>Smoke-Test auf Kernfunktionen machen.</li><li>Resultat und offene Risiken kommunizieren.</li></ol>','demo-xl,rollback,change,fehler,stabilisierung,demo-xl---backup-restore','seed_osticket_kb.py','2026-02-19 18:13:51','2026-02-19 18:14:06'),
(236,67,1,'DEMO XL - Backup Restore: Praevention und Monitoring-Checks definieren','<p><b>Nachbearbeitung:</b> Wiederholungen vermeiden.</p><ol><li>Schwellwerte fuer Monitoring festlegen.</li><li>Automatische Alarme auf Fehlerbild einstellen.</li><li>Dokumentation und Runbook aktualisieren.</li><li>Wissenstransfer im Team durchfuehren.</li><li>Wirksamkeit nach 7 Tagen kontrollieren.</li></ol>','demo-xl,praevention,monitoring,alerting,checkliste,demo-xl---backup-restore','seed_osticket_kb.py','2026-02-19 18:13:51','2026-02-19 18:14:06'),
(237,68,1,'DEMO XL - Storage Capacity: Stoerung klassifizieren und Erstmassnahmen starten','<p><b>Ziel:</b> Stoerung sauber einordnen und schnell stabilisieren.</p><ol><li>Auswirkung und Betroffenheit erfassen.</li><li>Prioritaet nach SLA bestimmen.</li><li>Sofortmassnahme zur Stabilisierung durchfuehren.</li><li>Logeintraege und Fehlermeldungen sichern.</li><li>Ticket mit reproduzierbaren Schritten aktualisieren.</li></ol>','demo-xl,stoerung,klassifikation,erstmassnahmen,runbook,demo-xl---storage-capacity','seed_osticket_kb.py','2026-02-19 18:13:51','2026-02-19 18:14:06'),
(238,68,1,'DEMO XL - Storage Capacity: Root-Cause Analyse im Standardablauf','<p><b>Vorgehen:</b> Systematisch zur Ursache.</p><ol><li>Zeitleiste mit Aenderungen erstellen.</li><li>Komponenten einzeln isoliert testen.</li><li>Konfigurationsabweichungen vergleichen.</li><li>Hypothese pruefen und gegentesten.</li><li>Ursache mit Nachweis dokumentieren.</li></ol>','demo-xl,root cause,analyse,rca,ursache,demo-xl---storage-capacity','seed_osticket_kb.py','2026-02-19 18:13:51','2026-02-19 18:14:06'),
(239,68,1,'DEMO XL - Storage Capacity: Standard-Rollback nach fehlerhafter Aenderung','<p><b>Ziel:</b> Stabilen Zustand schnell wiederherstellen.</p><ol><li>Letzte Aenderung identifizieren.</li><li>Freigabe gemaess Change-Prozess holen.</li><li>Rollback-Schritte in definierter Reihenfolge ausfuehren.</li><li>Smoke-Test auf Kernfunktionen machen.</li><li>Resultat und offene Risiken kommunizieren.</li></ol>','demo-xl,rollback,change,fehler,stabilisierung,demo-xl---storage-capacity','seed_osticket_kb.py','2026-02-19 18:13:51','2026-02-19 18:14:06'),
(240,68,1,'DEMO XL - Storage Capacity: Praevention und Monitoring-Checks definieren','<p><b>Nachbearbeitung:</b> Wiederholungen vermeiden.</p><ol><li>Schwellwerte fuer Monitoring festlegen.</li><li>Automatische Alarme auf Fehlerbild einstellen.</li><li>Dokumentation und Runbook aktualisieren.</li><li>Wissenstransfer im Team durchfuehren.</li><li>Wirksamkeit nach 7 Tagen kontrollieren.</li></ol>','demo-xl,praevention,monitoring,alerting,checkliste,demo-xl---storage-capacity','seed_osticket_kb.py','2026-02-19 18:13:51','2026-02-19 18:14:06'),
(241,69,1,'DEMO XL - VMware Operations: Stoerung klassifizieren und Erstmassnahmen starten','<p><b>Ziel:</b> Stoerung sauber einordnen und schnell stabilisieren.</p><ol><li>Auswirkung und Betroffenheit erfassen.</li><li>Prioritaet nach SLA bestimmen.</li><li>Sofortmassnahme zur Stabilisierung durchfuehren.</li><li>Logeintraege und Fehlermeldungen sichern.</li><li>Ticket mit reproduzierbaren Schritten aktualisieren.</li></ol>','demo-xl,stoerung,klassifikation,erstmassnahmen,runbook,demo-xl---vmware-operations','seed_osticket_kb.py','2026-02-19 18:13:51','2026-02-19 18:14:06'),
(242,69,1,'DEMO XL - VMware Operations: Root-Cause Analyse im Standardablauf','<p><b>Vorgehen:</b> Systematisch zur Ursache.</p><ol><li>Zeitleiste mit Aenderungen erstellen.</li><li>Komponenten einzeln isoliert testen.</li><li>Konfigurationsabweichungen vergleichen.</li><li>Hypothese pruefen und gegentesten.</li><li>Ursache mit Nachweis dokumentieren.</li></ol>','demo-xl,root cause,analyse,rca,ursache,demo-xl---vmware-operations','seed_osticket_kb.py','2026-02-19 18:13:51','2026-02-19 18:14:06'),
(243,69,1,'DEMO XL - VMware Operations: Standard-Rollback nach fehlerhafter Aenderung','<p><b>Ziel:</b> Stabilen Zustand schnell wiederherstellen.</p><ol><li>Letzte Aenderung identifizieren.</li><li>Freigabe gemaess Change-Prozess holen.</li><li>Rollback-Schritte in definierter Reihenfolge ausfuehren.</li><li>Smoke-Test auf Kernfunktionen machen.</li><li>Resultat und offene Risiken kommunizieren.</li></ol>','demo-xl,rollback,change,fehler,stabilisierung,demo-xl---vmware-operations','seed_osticket_kb.py','2026-02-19 18:13:51','2026-02-19 18:14:06'),
(244,69,1,'DEMO XL - VMware Operations: Praevention und Monitoring-Checks definieren','<p><b>Nachbearbeitung:</b> Wiederholungen vermeiden.</p><ol><li>Schwellwerte fuer Monitoring festlegen.</li><li>Automatische Alarme auf Fehlerbild einstellen.</li><li>Dokumentation und Runbook aktualisieren.</li><li>Wissenstransfer im Team durchfuehren.</li><li>Wirksamkeit nach 7 Tagen kontrollieren.</li></ol>','demo-xl,praevention,monitoring,alerting,checkliste,demo-xl---vmware-operations','seed_osticket_kb.py','2026-02-19 18:13:51','2026-02-19 18:14:06'),
(245,70,1,'DEMO XL - HyperV Operations: Stoerung klassifizieren und Erstmassnahmen starten','<p><b>Ziel:</b> Stoerung sauber einordnen und schnell stabilisieren.</p><ol><li>Auswirkung und Betroffenheit erfassen.</li><li>Prioritaet nach SLA bestimmen.</li><li>Sofortmassnahme zur Stabilisierung durchfuehren.</li><li>Logeintraege und Fehlermeldungen sichern.</li><li>Ticket mit reproduzierbaren Schritten aktualisieren.</li></ol>','demo-xl,stoerung,klassifikation,erstmassnahmen,runbook,demo-xl---hyperv-operations','seed_osticket_kb.py','2026-02-19 18:13:51','2026-02-19 18:14:06'),
(246,70,1,'DEMO XL - HyperV Operations: Root-Cause Analyse im Standardablauf','<p><b>Vorgehen:</b> Systematisch zur Ursache.</p><ol><li>Zeitleiste mit Aenderungen erstellen.</li><li>Komponenten einzeln isoliert testen.</li><li>Konfigurationsabweichungen vergleichen.</li><li>Hypothese pruefen und gegentesten.</li><li>Ursache mit Nachweis dokumentieren.</li></ol>','demo-xl,root cause,analyse,rca,ursache,demo-xl---hyperv-operations','seed_osticket_kb.py','2026-02-19 18:13:51','2026-02-19 18:14:06'),
(247,70,1,'DEMO XL - HyperV Operations: Standard-Rollback nach fehlerhafter Aenderung','<p><b>Ziel:</b> Stabilen Zustand schnell wiederherstellen.</p><ol><li>Letzte Aenderung identifizieren.</li><li>Freigabe gemaess Change-Prozess holen.</li><li>Rollback-Schritte in definierter Reihenfolge ausfuehren.</li><li>Smoke-Test auf Kernfunktionen machen.</li><li>Resultat und offene Risiken kommunizieren.</li></ol>','demo-xl,rollback,change,fehler,stabilisierung,demo-xl---hyperv-operations','seed_osticket_kb.py','2026-02-19 18:13:51','2026-02-19 18:14:06'),
(248,70,1,'DEMO XL - HyperV Operations: Praevention und Monitoring-Checks definieren','<p><b>Nachbearbeitung:</b> Wiederholungen vermeiden.</p><ol><li>Schwellwerte fuer Monitoring festlegen.</li><li>Automatische Alarme auf Fehlerbild einstellen.</li><li>Dokumentation und Runbook aktualisieren.</li><li>Wissenstransfer im Team durchfuehren.</li><li>Wirksamkeit nach 7 Tagen kontrollieren.</li></ol>','demo-xl,praevention,monitoring,alerting,checkliste,demo-xl---hyperv-operations','seed_osticket_kb.py','2026-02-19 18:13:51','2026-02-19 18:14:06'),
(249,71,1,'DEMO XL - Linux Server: Stoerung klassifizieren und Erstmassnahmen starten','<p><b>Ziel:</b> Stoerung sauber einordnen und schnell stabilisieren.</p><ol><li>Auswirkung und Betroffenheit erfassen.</li><li>Prioritaet nach SLA bestimmen.</li><li>Sofortmassnahme zur Stabilisierung durchfuehren.</li><li>Logeintraege und Fehlermeldungen sichern.</li><li>Ticket mit reproduzierbaren Schritten aktualisieren.</li></ol>','demo-xl,stoerung,klassifikation,erstmassnahmen,runbook,demo-xl---linux-server','seed_osticket_kb.py','2026-02-19 18:13:51','2026-02-19 18:14:06'),
(250,71,1,'DEMO XL - Linux Server: Root-Cause Analyse im Standardablauf','<p><b>Vorgehen:</b> Systematisch zur Ursache.</p><ol><li>Zeitleiste mit Aenderungen erstellen.</li><li>Komponenten einzeln isoliert testen.</li><li>Konfigurationsabweichungen vergleichen.</li><li>Hypothese pruefen und gegentesten.</li><li>Ursache mit Nachweis dokumentieren.</li></ol>','demo-xl,root cause,analyse,rca,ursache,demo-xl---linux-server','seed_osticket_kb.py','2026-02-19 18:13:51','2026-02-19 18:14:06'),
(251,71,1,'DEMO XL - Linux Server: Standard-Rollback nach fehlerhafter Aenderung','<p><b>Ziel:</b> Stabilen Zustand schnell wiederherstellen.</p><ol><li>Letzte Aenderung identifizieren.</li><li>Freigabe gemaess Change-Prozess holen.</li><li>Rollback-Schritte in definierter Reihenfolge ausfuehren.</li><li>Smoke-Test auf Kernfunktionen machen.</li><li>Resultat und offene Risiken kommunizieren.</li></ol>','demo-xl,rollback,change,fehler,stabilisierung,demo-xl---linux-server','seed_osticket_kb.py','2026-02-19 18:13:51','2026-02-19 18:14:06'),
(252,71,1,'DEMO XL - Linux Server: Praevention und Monitoring-Checks definieren','<p><b>Nachbearbeitung:</b> Wiederholungen vermeiden.</p><ol><li>Schwellwerte fuer Monitoring festlegen.</li><li>Automatische Alarme auf Fehlerbild einstellen.</li><li>Dokumentation und Runbook aktualisieren.</li><li>Wissenstransfer im Team durchfuehren.</li><li>Wirksamkeit nach 7 Tagen kontrollieren.</li></ol>','demo-xl,praevention,monitoring,alerting,checkliste,demo-xl---linux-server','seed_osticket_kb.py','2026-02-19 18:13:51','2026-02-19 18:14:06'),
(253,72,1,'DEMO XL - Linux Client: Stoerung klassifizieren und Erstmassnahmen starten','<p><b>Ziel:</b> Stoerung sauber einordnen und schnell stabilisieren.</p><ol><li>Auswirkung und Betroffenheit erfassen.</li><li>Prioritaet nach SLA bestimmen.</li><li>Sofortmassnahme zur Stabilisierung durchfuehren.</li><li>Logeintraege und Fehlermeldungen sichern.</li><li>Ticket mit reproduzierbaren Schritten aktualisieren.</li></ol>','demo-xl,stoerung,klassifikation,erstmassnahmen,runbook,demo-xl---linux-client','seed_osticket_kb.py','2026-02-19 18:13:51','2026-02-19 18:14:06'),
(254,72,1,'DEMO XL - Linux Client: Root-Cause Analyse im Standardablauf','<p><b>Vorgehen:</b> Systematisch zur Ursache.</p><ol><li>Zeitleiste mit Aenderungen erstellen.</li><li>Komponenten einzeln isoliert testen.</li><li>Konfigurationsabweichungen vergleichen.</li><li>Hypothese pruefen und gegentesten.</li><li>Ursache mit Nachweis dokumentieren.</li></ol>','demo-xl,root cause,analyse,rca,ursache,demo-xl---linux-client','seed_osticket_kb.py','2026-02-19 18:13:51','2026-02-19 18:14:06'),
(255,72,1,'DEMO XL - Linux Client: Standard-Rollback nach fehlerhafter Aenderung','<p><b>Ziel:</b> Stabilen Zustand schnell wiederherstellen.</p><ol><li>Letzte Aenderung identifizieren.</li><li>Freigabe gemaess Change-Prozess holen.</li><li>Rollback-Schritte in definierter Reihenfolge ausfuehren.</li><li>Smoke-Test auf Kernfunktionen machen.</li><li>Resultat und offene Risiken kommunizieren.</li></ol>','demo-xl,rollback,change,fehler,stabilisierung,demo-xl---linux-client','seed_osticket_kb.py','2026-02-19 18:13:51','2026-02-19 18:14:06'),
(256,72,1,'DEMO XL - Linux Client: Praevention und Monitoring-Checks definieren','<p><b>Nachbearbeitung:</b> Wiederholungen vermeiden.</p><ol><li>Schwellwerte fuer Monitoring festlegen.</li><li>Automatische Alarme auf Fehlerbild einstellen.</li><li>Dokumentation und Runbook aktualisieren.</li><li>Wissenstransfer im Team durchfuehren.</li><li>Wirksamkeit nach 7 Tagen kontrollieren.</li></ol>','demo-xl,praevention,monitoring,alerting,checkliste,demo-xl---linux-client','seed_osticket_kb.py','2026-02-19 18:13:51','2026-02-19 18:14:06'),
(257,73,1,'DEMO XL - Mac Client: Stoerung klassifizieren und Erstmassnahmen starten','<p><b>Ziel:</b> Stoerung sauber einordnen und schnell stabilisieren.</p><ol><li>Auswirkung und Betroffenheit erfassen.</li><li>Prioritaet nach SLA bestimmen.</li><li>Sofortmassnahme zur Stabilisierung durchfuehren.</li><li>Logeintraege und Fehlermeldungen sichern.</li><li>Ticket mit reproduzierbaren Schritten aktualisieren.</li></ol>','demo-xl,stoerung,klassifikation,erstmassnahmen,runbook,demo-xl---mac-client','seed_osticket_kb.py','2026-02-19 18:13:51','2026-02-19 18:14:06'),
(258,73,1,'DEMO XL - Mac Client: Root-Cause Analyse im Standardablauf','<p><b>Vorgehen:</b> Systematisch zur Ursache.</p><ol><li>Zeitleiste mit Aenderungen erstellen.</li><li>Komponenten einzeln isoliert testen.</li><li>Konfigurationsabweichungen vergleichen.</li><li>Hypothese pruefen und gegentesten.</li><li>Ursache mit Nachweis dokumentieren.</li></ol>','demo-xl,root cause,analyse,rca,ursache,demo-xl---mac-client','seed_osticket_kb.py','2026-02-19 18:13:51','2026-02-19 18:14:06'),
(259,73,1,'DEMO XL - Mac Client: Standard-Rollback nach fehlerhafter Aenderung','<p><b>Ziel:</b> Stabilen Zustand schnell wiederherstellen.</p><ol><li>Letzte Aenderung identifizieren.</li><li>Freigabe gemaess Change-Prozess holen.</li><li>Rollback-Schritte in definierter Reihenfolge ausfuehren.</li><li>Smoke-Test auf Kernfunktionen machen.</li><li>Resultat und offene Risiken kommunizieren.</li></ol>','demo-xl,rollback,change,fehler,stabilisierung,demo-xl---mac-client','seed_osticket_kb.py','2026-02-19 18:13:51','2026-02-19 18:14:06'),
(260,73,1,'DEMO XL - Mac Client: Praevention und Monitoring-Checks definieren','<p><b>Nachbearbeitung:</b> Wiederholungen vermeiden.</p><ol><li>Schwellwerte fuer Monitoring festlegen.</li><li>Automatische Alarme auf Fehlerbild einstellen.</li><li>Dokumentation und Runbook aktualisieren.</li><li>Wissenstransfer im Team durchfuehren.</li><li>Wirksamkeit nach 7 Tagen kontrollieren.</li></ol>','demo-xl,praevention,monitoring,alerting,checkliste,demo-xl---mac-client','seed_osticket_kb.py','2026-02-19 18:13:51','2026-02-19 18:14:06'),
(261,74,1,'DEMO XL - WLAN Enterprise: Stoerung klassifizieren und Erstmassnahmen starten','<p><b>Ziel:</b> Stoerung sauber einordnen und schnell stabilisieren.</p><ol><li>Auswirkung und Betroffenheit erfassen.</li><li>Prioritaet nach SLA bestimmen.</li><li>Sofortmassnahme zur Stabilisierung durchfuehren.</li><li>Logeintraege und Fehlermeldungen sichern.</li><li>Ticket mit reproduzierbaren Schritten aktualisieren.</li></ol>','demo-xl,stoerung,klassifikation,erstmassnahmen,runbook,demo-xl---wlan-enterprise','seed_osticket_kb.py','2026-02-19 18:13:51','2026-02-19 18:14:06'),
(262,74,1,'DEMO XL - WLAN Enterprise: Root-Cause Analyse im Standardablauf','<p><b>Vorgehen:</b> Systematisch zur Ursache.</p><ol><li>Zeitleiste mit Aenderungen erstellen.</li><li>Komponenten einzeln isoliert testen.</li><li>Konfigurationsabweichungen vergleichen.</li><li>Hypothese pruefen und gegentesten.</li><li>Ursache mit Nachweis dokumentieren.</li></ol>','demo-xl,root cause,analyse,rca,ursache,demo-xl---wlan-enterprise','seed_osticket_kb.py','2026-02-19 18:13:51','2026-02-19 18:14:06'),
(263,74,1,'DEMO XL - WLAN Enterprise: Standard-Rollback nach fehlerhafter Aenderung','<p><b>Ziel:</b> Stabilen Zustand schnell wiederherstellen.</p><ol><li>Letzte Aenderung identifizieren.</li><li>Freigabe gemaess Change-Prozess holen.</li><li>Rollback-Schritte in definierter Reihenfolge ausfuehren.</li><li>Smoke-Test auf Kernfunktionen machen.</li><li>Resultat und offene Risiken kommunizieren.</li></ol>','demo-xl,rollback,change,fehler,stabilisierung,demo-xl---wlan-enterprise','seed_osticket_kb.py','2026-02-19 18:13:51','2026-02-19 18:14:06'),
(264,74,1,'DEMO XL - WLAN Enterprise: Praevention und Monitoring-Checks definieren','<p><b>Nachbearbeitung:</b> Wiederholungen vermeiden.</p><ol><li>Schwellwerte fuer Monitoring festlegen.</li><li>Automatische Alarme auf Fehlerbild einstellen.</li><li>Dokumentation und Runbook aktualisieren.</li><li>Wissenstransfer im Team durchfuehren.</li><li>Wirksamkeit nach 7 Tagen kontrollieren.</li></ol>','demo-xl,praevention,monitoring,alerting,checkliste,demo-xl---wlan-enterprise','seed_osticket_kb.py','2026-02-19 18:13:51','2026-02-19 18:14:06'),
(265,75,1,'DEMO XL - NAC Authentication: Stoerung klassifizieren und Erstmassnahmen starten','<p><b>Ziel:</b> Stoerung sauber einordnen und schnell stabilisieren.</p><ol><li>Auswirkung und Betroffenheit erfassen.</li><li>Prioritaet nach SLA bestimmen.</li><li>Sofortmassnahme zur Stabilisierung durchfuehren.</li><li>Logeintraege und Fehlermeldungen sichern.</li><li>Ticket mit reproduzierbaren Schritten aktualisieren.</li></ol>','demo-xl,stoerung,klassifikation,erstmassnahmen,runbook,demo-xl---nac-authentication','seed_osticket_kb.py','2026-02-19 18:13:51','2026-02-19 18:14:06'),
(266,75,1,'DEMO XL - NAC Authentication: Root-Cause Analyse im Standardablauf','<p><b>Vorgehen:</b> Systematisch zur Ursache.</p><ol><li>Zeitleiste mit Aenderungen erstellen.</li><li>Komponenten einzeln isoliert testen.</li><li>Konfigurationsabweichungen vergleichen.</li><li>Hypothese pruefen und gegentesten.</li><li>Ursache mit Nachweis dokumentieren.</li></ol>','demo-xl,root cause,analyse,rca,ursache,demo-xl---nac-authentication','seed_osticket_kb.py','2026-02-19 18:13:51','2026-02-19 18:14:06'),
(267,75,1,'DEMO XL - NAC Authentication: Standard-Rollback nach fehlerhafter Aenderung','<p><b>Ziel:</b> Stabilen Zustand schnell wiederherstellen.</p><ol><li>Letzte Aenderung identifizieren.</li><li>Freigabe gemaess Change-Prozess holen.</li><li>Rollback-Schritte in definierter Reihenfolge ausfuehren.</li><li>Smoke-Test auf Kernfunktionen machen.</li><li>Resultat und offene Risiken kommunizieren.</li></ol>','demo-xl,rollback,change,fehler,stabilisierung,demo-xl---nac-authentication','seed_osticket_kb.py','2026-02-19 18:13:51','2026-02-19 18:14:06'),
(268,75,1,'DEMO XL - NAC Authentication: Praevention und Monitoring-Checks definieren','<p><b>Nachbearbeitung:</b> Wiederholungen vermeiden.</p><ol><li>Schwellwerte fuer Monitoring festlegen.</li><li>Automatische Alarme auf Fehlerbild einstellen.</li><li>Dokumentation und Runbook aktualisieren.</li><li>Wissenstransfer im Team durchfuehren.</li><li>Wirksamkeit nach 7 Tagen kontrollieren.</li></ol>','demo-xl,praevention,monitoring,alerting,checkliste,demo-xl---nac-authentication','seed_osticket_kb.py','2026-02-19 18:13:51','2026-02-19 18:14:06'),
(269,76,1,'DEMO XL - PKI Certificates: Stoerung klassifizieren und Erstmassnahmen starten','<p><b>Ziel:</b> Stoerung sauber einordnen und schnell stabilisieren.</p><ol><li>Auswirkung und Betroffenheit erfassen.</li><li>Prioritaet nach SLA bestimmen.</li><li>Sofortmassnahme zur Stabilisierung durchfuehren.</li><li>Logeintraege und Fehlermeldungen sichern.</li><li>Ticket mit reproduzierbaren Schritten aktualisieren.</li></ol>','demo-xl,stoerung,klassifikation,erstmassnahmen,runbook,demo-xl---pki-certificates','seed_osticket_kb.py','2026-02-19 18:13:51','2026-02-19 18:14:06'),
(270,76,1,'DEMO XL - PKI Certificates: Root-Cause Analyse im Standardablauf','<p><b>Vorgehen:</b> Systematisch zur Ursache.</p><ol><li>Zeitleiste mit Aenderungen erstellen.</li><li>Komponenten einzeln isoliert testen.</li><li>Konfigurationsabweichungen vergleichen.</li><li>Hypothese pruefen und gegentesten.</li><li>Ursache mit Nachweis dokumentieren.</li></ol>','demo-xl,root cause,analyse,rca,ursache,demo-xl---pki-certificates','seed_osticket_kb.py','2026-02-19 18:13:51','2026-02-19 18:14:06'),
(271,76,1,'DEMO XL - PKI Certificates: Standard-Rollback nach fehlerhafter Aenderung','<p><b>Ziel:</b> Stabilen Zustand schnell wiederherstellen.</p><ol><li>Letzte Aenderung identifizieren.</li><li>Freigabe gemaess Change-Prozess holen.</li><li>Rollback-Schritte in definierter Reihenfolge ausfuehren.</li><li>Smoke-Test auf Kernfunktionen machen.</li><li>Resultat und offene Risiken kommunizieren.</li></ol>','demo-xl,rollback,change,fehler,stabilisierung,demo-xl---pki-certificates','seed_osticket_kb.py','2026-02-19 18:13:51','2026-02-19 18:14:06'),
(272,76,1,'DEMO XL - PKI Certificates: Praevention und Monitoring-Checks definieren','<p><b>Nachbearbeitung:</b> Wiederholungen vermeiden.</p><ol><li>Schwellwerte fuer Monitoring festlegen.</li><li>Automatische Alarme auf Fehlerbild einstellen.</li><li>Dokumentation und Runbook aktualisieren.</li><li>Wissenstransfer im Team durchfuehren.</li><li>Wirksamkeit nach 7 Tagen kontrollieren.</li></ol>','demo-xl,praevention,monitoring,alerting,checkliste,demo-xl---pki-certificates','seed_osticket_kb.py','2026-02-19 18:13:51','2026-02-19 18:14:06'),
(273,77,1,'DEMO XL - TLS Services: Stoerung klassifizieren und Erstmassnahmen starten','<p><b>Ziel:</b> Stoerung sauber einordnen und schnell stabilisieren.</p><ol><li>Auswirkung und Betroffenheit erfassen.</li><li>Prioritaet nach SLA bestimmen.</li><li>Sofortmassnahme zur Stabilisierung durchfuehren.</li><li>Logeintraege und Fehlermeldungen sichern.</li><li>Ticket mit reproduzierbaren Schritten aktualisieren.</li></ol>','demo-xl,stoerung,klassifikation,erstmassnahmen,runbook,demo-xl---tls-services','seed_osticket_kb.py','2026-02-19 18:13:51','2026-02-19 18:14:06'),
(274,77,1,'DEMO XL - TLS Services: Root-Cause Analyse im Standardablauf','<p><b>Vorgehen:</b> Systematisch zur Ursache.</p><ol><li>Zeitleiste mit Aenderungen erstellen.</li><li>Komponenten einzeln isoliert testen.</li><li>Konfigurationsabweichungen vergleichen.</li><li>Hypothese pruefen und gegentesten.</li><li>Ursache mit Nachweis dokumentieren.</li></ol>','demo-xl,root cause,analyse,rca,ursache,demo-xl---tls-services','seed_osticket_kb.py','2026-02-19 18:13:51','2026-02-19 18:14:06'),
(275,77,1,'DEMO XL - TLS Services: Standard-Rollback nach fehlerhafter Aenderung','<p><b>Ziel:</b> Stabilen Zustand schnell wiederherstellen.</p><ol><li>Letzte Aenderung identifizieren.</li><li>Freigabe gemaess Change-Prozess holen.</li><li>Rollback-Schritte in definierter Reihenfolge ausfuehren.</li><li>Smoke-Test auf Kernfunktionen machen.</li><li>Resultat und offene Risiken kommunizieren.</li></ol>','demo-xl,rollback,change,fehler,stabilisierung,demo-xl---tls-services','seed_osticket_kb.py','2026-02-19 18:13:51','2026-02-19 18:14:06'),
(276,77,1,'DEMO XL - TLS Services: Praevention und Monitoring-Checks definieren','<p><b>Nachbearbeitung:</b> Wiederholungen vermeiden.</p><ol><li>Schwellwerte fuer Monitoring festlegen.</li><li>Automatische Alarme auf Fehlerbild einstellen.</li><li>Dokumentation und Runbook aktualisieren.</li><li>Wissenstransfer im Team durchfuehren.</li><li>Wirksamkeit nach 7 Tagen kontrollieren.</li></ol>','demo-xl,praevention,monitoring,alerting,checkliste,demo-xl---tls-services','seed_osticket_kb.py','2026-02-19 18:13:51','2026-02-19 18:14:06'),
(277,78,1,'DEMO XL - Web Applications: Stoerung klassifizieren und Erstmassnahmen starten','<p><b>Ziel:</b> Stoerung sauber einordnen und schnell stabilisieren.</p><ol><li>Auswirkung und Betroffenheit erfassen.</li><li>Prioritaet nach SLA bestimmen.</li><li>Sofortmassnahme zur Stabilisierung durchfuehren.</li><li>Logeintraege und Fehlermeldungen sichern.</li><li>Ticket mit reproduzierbaren Schritten aktualisieren.</li></ol>','demo-xl,stoerung,klassifikation,erstmassnahmen,runbook,demo-xl---web-applications','seed_osticket_kb.py','2026-02-19 18:13:51','2026-02-19 18:14:06'),
(278,78,1,'DEMO XL - Web Applications: Root-Cause Analyse im Standardablauf','<p><b>Vorgehen:</b> Systematisch zur Ursache.</p><ol><li>Zeitleiste mit Aenderungen erstellen.</li><li>Komponenten einzeln isoliert testen.</li><li>Konfigurationsabweichungen vergleichen.</li><li>Hypothese pruefen und gegentesten.</li><li>Ursache mit Nachweis dokumentieren.</li></ol>','demo-xl,root cause,analyse,rca,ursache,demo-xl---web-applications','seed_osticket_kb.py','2026-02-19 18:13:51','2026-02-19 18:14:06'),
(279,78,1,'DEMO XL - Web Applications: Standard-Rollback nach fehlerhafter Aenderung','<p><b>Ziel:</b> Stabilen Zustand schnell wiederherstellen.</p><ol><li>Letzte Aenderung identifizieren.</li><li>Freigabe gemaess Change-Prozess holen.</li><li>Rollback-Schritte in definierter Reihenfolge ausfuehren.</li><li>Smoke-Test auf Kernfunktionen machen.</li><li>Resultat und offene Risiken kommunizieren.</li></ol>','demo-xl,rollback,change,fehler,stabilisierung,demo-xl---web-applications','seed_osticket_kb.py','2026-02-19 18:13:51','2026-02-19 18:14:06'),
(280,78,1,'DEMO XL - Web Applications: Praevention und Monitoring-Checks definieren','<p><b>Nachbearbeitung:</b> Wiederholungen vermeiden.</p><ol><li>Schwellwerte fuer Monitoring festlegen.</li><li>Automatische Alarme auf Fehlerbild einstellen.</li><li>Dokumentation und Runbook aktualisieren.</li><li>Wissenstransfer im Team durchfuehren.</li><li>Wirksamkeit nach 7 Tagen kontrollieren.</li></ol>','demo-xl,praevention,monitoring,alerting,checkliste,demo-xl---web-applications','seed_osticket_kb.py','2026-02-19 18:13:51','2026-02-19 18:14:06'),
(281,79,1,'DEMO XL - Browser Support: Stoerung klassifizieren und Erstmassnahmen starten','<p><b>Ziel:</b> Stoerung sauber einordnen und schnell stabilisieren.</p><ol><li>Auswirkung und Betroffenheit erfassen.</li><li>Prioritaet nach SLA bestimmen.</li><li>Sofortmassnahme zur Stabilisierung durchfuehren.</li><li>Logeintraege und Fehlermeldungen sichern.</li><li>Ticket mit reproduzierbaren Schritten aktualisieren.</li></ol>','demo-xl,stoerung,klassifikation,erstmassnahmen,runbook,demo-xl---browser-support','seed_osticket_kb.py','2026-02-19 18:13:51','2026-02-19 18:14:06'),
(282,79,1,'DEMO XL - Browser Support: Root-Cause Analyse im Standardablauf','<p><b>Vorgehen:</b> Systematisch zur Ursache.</p><ol><li>Zeitleiste mit Aenderungen erstellen.</li><li>Komponenten einzeln isoliert testen.</li><li>Konfigurationsabweichungen vergleichen.</li><li>Hypothese pruefen und gegentesten.</li><li>Ursache mit Nachweis dokumentieren.</li></ol>','demo-xl,root cause,analyse,rca,ursache,demo-xl---browser-support','seed_osticket_kb.py','2026-02-19 18:13:51','2026-02-19 18:14:06'),
(283,79,1,'DEMO XL - Browser Support: Standard-Rollback nach fehlerhafter Aenderung','<p><b>Ziel:</b> Stabilen Zustand schnell wiederherstellen.</p><ol><li>Letzte Aenderung identifizieren.</li><li>Freigabe gemaess Change-Prozess holen.</li><li>Rollback-Schritte in definierter Reihenfolge ausfuehren.</li><li>Smoke-Test auf Kernfunktionen machen.</li><li>Resultat und offene Risiken kommunizieren.</li></ol>','demo-xl,rollback,change,fehler,stabilisierung,demo-xl---browser-support','seed_osticket_kb.py','2026-02-19 18:13:51','2026-02-19 18:14:06'),
(284,79,1,'DEMO XL - Browser Support: Praevention und Monitoring-Checks definieren','<p><b>Nachbearbeitung:</b> Wiederholungen vermeiden.</p><ol><li>Schwellwerte fuer Monitoring festlegen.</li><li>Automatische Alarme auf Fehlerbild einstellen.</li><li>Dokumentation und Runbook aktualisieren.</li><li>Wissenstransfer im Team durchfuehren.</li><li>Wirksamkeit nach 7 Tagen kontrollieren.</li></ol>','demo-xl,praevention,monitoring,alerting,checkliste,demo-xl---browser-support','seed_osticket_kb.py','2026-02-19 18:13:51','2026-02-19 18:14:06'),
(285,80,1,'DEMO XL - Database Access: Stoerung klassifizieren und Erstmassnahmen starten','<p><b>Ziel:</b> Stoerung sauber einordnen und schnell stabilisieren.</p><ol><li>Auswirkung und Betroffenheit erfassen.</li><li>Prioritaet nach SLA bestimmen.</li><li>Sofortmassnahme zur Stabilisierung durchfuehren.</li><li>Logeintraege und Fehlermeldungen sichern.</li><li>Ticket mit reproduzierbaren Schritten aktualisieren.</li></ol>','demo-xl,stoerung,klassifikation,erstmassnahmen,runbook,demo-xl---database-access','seed_osticket_kb.py','2026-02-19 18:13:51','2026-02-19 18:14:06'),
(286,80,1,'DEMO XL - Database Access: Root-Cause Analyse im Standardablauf','<p><b>Vorgehen:</b> Systematisch zur Ursache.</p><ol><li>Zeitleiste mit Aenderungen erstellen.</li><li>Komponenten einzeln isoliert testen.</li><li>Konfigurationsabweichungen vergleichen.</li><li>Hypothese pruefen und gegentesten.</li><li>Ursache mit Nachweis dokumentieren.</li></ol>','demo-xl,root cause,analyse,rca,ursache,demo-xl---database-access','seed_osticket_kb.py','2026-02-19 18:13:51','2026-02-19 18:14:06'),
(287,80,1,'DEMO XL - Database Access: Standard-Rollback nach fehlerhafter Aenderung','<p><b>Ziel:</b> Stabilen Zustand schnell wiederherstellen.</p><ol><li>Letzte Aenderung identifizieren.</li><li>Freigabe gemaess Change-Prozess holen.</li><li>Rollback-Schritte in definierter Reihenfolge ausfuehren.</li><li>Smoke-Test auf Kernfunktionen machen.</li><li>Resultat und offene Risiken kommunizieren.</li></ol>','demo-xl,rollback,change,fehler,stabilisierung,demo-xl---database-access','seed_osticket_kb.py','2026-02-19 18:13:51','2026-02-19 18:14:06'),
(288,80,1,'DEMO XL - Database Access: Praevention und Monitoring-Checks definieren','<p><b>Nachbearbeitung:</b> Wiederholungen vermeiden.</p><ol><li>Schwellwerte fuer Monitoring festlegen.</li><li>Automatische Alarme auf Fehlerbild einstellen.</li><li>Dokumentation und Runbook aktualisieren.</li><li>Wissenstransfer im Team durchfuehren.</li><li>Wirksamkeit nach 7 Tagen kontrollieren.</li></ol>','demo-xl,praevention,monitoring,alerting,checkliste,demo-xl---database-access','seed_osticket_kb.py','2026-02-19 18:13:51','2026-02-19 18:14:06'),
(289,81,1,'DEMO XL - SQL Client: Stoerung klassifizieren und Erstmassnahmen starten','<p><b>Ziel:</b> Stoerung sauber einordnen und schnell stabilisieren.</p><ol><li>Auswirkung und Betroffenheit erfassen.</li><li>Prioritaet nach SLA bestimmen.</li><li>Sofortmassnahme zur Stabilisierung durchfuehren.</li><li>Logeintraege und Fehlermeldungen sichern.</li><li>Ticket mit reproduzierbaren Schritten aktualisieren.</li></ol>','demo-xl,stoerung,klassifikation,erstmassnahmen,runbook,demo-xl---sql-client','seed_osticket_kb.py','2026-02-19 18:13:51','2026-02-19 18:14:06'),
(290,81,1,'DEMO XL - SQL Client: Root-Cause Analyse im Standardablauf','<p><b>Vorgehen:</b> Systematisch zur Ursache.</p><ol><li>Zeitleiste mit Aenderungen erstellen.</li><li>Komponenten einzeln isoliert testen.</li><li>Konfigurationsabweichungen vergleichen.</li><li>Hypothese pruefen und gegentesten.</li><li>Ursache mit Nachweis dokumentieren.</li></ol>','demo-xl,root cause,analyse,rca,ursache,demo-xl---sql-client','seed_osticket_kb.py','2026-02-19 18:13:51','2026-02-19 18:14:06'),
(291,81,1,'DEMO XL - SQL Client: Standard-Rollback nach fehlerhafter Aenderung','<p><b>Ziel:</b> Stabilen Zustand schnell wiederherstellen.</p><ol><li>Letzte Aenderung identifizieren.</li><li>Freigabe gemaess Change-Prozess holen.</li><li>Rollback-Schritte in definierter Reihenfolge ausfuehren.</li><li>Smoke-Test auf Kernfunktionen machen.</li><li>Resultat und offene Risiken kommunizieren.</li></ol>','demo-xl,rollback,change,fehler,stabilisierung,demo-xl---sql-client','seed_osticket_kb.py','2026-02-19 18:13:51','2026-02-19 18:14:06'),
(292,81,1,'DEMO XL - SQL Client: Praevention und Monitoring-Checks definieren','<p><b>Nachbearbeitung:</b> Wiederholungen vermeiden.</p><ol><li>Schwellwerte fuer Monitoring festlegen.</li><li>Automatische Alarme auf Fehlerbild einstellen.</li><li>Dokumentation und Runbook aktualisieren.</li><li>Wissenstransfer im Team durchfuehren.</li><li>Wirksamkeit nach 7 Tagen kontrollieren.</li></ol>','demo-xl,praevention,monitoring,alerting,checkliste,demo-xl---sql-client','seed_osticket_kb.py','2026-02-19 18:13:51','2026-02-19 18:14:06'),
(293,82,1,'DEMO XL - RDP Services: Stoerung klassifizieren und Erstmassnahmen starten','<p><b>Ziel:</b> Stoerung sauber einordnen und schnell stabilisieren.</p><ol><li>Auswirkung und Betroffenheit erfassen.</li><li>Prioritaet nach SLA bestimmen.</li><li>Sofortmassnahme zur Stabilisierung durchfuehren.</li><li>Logeintraege und Fehlermeldungen sichern.</li><li>Ticket mit reproduzierbaren Schritten aktualisieren.</li></ol>','demo-xl,stoerung,klassifikation,erstmassnahmen,runbook,demo-xl---rdp-services','seed_osticket_kb.py','2026-02-19 18:13:51','2026-02-19 18:14:06'),
(294,82,1,'DEMO XL - RDP Services: Root-Cause Analyse im Standardablauf','<p><b>Vorgehen:</b> Systematisch zur Ursache.</p><ol><li>Zeitleiste mit Aenderungen erstellen.</li><li>Komponenten einzeln isoliert testen.</li><li>Konfigurationsabweichungen vergleichen.</li><li>Hypothese pruefen und gegentesten.</li><li>Ursache mit Nachweis dokumentieren.</li></ol>','demo-xl,root cause,analyse,rca,ursache,demo-xl---rdp-services','seed_osticket_kb.py','2026-02-19 18:13:51','2026-02-19 18:14:06'),
(295,82,1,'DEMO XL - RDP Services: Standard-Rollback nach fehlerhafter Aenderung','<p><b>Ziel:</b> Stabilen Zustand schnell wiederherstellen.</p><ol><li>Letzte Aenderung identifizieren.</li><li>Freigabe gemaess Change-Prozess holen.</li><li>Rollback-Schritte in definierter Reihenfolge ausfuehren.</li><li>Smoke-Test auf Kernfunktionen machen.</li><li>Resultat und offene Risiken kommunizieren.</li></ol>','demo-xl,rollback,change,fehler,stabilisierung,demo-xl---rdp-services','seed_osticket_kb.py','2026-02-19 18:13:51','2026-02-19 18:14:06'),
(296,82,1,'DEMO XL - RDP Services: Praevention und Monitoring-Checks definieren','<p><b>Nachbearbeitung:</b> Wiederholungen vermeiden.</p><ol><li>Schwellwerte fuer Monitoring festlegen.</li><li>Automatische Alarme auf Fehlerbild einstellen.</li><li>Dokumentation und Runbook aktualisieren.</li><li>Wissenstransfer im Team durchfuehren.</li><li>Wirksamkeit nach 7 Tagen kontrollieren.</li></ol>','demo-xl,praevention,monitoring,alerting,checkliste,demo-xl---rdp-services','seed_osticket_kb.py','2026-02-19 18:13:51','2026-02-19 18:14:06'),
(297,83,1,'DEMO XL - Remote Support: Stoerung klassifizieren und Erstmassnahmen starten','<p><b>Ziel:</b> Stoerung sauber einordnen und schnell stabilisieren.</p><ol><li>Auswirkung und Betroffenheit erfassen.</li><li>Prioritaet nach SLA bestimmen.</li><li>Sofortmassnahme zur Stabilisierung durchfuehren.</li><li>Logeintraege und Fehlermeldungen sichern.</li><li>Ticket mit reproduzierbaren Schritten aktualisieren.</li></ol>','demo-xl,stoerung,klassifikation,erstmassnahmen,runbook,demo-xl---remote-support','seed_osticket_kb.py','2026-02-19 18:13:51','2026-02-19 18:14:06'),
(298,83,1,'DEMO XL - Remote Support: Root-Cause Analyse im Standardablauf','<p><b>Vorgehen:</b> Systematisch zur Ursache.</p><ol><li>Zeitleiste mit Aenderungen erstellen.</li><li>Komponenten einzeln isoliert testen.</li><li>Konfigurationsabweichungen vergleichen.</li><li>Hypothese pruefen und gegentesten.</li><li>Ursache mit Nachweis dokumentieren.</li></ol>','demo-xl,root cause,analyse,rca,ursache,demo-xl---remote-support','seed_osticket_kb.py','2026-02-19 18:13:51','2026-02-19 18:14:06'),
(299,83,1,'DEMO XL - Remote Support: Standard-Rollback nach fehlerhafter Aenderung','<p><b>Ziel:</b> Stabilen Zustand schnell wiederherstellen.</p><ol><li>Letzte Aenderung identifizieren.</li><li>Freigabe gemaess Change-Prozess holen.</li><li>Rollback-Schritte in definierter Reihenfolge ausfuehren.</li><li>Smoke-Test auf Kernfunktionen machen.</li><li>Resultat und offene Risiken kommunizieren.</li></ol>','demo-xl,rollback,change,fehler,stabilisierung,demo-xl---remote-support','seed_osticket_kb.py','2026-02-19 18:13:51','2026-02-19 18:14:06'),
(300,83,1,'DEMO XL - Remote Support: Praevention und Monitoring-Checks definieren','<p><b>Nachbearbeitung:</b> Wiederholungen vermeiden.</p><ol><li>Schwellwerte fuer Monitoring festlegen.</li><li>Automatische Alarme auf Fehlerbild einstellen.</li><li>Dokumentation und Runbook aktualisieren.</li><li>Wissenstransfer im Team durchfuehren.</li><li>Wirksamkeit nach 7 Tagen kontrollieren.</li></ol>','demo-xl,praevention,monitoring,alerting,checkliste,demo-xl---remote-support','seed_osticket_kb.py','2026-02-19 18:13:51','2026-02-19 18:14:06'),
(301,84,1,'DEMO XL - Monitoring Alerts: Stoerung klassifizieren und Erstmassnahmen starten','<p><b>Ziel:</b> Stoerung sauber einordnen und schnell stabilisieren.</p><ol><li>Auswirkung und Betroffenheit erfassen.</li><li>Prioritaet nach SLA bestimmen.</li><li>Sofortmassnahme zur Stabilisierung durchfuehren.</li><li>Logeintraege und Fehlermeldungen sichern.</li><li>Ticket mit reproduzierbaren Schritten aktualisieren.</li></ol>','demo-xl,stoerung,klassifikation,erstmassnahmen,runbook,demo-xl---monitoring-alerts','seed_osticket_kb.py','2026-02-19 18:13:51','2026-02-19 18:14:06'),
(302,84,1,'DEMO XL - Monitoring Alerts: Root-Cause Analyse im Standardablauf','<p><b>Vorgehen:</b> Systematisch zur Ursache.</p><ol><li>Zeitleiste mit Aenderungen erstellen.</li><li>Komponenten einzeln isoliert testen.</li><li>Konfigurationsabweichungen vergleichen.</li><li>Hypothese pruefen und gegentesten.</li><li>Ursache mit Nachweis dokumentieren.</li></ol>','demo-xl,root cause,analyse,rca,ursache,demo-xl---monitoring-alerts','seed_osticket_kb.py','2026-02-19 18:13:51','2026-02-19 18:14:06'),
(303,84,1,'DEMO XL - Monitoring Alerts: Standard-Rollback nach fehlerhafter Aenderung','<p><b>Ziel:</b> Stabilen Zustand schnell wiederherstellen.</p><ol><li>Letzte Aenderung identifizieren.</li><li>Freigabe gemaess Change-Prozess holen.</li><li>Rollback-Schritte in definierter Reihenfolge ausfuehren.</li><li>Smoke-Test auf Kernfunktionen machen.</li><li>Resultat und offene Risiken kommunizieren.</li></ol>','demo-xl,rollback,change,fehler,stabilisierung,demo-xl---monitoring-alerts','seed_osticket_kb.py','2026-02-19 18:13:51','2026-02-19 18:14:06'),
(304,84,1,'DEMO XL - Monitoring Alerts: Praevention und Monitoring-Checks definieren','<p><b>Nachbearbeitung:</b> Wiederholungen vermeiden.</p><ol><li>Schwellwerte fuer Monitoring festlegen.</li><li>Automatische Alarme auf Fehlerbild einstellen.</li><li>Dokumentation und Runbook aktualisieren.</li><li>Wissenstransfer im Team durchfuehren.</li><li>Wirksamkeit nach 7 Tagen kontrollieren.</li></ol>','demo-xl,praevention,monitoring,alerting,checkliste,demo-xl---monitoring-alerts','seed_osticket_kb.py','2026-02-19 18:13:51','2026-02-19 18:14:06'),
(305,85,1,'DEMO XL - Log Management: Stoerung klassifizieren und Erstmassnahmen starten','<p><b>Ziel:</b> Stoerung sauber einordnen und schnell stabilisieren.</p><ol><li>Auswirkung und Betroffenheit erfassen.</li><li>Prioritaet nach SLA bestimmen.</li><li>Sofortmassnahme zur Stabilisierung durchfuehren.</li><li>Logeintraege und Fehlermeldungen sichern.</li><li>Ticket mit reproduzierbaren Schritten aktualisieren.</li></ol>','demo-xl,stoerung,klassifikation,erstmassnahmen,runbook,demo-xl---log-management','seed_osticket_kb.py','2026-02-19 18:13:51','2026-02-19 18:14:06'),
(306,85,1,'DEMO XL - Log Management: Root-Cause Analyse im Standardablauf','<p><b>Vorgehen:</b> Systematisch zur Ursache.</p><ol><li>Zeitleiste mit Aenderungen erstellen.</li><li>Komponenten einzeln isoliert testen.</li><li>Konfigurationsabweichungen vergleichen.</li><li>Hypothese pruefen und gegentesten.</li><li>Ursache mit Nachweis dokumentieren.</li></ol>','demo-xl,root cause,analyse,rca,ursache,demo-xl---log-management','seed_osticket_kb.py','2026-02-19 18:13:51','2026-02-19 18:14:06'),
(307,85,1,'DEMO XL - Log Management: Standard-Rollback nach fehlerhafter Aenderung','<p><b>Ziel:</b> Stabilen Zustand schnell wiederherstellen.</p><ol><li>Letzte Aenderung identifizieren.</li><li>Freigabe gemaess Change-Prozess holen.</li><li>Rollback-Schritte in definierter Reihenfolge ausfuehren.</li><li>Smoke-Test auf Kernfunktionen machen.</li><li>Resultat und offene Risiken kommunizieren.</li></ol>','demo-xl,rollback,change,fehler,stabilisierung,demo-xl---log-management','seed_osticket_kb.py','2026-02-19 18:13:51','2026-02-19 18:14:06'),
(308,85,1,'DEMO XL - Log Management: Praevention und Monitoring-Checks definieren','<p><b>Nachbearbeitung:</b> Wiederholungen vermeiden.</p><ol><li>Schwellwerte fuer Monitoring festlegen.</li><li>Automatische Alarme auf Fehlerbild einstellen.</li><li>Dokumentation und Runbook aktualisieren.</li><li>Wissenstransfer im Team durchfuehren.</li><li>Wirksamkeit nach 7 Tagen kontrollieren.</li></ol>','demo-xl,praevention,monitoring,alerting,checkliste,demo-xl---log-management','seed_osticket_kb.py','2026-02-19 18:13:51','2026-02-19 18:14:06'),
(309,86,1,'DEMO XL - SIEM Integration: Stoerung klassifizieren und Erstmassnahmen starten','<p><b>Ziel:</b> Stoerung sauber einordnen und schnell stabilisieren.</p><ol><li>Auswirkung und Betroffenheit erfassen.</li><li>Prioritaet nach SLA bestimmen.</li><li>Sofortmassnahme zur Stabilisierung durchfuehren.</li><li>Logeintraege und Fehlermeldungen sichern.</li><li>Ticket mit reproduzierbaren Schritten aktualisieren.</li></ol>','demo-xl,stoerung,klassifikation,erstmassnahmen,runbook,demo-xl---siem-integration','seed_osticket_kb.py','2026-02-19 18:13:51','2026-02-19 18:14:06'),
(310,86,1,'DEMO XL - SIEM Integration: Root-Cause Analyse im Standardablauf','<p><b>Vorgehen:</b> Systematisch zur Ursache.</p><ol><li>Zeitleiste mit Aenderungen erstellen.</li><li>Komponenten einzeln isoliert testen.</li><li>Konfigurationsabweichungen vergleichen.</li><li>Hypothese pruefen und gegentesten.</li><li>Ursache mit Nachweis dokumentieren.</li></ol>','demo-xl,root cause,analyse,rca,ursache,demo-xl---siem-integration','seed_osticket_kb.py','2026-02-19 18:13:51','2026-02-19 18:14:06'),
(311,86,1,'DEMO XL - SIEM Integration: Standard-Rollback nach fehlerhafter Aenderung','<p><b>Ziel:</b> Stabilen Zustand schnell wiederherstellen.</p><ol><li>Letzte Aenderung identifizieren.</li><li>Freigabe gemaess Change-Prozess holen.</li><li>Rollback-Schritte in definierter Reihenfolge ausfuehren.</li><li>Smoke-Test auf Kernfunktionen machen.</li><li>Resultat und offene Risiken kommunizieren.</li></ol>','demo-xl,rollback,change,fehler,stabilisierung,demo-xl---siem-integration','seed_osticket_kb.py','2026-02-19 18:13:51','2026-02-19 18:14:06'),
(312,86,1,'DEMO XL - SIEM Integration: Praevention und Monitoring-Checks definieren','<p><b>Nachbearbeitung:</b> Wiederholungen vermeiden.</p><ol><li>Schwellwerte fuer Monitoring festlegen.</li><li>Automatische Alarme auf Fehlerbild einstellen.</li><li>Dokumentation und Runbook aktualisieren.</li><li>Wissenstransfer im Team durchfuehren.</li><li>Wirksamkeit nach 7 Tagen kontrollieren.</li></ol>','demo-xl,praevention,monitoring,alerting,checkliste,demo-xl---siem-integration','seed_osticket_kb.py','2026-02-19 18:13:51','2026-02-19 18:14:06'),
(313,87,1,'DEMO XL - MDM Devices: Stoerung klassifizieren und Erstmassnahmen starten','<p><b>Ziel:</b> Stoerung sauber einordnen und schnell stabilisieren.</p><ol><li>Auswirkung und Betroffenheit erfassen.</li><li>Prioritaet nach SLA bestimmen.</li><li>Sofortmassnahme zur Stabilisierung durchfuehren.</li><li>Logeintraege und Fehlermeldungen sichern.</li><li>Ticket mit reproduzierbaren Schritten aktualisieren.</li></ol>','demo-xl,stoerung,klassifikation,erstmassnahmen,runbook,demo-xl---mdm-devices','seed_osticket_kb.py','2026-02-19 18:13:51','2026-02-19 18:14:06'),
(314,87,1,'DEMO XL - MDM Devices: Root-Cause Analyse im Standardablauf','<p><b>Vorgehen:</b> Systematisch zur Ursache.</p><ol><li>Zeitleiste mit Aenderungen erstellen.</li><li>Komponenten einzeln isoliert testen.</li><li>Konfigurationsabweichungen vergleichen.</li><li>Hypothese pruefen und gegentesten.</li><li>Ursache mit Nachweis dokumentieren.</li></ol>','demo-xl,root cause,analyse,rca,ursache,demo-xl---mdm-devices','seed_osticket_kb.py','2026-02-19 18:13:51','2026-02-19 18:14:06'),
(315,87,1,'DEMO XL - MDM Devices: Standard-Rollback nach fehlerhafter Aenderung','<p><b>Ziel:</b> Stabilen Zustand schnell wiederherstellen.</p><ol><li>Letzte Aenderung identifizieren.</li><li>Freigabe gemaess Change-Prozess holen.</li><li>Rollback-Schritte in definierter Reihenfolge ausfuehren.</li><li>Smoke-Test auf Kernfunktionen machen.</li><li>Resultat und offene Risiken kommunizieren.</li></ol>','demo-xl,rollback,change,fehler,stabilisierung,demo-xl---mdm-devices','seed_osticket_kb.py','2026-02-19 18:13:51','2026-02-19 18:14:06'),
(316,87,1,'DEMO XL - MDM Devices: Praevention und Monitoring-Checks definieren','<p><b>Nachbearbeitung:</b> Wiederholungen vermeiden.</p><ol><li>Schwellwerte fuer Monitoring festlegen.</li><li>Automatische Alarme auf Fehlerbild einstellen.</li><li>Dokumentation und Runbook aktualisieren.</li><li>Wissenstransfer im Team durchfuehren.</li><li>Wirksamkeit nach 7 Tagen kontrollieren.</li></ol>','demo-xl,praevention,monitoring,alerting,checkliste,demo-xl---mdm-devices','seed_osticket_kb.py','2026-02-19 18:13:51','2026-02-19 18:14:06'),
(317,88,1,'DEMO XL - Mobile Apps: Stoerung klassifizieren und Erstmassnahmen starten','<p><b>Ziel:</b> Stoerung sauber einordnen und schnell stabilisieren.</p><ol><li>Auswirkung und Betroffenheit erfassen.</li><li>Prioritaet nach SLA bestimmen.</li><li>Sofortmassnahme zur Stabilisierung durchfuehren.</li><li>Logeintraege und Fehlermeldungen sichern.</li><li>Ticket mit reproduzierbaren Schritten aktualisieren.</li></ol>','demo-xl,stoerung,klassifikation,erstmassnahmen,runbook,demo-xl---mobile-apps','seed_osticket_kb.py','2026-02-19 18:13:51','2026-02-19 18:14:06'),
(318,88,1,'DEMO XL - Mobile Apps: Root-Cause Analyse im Standardablauf','<p><b>Vorgehen:</b> Systematisch zur Ursache.</p><ol><li>Zeitleiste mit Aenderungen erstellen.</li><li>Komponenten einzeln isoliert testen.</li><li>Konfigurationsabweichungen vergleichen.</li><li>Hypothese pruefen und gegentesten.</li><li>Ursache mit Nachweis dokumentieren.</li></ol>','demo-xl,root cause,analyse,rca,ursache,demo-xl---mobile-apps','seed_osticket_kb.py','2026-02-19 18:13:51','2026-02-19 18:14:06'),
(319,88,1,'DEMO XL - Mobile Apps: Standard-Rollback nach fehlerhafter Aenderung','<p><b>Ziel:</b> Stabilen Zustand schnell wiederherstellen.</p><ol><li>Letzte Aenderung identifizieren.</li><li>Freigabe gemaess Change-Prozess holen.</li><li>Rollback-Schritte in definierter Reihenfolge ausfuehren.</li><li>Smoke-Test auf Kernfunktionen machen.</li><li>Resultat und offene Risiken kommunizieren.</li></ol>','demo-xl,rollback,change,fehler,stabilisierung,demo-xl---mobile-apps','seed_osticket_kb.py','2026-02-19 18:13:51','2026-02-19 18:14:06'),
(320,88,1,'DEMO XL - Mobile Apps: Praevention und Monitoring-Checks definieren','<p><b>Nachbearbeitung:</b> Wiederholungen vermeiden.</p><ol><li>Schwellwerte fuer Monitoring festlegen.</li><li>Automatische Alarme auf Fehlerbild einstellen.</li><li>Dokumentation und Runbook aktualisieren.</li><li>Wissenstransfer im Team durchfuehren.</li><li>Wirksamkeit nach 7 Tagen kontrollieren.</li></ol>','demo-xl,praevention,monitoring,alerting,checkliste,demo-xl---mobile-apps','seed_osticket_kb.py','2026-02-19 18:13:51','2026-02-19 18:14:06'),
(321,89,1,'DEMO XL - Intune Policies: Stoerung klassifizieren und Erstmassnahmen starten','<p><b>Ziel:</b> Stoerung sauber einordnen und schnell stabilisieren.</p><ol><li>Auswirkung und Betroffenheit erfassen.</li><li>Prioritaet nach SLA bestimmen.</li><li>Sofortmassnahme zur Stabilisierung durchfuehren.</li><li>Logeintraege und Fehlermeldungen sichern.</li><li>Ticket mit reproduzierbaren Schritten aktualisieren.</li></ol>','demo-xl,stoerung,klassifikation,erstmassnahmen,runbook,demo-xl---intune-policies','seed_osticket_kb.py','2026-02-19 18:13:51','2026-02-19 18:14:06'),
(322,89,1,'DEMO XL - Intune Policies: Root-Cause Analyse im Standardablauf','<p><b>Vorgehen:</b> Systematisch zur Ursache.</p><ol><li>Zeitleiste mit Aenderungen erstellen.</li><li>Komponenten einzeln isoliert testen.</li><li>Konfigurationsabweichungen vergleichen.</li><li>Hypothese pruefen und gegentesten.</li><li>Ursache mit Nachweis dokumentieren.</li></ol>','demo-xl,root cause,analyse,rca,ursache,demo-xl---intune-policies','seed_osticket_kb.py','2026-02-19 18:13:51','2026-02-19 18:14:06'),
(323,89,1,'DEMO XL - Intune Policies: Standard-Rollback nach fehlerhafter Aenderung','<p><b>Ziel:</b> Stabilen Zustand schnell wiederherstellen.</p><ol><li>Letzte Aenderung identifizieren.</li><li>Freigabe gemaess Change-Prozess holen.</li><li>Rollback-Schritte in definierter Reihenfolge ausfuehren.</li><li>Smoke-Test auf Kernfunktionen machen.</li><li>Resultat und offene Risiken kommunizieren.</li></ol>','demo-xl,rollback,change,fehler,stabilisierung,demo-xl---intune-policies','seed_osticket_kb.py','2026-02-19 18:13:51','2026-02-19 18:14:06'),
(324,89,1,'DEMO XL - Intune Policies: Praevention und Monitoring-Checks definieren','<p><b>Nachbearbeitung:</b> Wiederholungen vermeiden.</p><ol><li>Schwellwerte fuer Monitoring festlegen.</li><li>Automatische Alarme auf Fehlerbild einstellen.</li><li>Dokumentation und Runbook aktualisieren.</li><li>Wissenstransfer im Team durchfuehren.</li><li>Wirksamkeit nach 7 Tagen kontrollieren.</li></ol>','demo-xl,praevention,monitoring,alerting,checkliste,demo-xl---intune-policies','seed_osticket_kb.py','2026-02-19 18:13:51','2026-02-19 18:14:06'),
(325,90,1,'DEMO XL - Patch Rollout: Stoerung klassifizieren und Erstmassnahmen starten','<p><b>Ziel:</b> Stoerung sauber einordnen und schnell stabilisieren.</p><ol><li>Auswirkung und Betroffenheit erfassen.</li><li>Prioritaet nach SLA bestimmen.</li><li>Sofortmassnahme zur Stabilisierung durchfuehren.</li><li>Logeintraege und Fehlermeldungen sichern.</li><li>Ticket mit reproduzierbaren Schritten aktualisieren.</li></ol>','demo-xl,stoerung,klassifikation,erstmassnahmen,runbook,demo-xl---patch-rollout','seed_osticket_kb.py','2026-02-19 18:13:51','2026-02-19 18:14:06'),
(326,90,1,'DEMO XL - Patch Rollout: Root-Cause Analyse im Standardablauf','<p><b>Vorgehen:</b> Systematisch zur Ursache.</p><ol><li>Zeitleiste mit Aenderungen erstellen.</li><li>Komponenten einzeln isoliert testen.</li><li>Konfigurationsabweichungen vergleichen.</li><li>Hypothese pruefen und gegentesten.</li><li>Ursache mit Nachweis dokumentieren.</li></ol>','demo-xl,root cause,analyse,rca,ursache,demo-xl---patch-rollout','seed_osticket_kb.py','2026-02-19 18:13:51','2026-02-19 18:14:06'),
(327,90,1,'DEMO XL - Patch Rollout: Standard-Rollback nach fehlerhafter Aenderung','<p><b>Ziel:</b> Stabilen Zustand schnell wiederherstellen.</p><ol><li>Letzte Aenderung identifizieren.</li><li>Freigabe gemaess Change-Prozess holen.</li><li>Rollback-Schritte in definierter Reihenfolge ausfuehren.</li><li>Smoke-Test auf Kernfunktionen machen.</li><li>Resultat und offene Risiken kommunizieren.</li></ol>','demo-xl,rollback,change,fehler,stabilisierung,demo-xl---patch-rollout','seed_osticket_kb.py','2026-02-19 18:13:51','2026-02-19 18:14:06'),
(328,90,1,'DEMO XL - Patch Rollout: Praevention und Monitoring-Checks definieren','<p><b>Nachbearbeitung:</b> Wiederholungen vermeiden.</p><ol><li>Schwellwerte fuer Monitoring festlegen.</li><li>Automatische Alarme auf Fehlerbild einstellen.</li><li>Dokumentation und Runbook aktualisieren.</li><li>Wissenstransfer im Team durchfuehren.</li><li>Wirksamkeit nach 7 Tagen kontrollieren.</li></ol>','demo-xl,praevention,monitoring,alerting,checkliste,demo-xl---patch-rollout','seed_osticket_kb.py','2026-02-19 18:13:51','2026-02-19 18:14:06'),
(329,91,1,'DEMO XL - Vulnerability Mgmt: Stoerung klassifizieren und Erstmassnahmen starten','<p><b>Ziel:</b> Stoerung sauber einordnen und schnell stabilisieren.</p><ol><li>Auswirkung und Betroffenheit erfassen.</li><li>Prioritaet nach SLA bestimmen.</li><li>Sofortmassnahme zur Stabilisierung durchfuehren.</li><li>Logeintraege und Fehlermeldungen sichern.</li><li>Ticket mit reproduzierbaren Schritten aktualisieren.</li></ol>','demo-xl,stoerung,klassifikation,erstmassnahmen,runbook,demo-xl---vulnerability-mgmt','seed_osticket_kb.py','2026-02-19 18:13:51','2026-02-19 18:14:06'),
(330,91,1,'DEMO XL - Vulnerability Mgmt: Root-Cause Analyse im Standardablauf','<p><b>Vorgehen:</b> Systematisch zur Ursache.</p><ol><li>Zeitleiste mit Aenderungen erstellen.</li><li>Komponenten einzeln isoliert testen.</li><li>Konfigurationsabweichungen vergleichen.</li><li>Hypothese pruefen und gegentesten.</li><li>Ursache mit Nachweis dokumentieren.</li></ol>','demo-xl,root cause,analyse,rca,ursache,demo-xl---vulnerability-mgmt','seed_osticket_kb.py','2026-02-19 18:13:51','2026-02-19 18:14:06'),
(331,91,1,'DEMO XL - Vulnerability Mgmt: Standard-Rollback nach fehlerhafter Aenderung','<p><b>Ziel:</b> Stabilen Zustand schnell wiederherstellen.</p><ol><li>Letzte Aenderung identifizieren.</li><li>Freigabe gemaess Change-Prozess holen.</li><li>Rollback-Schritte in definierter Reihenfolge ausfuehren.</li><li>Smoke-Test auf Kernfunktionen machen.</li><li>Resultat und offene Risiken kommunizieren.</li></ol>','demo-xl,rollback,change,fehler,stabilisierung,demo-xl---vulnerability-mgmt','seed_osticket_kb.py','2026-02-19 18:13:51','2026-02-19 18:14:06'),
(332,91,1,'DEMO XL - Vulnerability Mgmt: Praevention und Monitoring-Checks definieren','<p><b>Nachbearbeitung:</b> Wiederholungen vermeiden.</p><ol><li>Schwellwerte fuer Monitoring festlegen.</li><li>Automatische Alarme auf Fehlerbild einstellen.</li><li>Dokumentation und Runbook aktualisieren.</li><li>Wissenstransfer im Team durchfuehren.</li><li>Wirksamkeit nach 7 Tagen kontrollieren.</li></ol>','demo-xl,praevention,monitoring,alerting,checkliste,demo-xl---vulnerability-mgmt','seed_osticket_kb.py','2026-02-19 18:13:51','2026-02-19 18:14:06'),
(333,92,1,'DEMO XL - Service Desk L1: Stoerung klassifizieren und Erstmassnahmen starten','<p><b>Ziel:</b> Stoerung sauber einordnen und schnell stabilisieren.</p><ol><li>Auswirkung und Betroffenheit erfassen.</li><li>Prioritaet nach SLA bestimmen.</li><li>Sofortmassnahme zur Stabilisierung durchfuehren.</li><li>Logeintraege und Fehlermeldungen sichern.</li><li>Ticket mit reproduzierbaren Schritten aktualisieren.</li></ol>','demo-xl,stoerung,klassifikation,erstmassnahmen,runbook,demo-xl---service-desk-l1','seed_osticket_kb.py','2026-02-19 18:13:51','2026-02-19 18:14:06'),
(334,92,1,'DEMO XL - Service Desk L1: Root-Cause Analyse im Standardablauf','<p><b>Vorgehen:</b> Systematisch zur Ursache.</p><ol><li>Zeitleiste mit Aenderungen erstellen.</li><li>Komponenten einzeln isoliert testen.</li><li>Konfigurationsabweichungen vergleichen.</li><li>Hypothese pruefen und gegentesten.</li><li>Ursache mit Nachweis dokumentieren.</li></ol>','demo-xl,root cause,analyse,rca,ursache,demo-xl---service-desk-l1','seed_osticket_kb.py','2026-02-19 18:13:51','2026-02-19 18:14:06'),
(335,92,1,'DEMO XL - Service Desk L1: Standard-Rollback nach fehlerhafter Aenderung','<p><b>Ziel:</b> Stabilen Zustand schnell wiederherstellen.</p><ol><li>Letzte Aenderung identifizieren.</li><li>Freigabe gemaess Change-Prozess holen.</li><li>Rollback-Schritte in definierter Reihenfolge ausfuehren.</li><li>Smoke-Test auf Kernfunktionen machen.</li><li>Resultat und offene Risiken kommunizieren.</li></ol>','demo-xl,rollback,change,fehler,stabilisierung,demo-xl---service-desk-l1','seed_osticket_kb.py','2026-02-19 18:13:51','2026-02-19 18:14:06'),
(336,92,1,'DEMO XL - Service Desk L1: Praevention und Monitoring-Checks definieren','<p><b>Nachbearbeitung:</b> Wiederholungen vermeiden.</p><ol><li>Schwellwerte fuer Monitoring festlegen.</li><li>Automatische Alarme auf Fehlerbild einstellen.</li><li>Dokumentation und Runbook aktualisieren.</li><li>Wissenstransfer im Team durchfuehren.</li><li>Wirksamkeit nach 7 Tagen kontrollieren.</li></ol>','demo-xl,praevention,monitoring,alerting,checkliste,demo-xl---service-desk-l1','seed_osticket_kb.py','2026-02-19 18:13:51','2026-02-19 18:14:06'),
(337,93,1,'DEMO XL - Service Desk L2: Stoerung klassifizieren und Erstmassnahmen starten','<p><b>Ziel:</b> Stoerung sauber einordnen und schnell stabilisieren.</p><ol><li>Auswirkung und Betroffenheit erfassen.</li><li>Prioritaet nach SLA bestimmen.</li><li>Sofortmassnahme zur Stabilisierung durchfuehren.</li><li>Logeintraege und Fehlermeldungen sichern.</li><li>Ticket mit reproduzierbaren Schritten aktualisieren.</li></ol>','demo-xl,stoerung,klassifikation,erstmassnahmen,runbook,demo-xl---service-desk-l2','seed_osticket_kb.py','2026-02-19 18:13:51','2026-02-19 18:14:06'),
(338,93,1,'DEMO XL - Service Desk L2: Root-Cause Analyse im Standardablauf','<p><b>Vorgehen:</b> Systematisch zur Ursache.</p><ol><li>Zeitleiste mit Aenderungen erstellen.</li><li>Komponenten einzeln isoliert testen.</li><li>Konfigurationsabweichungen vergleichen.</li><li>Hypothese pruefen und gegentesten.</li><li>Ursache mit Nachweis dokumentieren.</li></ol>','demo-xl,root cause,analyse,rca,ursache,demo-xl---service-desk-l2','seed_osticket_kb.py','2026-02-19 18:13:51','2026-02-19 18:14:06'),
(339,93,1,'DEMO XL - Service Desk L2: Standard-Rollback nach fehlerhafter Aenderung','<p><b>Ziel:</b> Stabilen Zustand schnell wiederherstellen.</p><ol><li>Letzte Aenderung identifizieren.</li><li>Freigabe gemaess Change-Prozess holen.</li><li>Rollback-Schritte in definierter Reihenfolge ausfuehren.</li><li>Smoke-Test auf Kernfunktionen machen.</li><li>Resultat und offene Risiken kommunizieren.</li></ol>','demo-xl,rollback,change,fehler,stabilisierung,demo-xl---service-desk-l2','seed_osticket_kb.py','2026-02-19 18:13:51','2026-02-19 18:14:06'),
(340,93,1,'DEMO XL - Service Desk L2: Praevention und Monitoring-Checks definieren','<p><b>Nachbearbeitung:</b> Wiederholungen vermeiden.</p><ol><li>Schwellwerte fuer Monitoring festlegen.</li><li>Automatische Alarme auf Fehlerbild einstellen.</li><li>Dokumentation und Runbook aktualisieren.</li><li>Wissenstransfer im Team durchfuehren.</li><li>Wirksamkeit nach 7 Tagen kontrollieren.</li></ol>','demo-xl,praevention,monitoring,alerting,checkliste,demo-xl---service-desk-l2','seed_osticket_kb.py','2026-02-19 18:13:51','2026-02-19 18:14:06'),
(341,94,1,'DEMO XL - Incident Process: Stoerung klassifizieren und Erstmassnahmen starten','<p><b>Ziel:</b> Stoerung sauber einordnen und schnell stabilisieren.</p><ol><li>Auswirkung und Betroffenheit erfassen.</li><li>Prioritaet nach SLA bestimmen.</li><li>Sofortmassnahme zur Stabilisierung durchfuehren.</li><li>Logeintraege und Fehlermeldungen sichern.</li><li>Ticket mit reproduzierbaren Schritten aktualisieren.</li></ol>','demo-xl,stoerung,klassifikation,erstmassnahmen,runbook,demo-xl---incident-process','seed_osticket_kb.py','2026-02-19 18:13:51','2026-02-19 18:14:06'),
(342,94,1,'DEMO XL - Incident Process: Root-Cause Analyse im Standardablauf','<p><b>Vorgehen:</b> Systematisch zur Ursache.</p><ol><li>Zeitleiste mit Aenderungen erstellen.</li><li>Komponenten einzeln isoliert testen.</li><li>Konfigurationsabweichungen vergleichen.</li><li>Hypothese pruefen und gegentesten.</li><li>Ursache mit Nachweis dokumentieren.</li></ol>','demo-xl,root cause,analyse,rca,ursache,demo-xl---incident-process','seed_osticket_kb.py','2026-02-19 18:13:51','2026-02-19 18:14:06'),
(343,94,1,'DEMO XL - Incident Process: Standard-Rollback nach fehlerhafter Aenderung','<p><b>Ziel:</b> Stabilen Zustand schnell wiederherstellen.</p><ol><li>Letzte Aenderung identifizieren.</li><li>Freigabe gemaess Change-Prozess holen.</li><li>Rollback-Schritte in definierter Reihenfolge ausfuehren.</li><li>Smoke-Test auf Kernfunktionen machen.</li><li>Resultat und offene Risiken kommunizieren.</li></ol>','demo-xl,rollback,change,fehler,stabilisierung,demo-xl---incident-process','seed_osticket_kb.py','2026-02-19 18:13:51','2026-02-19 18:14:06'),
(344,94,1,'DEMO XL - Incident Process: Praevention und Monitoring-Checks definieren','<p><b>Nachbearbeitung:</b> Wiederholungen vermeiden.</p><ol><li>Schwellwerte fuer Monitoring festlegen.</li><li>Automatische Alarme auf Fehlerbild einstellen.</li><li>Dokumentation und Runbook aktualisieren.</li><li>Wissenstransfer im Team durchfuehren.</li><li>Wirksamkeit nach 7 Tagen kontrollieren.</li></ol>','demo-xl,praevention,monitoring,alerting,checkliste,demo-xl---incident-process','seed_osticket_kb.py','2026-02-19 18:13:51','2026-02-19 18:14:06'),
(345,95,1,'DEMO XL - Problem Management: Stoerung klassifizieren und Erstmassnahmen starten','<p><b>Ziel:</b> Stoerung sauber einordnen und schnell stabilisieren.</p><ol><li>Auswirkung und Betroffenheit erfassen.</li><li>Prioritaet nach SLA bestimmen.</li><li>Sofortmassnahme zur Stabilisierung durchfuehren.</li><li>Logeintraege und Fehlermeldungen sichern.</li><li>Ticket mit reproduzierbaren Schritten aktualisieren.</li></ol>','demo-xl,stoerung,klassifikation,erstmassnahmen,runbook,demo-xl---problem-management','seed_osticket_kb.py','2026-02-19 18:13:51','2026-02-19 18:14:06'),
(346,95,1,'DEMO XL - Problem Management: Root-Cause Analyse im Standardablauf','<p><b>Vorgehen:</b> Systematisch zur Ursache.</p><ol><li>Zeitleiste mit Aenderungen erstellen.</li><li>Komponenten einzeln isoliert testen.</li><li>Konfigurationsabweichungen vergleichen.</li><li>Hypothese pruefen und gegentesten.</li><li>Ursache mit Nachweis dokumentieren.</li></ol>','demo-xl,root cause,analyse,rca,ursache,demo-xl---problem-management','seed_osticket_kb.py','2026-02-19 18:13:51','2026-02-19 18:14:06'),
(347,95,1,'DEMO XL - Problem Management: Standard-Rollback nach fehlerhafter Aenderung','<p><b>Ziel:</b> Stabilen Zustand schnell wiederherstellen.</p><ol><li>Letzte Aenderung identifizieren.</li><li>Freigabe gemaess Change-Prozess holen.</li><li>Rollback-Schritte in definierter Reihenfolge ausfuehren.</li><li>Smoke-Test auf Kernfunktionen machen.</li><li>Resultat und offene Risiken kommunizieren.</li></ol>','demo-xl,rollback,change,fehler,stabilisierung,demo-xl---problem-management','seed_osticket_kb.py','2026-02-19 18:13:51','2026-02-19 18:14:06'),
(348,95,1,'DEMO XL - Problem Management: Praevention und Monitoring-Checks definieren','<p><b>Nachbearbeitung:</b> Wiederholungen vermeiden.</p><ol><li>Schwellwerte fuer Monitoring festlegen.</li><li>Automatische Alarme auf Fehlerbild einstellen.</li><li>Dokumentation und Runbook aktualisieren.</li><li>Wissenstransfer im Team durchfuehren.</li><li>Wirksamkeit nach 7 Tagen kontrollieren.</li></ol>','demo-xl,praevention,monitoring,alerting,checkliste,demo-xl---problem-management','seed_osticket_kb.py','2026-02-19 18:13:51','2026-02-19 18:14:06'),
(349,96,1,'DEMO XL - Change Management: Stoerung klassifizieren und Erstmassnahmen starten','<p><b>Ziel:</b> Stoerung sauber einordnen und schnell stabilisieren.</p><ol><li>Auswirkung und Betroffenheit erfassen.</li><li>Prioritaet nach SLA bestimmen.</li><li>Sofortmassnahme zur Stabilisierung durchfuehren.</li><li>Logeintraege und Fehlermeldungen sichern.</li><li>Ticket mit reproduzierbaren Schritten aktualisieren.</li></ol>','demo-xl,stoerung,klassifikation,erstmassnahmen,runbook,demo-xl---change-management','seed_osticket_kb.py','2026-02-19 18:13:51','2026-02-19 18:14:06'),
(350,96,1,'DEMO XL - Change Management: Root-Cause Analyse im Standardablauf','<p><b>Vorgehen:</b> Systematisch zur Ursache.</p><ol><li>Zeitleiste mit Aenderungen erstellen.</li><li>Komponenten einzeln isoliert testen.</li><li>Konfigurationsabweichungen vergleichen.</li><li>Hypothese pruefen und gegentesten.</li><li>Ursache mit Nachweis dokumentieren.</li></ol>','demo-xl,root cause,analyse,rca,ursache,demo-xl---change-management','seed_osticket_kb.py','2026-02-19 18:13:51','2026-02-19 18:14:06'),
(351,96,1,'DEMO XL - Change Management: Standard-Rollback nach fehlerhafter Aenderung','<p><b>Ziel:</b> Stabilen Zustand schnell wiederherstellen.</p><ol><li>Letzte Aenderung identifizieren.</li><li>Freigabe gemaess Change-Prozess holen.</li><li>Rollback-Schritte in definierter Reihenfolge ausfuehren.</li><li>Smoke-Test auf Kernfunktionen machen.</li><li>Resultat und offene Risiken kommunizieren.</li></ol>','demo-xl,rollback,change,fehler,stabilisierung,demo-xl---change-management','seed_osticket_kb.py','2026-02-19 18:13:51','2026-02-19 18:14:06'),
(352,96,1,'DEMO XL - Change Management: Praevention und Monitoring-Checks definieren','<p><b>Nachbearbeitung:</b> Wiederholungen vermeiden.</p><ol><li>Schwellwerte fuer Monitoring festlegen.</li><li>Automatische Alarme auf Fehlerbild einstellen.</li><li>Dokumentation und Runbook aktualisieren.</li><li>Wissenstransfer im Team durchfuehren.</li><li>Wirksamkeit nach 7 Tagen kontrollieren.</li></ol>','demo-xl,praevention,monitoring,alerting,checkliste,demo-xl---change-management','seed_osticket_kb.py','2026-02-19 18:13:51','2026-02-19 18:14:06'),
(353,97,1,'DEMO XL - Asset Inventory: Stoerung klassifizieren und Erstmassnahmen starten','<p><b>Ziel:</b> Stoerung sauber einordnen und schnell stabilisieren.</p><ol><li>Auswirkung und Betroffenheit erfassen.</li><li>Prioritaet nach SLA bestimmen.</li><li>Sofortmassnahme zur Stabilisierung durchfuehren.</li><li>Logeintraege und Fehlermeldungen sichern.</li><li>Ticket mit reproduzierbaren Schritten aktualisieren.</li></ol>','demo-xl,stoerung,klassifikation,erstmassnahmen,runbook,demo-xl---asset-inventory','seed_osticket_kb.py','2026-02-19 18:13:51','2026-02-19 18:14:06'),
(354,97,1,'DEMO XL - Asset Inventory: Root-Cause Analyse im Standardablauf','<p><b>Vorgehen:</b> Systematisch zur Ursache.</p><ol><li>Zeitleiste mit Aenderungen erstellen.</li><li>Komponenten einzeln isoliert testen.</li><li>Konfigurationsabweichungen vergleichen.</li><li>Hypothese pruefen und gegentesten.</li><li>Ursache mit Nachweis dokumentieren.</li></ol>','demo-xl,root cause,analyse,rca,ursache,demo-xl---asset-inventory','seed_osticket_kb.py','2026-02-19 18:13:51','2026-02-19 18:14:06'),
(355,97,1,'DEMO XL - Asset Inventory: Standard-Rollback nach fehlerhafter Aenderung','<p><b>Ziel:</b> Stabilen Zustand schnell wiederherstellen.</p><ol><li>Letzte Aenderung identifizieren.</li><li>Freigabe gemaess Change-Prozess holen.</li><li>Rollback-Schritte in definierter Reihenfolge ausfuehren.</li><li>Smoke-Test auf Kernfunktionen machen.</li><li>Resultat und offene Risiken kommunizieren.</li></ol>','demo-xl,rollback,change,fehler,stabilisierung,demo-xl---asset-inventory','seed_osticket_kb.py','2026-02-19 18:13:51','2026-02-19 18:14:06'),
(356,97,1,'DEMO XL - Asset Inventory: Praevention und Monitoring-Checks definieren','<p><b>Nachbearbeitung:</b> Wiederholungen vermeiden.</p><ol><li>Schwellwerte fuer Monitoring festlegen.</li><li>Automatische Alarme auf Fehlerbild einstellen.</li><li>Dokumentation und Runbook aktualisieren.</li><li>Wissenstransfer im Team durchfuehren.</li><li>Wirksamkeit nach 7 Tagen kontrollieren.</li></ol>','demo-xl,praevention,monitoring,alerting,checkliste,demo-xl---asset-inventory','seed_osticket_kb.py','2026-02-19 18:13:51','2026-02-19 18:14:06'),
(357,98,1,'DEMO XL - License Management: Stoerung klassifizieren und Erstmassnahmen starten','<p><b>Ziel:</b> Stoerung sauber einordnen und schnell stabilisieren.</p><ol><li>Auswirkung und Betroffenheit erfassen.</li><li>Prioritaet nach SLA bestimmen.</li><li>Sofortmassnahme zur Stabilisierung durchfuehren.</li><li>Logeintraege und Fehlermeldungen sichern.</li><li>Ticket mit reproduzierbaren Schritten aktualisieren.</li></ol>','demo-xl,stoerung,klassifikation,erstmassnahmen,runbook,demo-xl---license-management','seed_osticket_kb.py','2026-02-19 18:13:51','2026-02-19 18:14:06'),
(358,98,1,'DEMO XL - License Management: Root-Cause Analyse im Standardablauf','<p><b>Vorgehen:</b> Systematisch zur Ursache.</p><ol><li>Zeitleiste mit Aenderungen erstellen.</li><li>Komponenten einzeln isoliert testen.</li><li>Konfigurationsabweichungen vergleichen.</li><li>Hypothese pruefen und gegentesten.</li><li>Ursache mit Nachweis dokumentieren.</li></ol>','demo-xl,root cause,analyse,rca,ursache,demo-xl---license-management','seed_osticket_kb.py','2026-02-19 18:13:51','2026-02-19 18:14:06'),
(359,98,1,'DEMO XL - License Management: Standard-Rollback nach fehlerhafter Aenderung','<p><b>Ziel:</b> Stabilen Zustand schnell wiederherstellen.</p><ol><li>Letzte Aenderung identifizieren.</li><li>Freigabe gemaess Change-Prozess holen.</li><li>Rollback-Schritte in definierter Reihenfolge ausfuehren.</li><li>Smoke-Test auf Kernfunktionen machen.</li><li>Resultat und offene Risiken kommunizieren.</li></ol>','demo-xl,rollback,change,fehler,stabilisierung,demo-xl---license-management','seed_osticket_kb.py','2026-02-19 18:13:51','2026-02-19 18:14:06'),
(360,98,1,'DEMO XL - License Management: Praevention und Monitoring-Checks definieren','<p><b>Nachbearbeitung:</b> Wiederholungen vermeiden.</p><ol><li>Schwellwerte fuer Monitoring festlegen.</li><li>Automatische Alarme auf Fehlerbild einstellen.</li><li>Dokumentation und Runbook aktualisieren.</li><li>Wissenstransfer im Team durchfuehren.</li><li>Wirksamkeit nach 7 Tagen kontrollieren.</li></ol>','demo-xl,praevention,monitoring,alerting,checkliste,demo-xl---license-management','seed_osticket_kb.py','2026-02-19 18:13:51','2026-02-19 18:14:06'),
(361,99,1,'DEMO XL - Compliance Audit: Stoerung klassifizieren und Erstmassnahmen starten','<p><b>Ziel:</b> Stoerung sauber einordnen und schnell stabilisieren.</p><ol><li>Auswirkung und Betroffenheit erfassen.</li><li>Prioritaet nach SLA bestimmen.</li><li>Sofortmassnahme zur Stabilisierung durchfuehren.</li><li>Logeintraege und Fehlermeldungen sichern.</li><li>Ticket mit reproduzierbaren Schritten aktualisieren.</li></ol>','demo-xl,stoerung,klassifikation,erstmassnahmen,runbook,demo-xl---compliance-audit','seed_osticket_kb.py','2026-02-19 18:13:51','2026-02-19 18:14:06'),
(362,99,1,'DEMO XL - Compliance Audit: Root-Cause Analyse im Standardablauf','<p><b>Vorgehen:</b> Systematisch zur Ursache.</p><ol><li>Zeitleiste mit Aenderungen erstellen.</li><li>Komponenten einzeln isoliert testen.</li><li>Konfigurationsabweichungen vergleichen.</li><li>Hypothese pruefen und gegentesten.</li><li>Ursache mit Nachweis dokumentieren.</li></ol>','demo-xl,root cause,analyse,rca,ursache,demo-xl---compliance-audit','seed_osticket_kb.py','2026-02-19 18:13:51','2026-02-19 18:14:06'),
(363,99,1,'DEMO XL - Compliance Audit: Standard-Rollback nach fehlerhafter Aenderung','<p><b>Ziel:</b> Stabilen Zustand schnell wiederherstellen.</p><ol><li>Letzte Aenderung identifizieren.</li><li>Freigabe gemaess Change-Prozess holen.</li><li>Rollback-Schritte in definierter Reihenfolge ausfuehren.</li><li>Smoke-Test auf Kernfunktionen machen.</li><li>Resultat und offene Risiken kommunizieren.</li></ol>','demo-xl,rollback,change,fehler,stabilisierung,demo-xl---compliance-audit','seed_osticket_kb.py','2026-02-19 18:13:51','2026-02-19 18:14:06'),
(364,99,1,'DEMO XL - Compliance Audit: Praevention und Monitoring-Checks definieren','<p><b>Nachbearbeitung:</b> Wiederholungen vermeiden.</p><ol><li>Schwellwerte fuer Monitoring festlegen.</li><li>Automatische Alarme auf Fehlerbild einstellen.</li><li>Dokumentation und Runbook aktualisieren.</li><li>Wissenstransfer im Team durchfuehren.</li><li>Wirksamkeit nach 7 Tagen kontrollieren.</li></ol>','demo-xl,praevention,monitoring,alerting,checkliste,demo-xl---compliance-audit','seed_osticket_kb.py','2026-02-19 18:13:51','2026-02-19 18:14:06'),
(365,100,1,'DEMO XL - GDPR Operations: Stoerung klassifizieren und Erstmassnahmen starten','<p><b>Ziel:</b> Stoerung sauber einordnen und schnell stabilisieren.</p><ol><li>Auswirkung und Betroffenheit erfassen.</li><li>Prioritaet nach SLA bestimmen.</li><li>Sofortmassnahme zur Stabilisierung durchfuehren.</li><li>Logeintraege und Fehlermeldungen sichern.</li><li>Ticket mit reproduzierbaren Schritten aktualisieren.</li></ol>','demo-xl,stoerung,klassifikation,erstmassnahmen,runbook,demo-xl---gdpr-operations','seed_osticket_kb.py','2026-02-19 18:13:51','2026-02-19 18:14:06'),
(366,100,1,'DEMO XL - GDPR Operations: Root-Cause Analyse im Standardablauf','<p><b>Vorgehen:</b> Systematisch zur Ursache.</p><ol><li>Zeitleiste mit Aenderungen erstellen.</li><li>Komponenten einzeln isoliert testen.</li><li>Konfigurationsabweichungen vergleichen.</li><li>Hypothese pruefen und gegentesten.</li><li>Ursache mit Nachweis dokumentieren.</li></ol>','demo-xl,root cause,analyse,rca,ursache,demo-xl---gdpr-operations','seed_osticket_kb.py','2026-02-19 18:13:51','2026-02-19 18:14:06'),
(367,100,1,'DEMO XL - GDPR Operations: Standard-Rollback nach fehlerhafter Aenderung','<p><b>Ziel:</b> Stabilen Zustand schnell wiederherstellen.</p><ol><li>Letzte Aenderung identifizieren.</li><li>Freigabe gemaess Change-Prozess holen.</li><li>Rollback-Schritte in definierter Reihenfolge ausfuehren.</li><li>Smoke-Test auf Kernfunktionen machen.</li><li>Resultat und offene Risiken kommunizieren.</li></ol>','demo-xl,rollback,change,fehler,stabilisierung,demo-xl---gdpr-operations','seed_osticket_kb.py','2026-02-19 18:13:51','2026-02-19 18:14:06'),
(368,100,1,'DEMO XL - GDPR Operations: Praevention und Monitoring-Checks definieren','<p><b>Nachbearbeitung:</b> Wiederholungen vermeiden.</p><ol><li>Schwellwerte fuer Monitoring festlegen.</li><li>Automatische Alarme auf Fehlerbild einstellen.</li><li>Dokumentation und Runbook aktualisieren.</li><li>Wissenstransfer im Team durchfuehren.</li><li>Wirksamkeit nach 7 Tagen kontrollieren.</li></ol>','demo-xl,praevention,monitoring,alerting,checkliste,demo-xl---gdpr-operations','seed_osticket_kb.py','2026-02-19 18:13:51','2026-02-19 18:14:06'),
(369,101,1,'DEMO XL - Business Continuity: Stoerung klassifizieren und Erstmassnahmen starten','<p><b>Ziel:</b> Stoerung sauber einordnen und schnell stabilisieren.</p><ol><li>Auswirkung und Betroffenheit erfassen.</li><li>Prioritaet nach SLA bestimmen.</li><li>Sofortmassnahme zur Stabilisierung durchfuehren.</li><li>Logeintraege und Fehlermeldungen sichern.</li><li>Ticket mit reproduzierbaren Schritten aktualisieren.</li></ol>','demo-xl,stoerung,klassifikation,erstmassnahmen,runbook,demo-xl---business-continuity','seed_osticket_kb.py','2026-02-19 18:13:51','2026-02-19 18:14:06'),
(370,101,1,'DEMO XL - Business Continuity: Root-Cause Analyse im Standardablauf','<p><b>Vorgehen:</b> Systematisch zur Ursache.</p><ol><li>Zeitleiste mit Aenderungen erstellen.</li><li>Komponenten einzeln isoliert testen.</li><li>Konfigurationsabweichungen vergleichen.</li><li>Hypothese pruefen und gegentesten.</li><li>Ursache mit Nachweis dokumentieren.</li></ol>','demo-xl,root cause,analyse,rca,ursache,demo-xl---business-continuity','seed_osticket_kb.py','2026-02-19 18:13:51','2026-02-19 18:14:06'),
(371,101,1,'DEMO XL - Business Continuity: Standard-Rollback nach fehlerhafter Aenderung','<p><b>Ziel:</b> Stabilen Zustand schnell wiederherstellen.</p><ol><li>Letzte Aenderung identifizieren.</li><li>Freigabe gemaess Change-Prozess holen.</li><li>Rollback-Schritte in definierter Reihenfolge ausfuehren.</li><li>Smoke-Test auf Kernfunktionen machen.</li><li>Resultat und offene Risiken kommunizieren.</li></ol>','demo-xl,rollback,change,fehler,stabilisierung,demo-xl---business-continuity','seed_osticket_kb.py','2026-02-19 18:13:51','2026-02-19 18:14:06'),
(372,101,1,'DEMO XL - Business Continuity: Praevention und Monitoring-Checks definieren','<p><b>Nachbearbeitung:</b> Wiederholungen vermeiden.</p><ol><li>Schwellwerte fuer Monitoring festlegen.</li><li>Automatische Alarme auf Fehlerbild einstellen.</li><li>Dokumentation und Runbook aktualisieren.</li><li>Wissenstransfer im Team durchfuehren.</li><li>Wirksamkeit nach 7 Tagen kontrollieren.</li></ol>','demo-xl,praevention,monitoring,alerting,checkliste,demo-xl---business-continuity','seed_osticket_kb.py','2026-02-19 18:13:51','2026-02-19 18:14:06');
/*!40000 ALTER TABLE `ost_faq` ENABLE KEYS */;
UNLOCK TABLES;
commit;

--
-- Table structure for table `ost_faq_category`
--

DROP TABLE IF EXISTS `ost_faq_category`;
/*!40101 SET @saved_cs_client     = @@character_set_client */;
/*!40101 SET character_set_client = utf8mb4 */;
CREATE TABLE `ost_faq_category` (
  `category_id` int(10) unsigned NOT NULL AUTO_INCREMENT,
  `category_pid` int(10) unsigned DEFAULT NULL,
  `ispublic` tinyint(1) unsigned NOT NULL DEFAULT 0,
  `name` varchar(125) DEFAULT NULL,
  `description` text NOT NULL,
  `notes` tinytext NOT NULL,
  `created` datetime NOT NULL,
  `updated` datetime NOT NULL,
  PRIMARY KEY (`category_id`),
  KEY `ispublic` (`ispublic`)
) ENGINE=InnoDB AUTO_INCREMENT=102 DEFAULT CHARSET=utf8mb3 COLLATE=utf8mb3_uca1400_ai_ci;
/*!40101 SET character_set_client = @saved_cs_client */;

--
-- Dumping data for table `ost_faq_category`
--

LOCK TABLES `ost_faq_category` WRITE;
/*!40000 ALTER TABLE `ost_faq_category` DISABLE KEYS */;
set autocommit=0;
INSERT INTO `ost_faq_category` VALUES
(1,0,1,'DEMO • Microsoft 365','Demo-Kategorie (automatisch erstellt)','seed_osticket_kb.py','2026-02-19 18:01:40','2026-02-19 18:04:41'),
(2,0,1,'DEMO • Identity & Access','Demo-Kategorie (automatisch erstellt)','seed_osticket_kb.py','2026-02-19 18:01:40','2026-02-19 18:04:41'),
(4,0,1,'DEMO • Windows Clients','Demo-Kategorie (automatisch erstellt)','seed_osticket_kb.py','2026-02-19 18:01:40','2026-02-19 18:04:41'),
(5,0,1,'DEMO • Netzwerk','Demo-Kategorie (automatisch erstellt)','seed_osticket_kb.py','2026-02-19 18:01:40','2026-02-19 18:04:41'),
(6,0,1,'DEMO • Drucker','Demo-Kategorie (automatisch erstellt)','seed_osticket_kb.py','2026-02-19 18:01:40','2026-02-19 18:04:41'),
(8,0,1,'DEMO • VPN & Remote','Demo-Kategorie (automatisch erstellt)','seed_osticket_kb.py','2026-02-19 18:01:40','2026-02-19 18:04:41'),
(9,0,1,'DEMO • Collaboration','Demo-Kategorie (automatisch erstellt)','seed_osticket_kb.py','2026-02-19 18:01:40','2026-02-19 18:04:41'),
(10,0,1,'DEMO • Security','Demo-Kategorie (automatisch erstellt)','seed_osticket_kb.py','2026-02-19 18:01:40','2026-02-19 18:04:41'),
(11,0,1,'DEMO • Server & Storage','Demo-Kategorie (automatisch erstellt)','seed_osticket_kb.py','2026-02-19 18:01:40','2026-02-19 18:04:41'),
(12,0,1,'DEMO MASS - Endpoint Management','Demo-Kategorie (automatisch erstellt)','seed_osticket_kb.py','2026-02-19 18:12:08','2026-02-19 18:12:14'),
(13,0,1,'DEMO MASS - Identity Access','Demo-Kategorie (automatisch erstellt)','seed_osticket_kb.py','2026-02-19 18:12:08','2026-02-19 18:12:14'),
(14,0,1,'DEMO MASS - Windows Clients','Demo-Kategorie (automatisch erstellt)','seed_osticket_kb.py','2026-02-19 18:12:08','2026-02-19 18:12:14'),
(15,0,1,'DEMO MASS - Network Operations','Demo-Kategorie (automatisch erstellt)','seed_osticket_kb.py','2026-02-19 18:12:08','2026-02-19 18:12:14'),
(16,0,1,'DEMO MASS - Printer Services','Demo-Kategorie (automatisch erstellt)','seed_osticket_kb.py','2026-02-19 18:12:08','2026-02-19 18:12:14'),
(17,0,1,'DEMO MASS - VPN Remote','Demo-Kategorie (automatisch erstellt)','seed_osticket_kb.py','2026-02-19 18:12:08','2026-02-19 18:12:14'),
(18,0,1,'DEMO MASS - Collaboration','Demo-Kategorie (automatisch erstellt)','seed_osticket_kb.py','2026-02-19 18:12:08','2026-02-19 18:12:14'),
(19,0,1,'DEMO MASS - Mail Flow','Demo-Kategorie (automatisch erstellt)','seed_osticket_kb.py','2026-02-19 18:12:08','2026-02-19 18:12:14'),
(20,0,1,'DEMO MASS - Backup Restore','Demo-Kategorie (automatisch erstellt)','seed_osticket_kb.py','2026-02-19 18:12:08','2026-02-19 18:12:14'),
(21,0,1,'DEMO MASS - Server Storage','Demo-Kategorie (automatisch erstellt)','seed_osticket_kb.py','2026-02-19 18:12:08','2026-02-19 18:12:14'),
(22,0,1,'DEMO MASS - Virtualization','Demo-Kategorie (automatisch erstellt)','seed_osticket_kb.py','2026-02-19 18:12:08','2026-02-19 18:12:14'),
(23,0,1,'DEMO MASS - DNS DHCP','Demo-Kategorie (automatisch erstellt)','seed_osticket_kb.py','2026-02-19 18:12:08','2026-02-19 18:12:14'),
(24,0,1,'DEMO MASS - WiFi NAC','Demo-Kategorie (automatisch erstellt)','seed_osticket_kb.py','2026-02-19 18:12:08','2026-02-19 18:12:14'),
(25,0,1,'DEMO MASS - Security Endpoint','Demo-Kategorie (automatisch erstellt)','seed_osticket_kb.py','2026-02-19 18:12:08','2026-02-19 18:12:14'),
(26,0,1,'DEMO MASS - Patch Management','Demo-Kategorie (automatisch erstellt)','seed_osticket_kb.py','2026-02-19 18:12:08','2026-02-19 18:12:14'),
(27,0,1,'DEMO MASS - Monitoring Alerts','Demo-Kategorie (automatisch erstellt)','seed_osticket_kb.py','2026-02-19 18:12:08','2026-02-19 18:12:14'),
(28,0,1,'DEMO MASS - Browser Webapps','Demo-Kategorie (automatisch erstellt)','seed_osticket_kb.py','2026-02-19 18:12:08','2026-02-19 18:12:14'),
(29,0,1,'DEMO MASS - Mobile Device','Demo-Kategorie (automatisch erstellt)','seed_osticket_kb.py','2026-02-19 18:12:08','2026-02-19 18:12:14'),
(30,0,1,'DEMO MASS - Certificates PKI','Demo-Kategorie (automatisch erstellt)','seed_osticket_kb.py','2026-02-19 18:12:08','2026-02-19 18:12:14'),
(31,0,1,'DEMO MASS - File Services','Demo-Kategorie (automatisch erstellt)','seed_osticket_kb.py','2026-02-19 18:12:08','2026-02-19 18:12:14'),
(32,0,1,'DEMO MASS - ERP CRM Clients','Demo-Kategorie (automatisch erstellt)','seed_osticket_kb.py','2026-02-19 18:12:08','2026-02-19 18:12:14'),
(33,0,1,'DEMO MASS - Database Clients','Demo-Kategorie (automatisch erstellt)','seed_osticket_kb.py','2026-02-19 18:12:08','2026-02-19 18:12:14'),
(34,0,1,'DEMO MASS - Remote Desktop','Demo-Kategorie (automatisch erstellt)','seed_osticket_kb.py','2026-02-19 18:12:08','2026-02-19 18:12:14'),
(35,0,1,'DEMO MASS - IAM SSO','Demo-Kategorie (automatisch erstellt)','seed_osticket_kb.py','2026-02-19 18:12:08','2026-02-19 18:12:14'),
(36,0,1,'DEMO MASS - M365 Platform','Demo-Kategorie (automatisch erstellt)','seed_osticket_kb.py','2026-02-19 18:12:08','2026-02-19 18:12:14'),
(37,0,1,'DEMO MASS - Teams Voice','Demo-Kategorie (automatisch erstellt)','seed_osticket_kb.py','2026-02-19 18:12:08','2026-02-19 18:12:14'),
(38,0,1,'DEMO MASS - Linux Clients','Demo-Kategorie (automatisch erstellt)','seed_osticket_kb.py','2026-02-19 18:12:08','2026-02-19 18:12:14'),
(39,0,1,'DEMO MASS - Mac Clients','Demo-Kategorie (automatisch erstellt)','seed_osticket_kb.py','2026-02-19 18:12:08','2026-02-19 18:12:14'),
(40,0,1,'DEMO MASS - Service Desk','Demo-Kategorie (automatisch erstellt)','seed_osticket_kb.py','2026-02-19 18:12:08','2026-02-19 18:12:14'),
(41,0,1,'DEMO MASS - Compliance Audit','Demo-Kategorie (automatisch erstellt)','seed_osticket_kb.py','2026-02-19 18:12:08','2026-02-19 18:12:14'),
(42,0,1,'DEMO XL - Endpoint Security','Demo-Kategorie (automatisch erstellt)','seed_osticket_kb.py','2026-02-19 18:13:50','2026-02-19 18:14:06'),
(43,0,1,'DEMO XL - Endpoint Compliance','Demo-Kategorie (automatisch erstellt)','seed_osticket_kb.py','2026-02-19 18:13:50','2026-02-19 18:14:06'),
(44,0,1,'DEMO XL - Entra Identity','Demo-Kategorie (automatisch erstellt)','seed_osticket_kb.py','2026-02-19 18:13:50','2026-02-19 18:14:06'),
(45,0,1,'DEMO XL - Active Directory','Demo-Kategorie (automatisch erstellt)','seed_osticket_kb.py','2026-02-19 18:13:50','2026-02-19 18:14:06'),
(46,0,1,'DEMO XL - Password Policy','Demo-Kategorie (automatisch erstellt)','seed_osticket_kb.py','2026-02-19 18:13:50','2026-02-19 18:14:06'),
(47,0,1,'DEMO XL - Privileged Access','Demo-Kategorie (automatisch erstellt)','seed_osticket_kb.py','2026-02-19 18:13:50','2026-02-19 18:14:06'),
(48,0,1,'DEMO XL - Windows Deployment','Demo-Kategorie (automatisch erstellt)','seed_osticket_kb.py','2026-02-19 18:13:50','2026-02-19 18:14:06'),
(49,0,1,'DEMO XL - Windows Performance','Demo-Kategorie (automatisch erstellt)','seed_osticket_kb.py','2026-02-19 18:13:50','2026-02-19 18:14:06'),
(50,0,1,'DEMO XL - Windows Printing','Demo-Kategorie (automatisch erstellt)','seed_osticket_kb.py','2026-02-19 18:13:50','2026-02-19 18:14:06'),
(51,0,1,'DEMO XL - Windows Networking','Demo-Kategorie (automatisch erstellt)','seed_osticket_kb.py','2026-02-19 18:13:50','2026-02-19 18:14:06'),
(52,0,1,'DEMO XL - DNS Operations','Demo-Kategorie (automatisch erstellt)','seed_osticket_kb.py','2026-02-19 18:13:50','2026-02-19 18:14:06'),
(53,0,1,'DEMO XL - DHCP Operations','Demo-Kategorie (automatisch erstellt)','seed_osticket_kb.py','2026-02-19 18:13:50','2026-02-19 18:14:06'),
(54,0,1,'DEMO XL - VPN Operations','Demo-Kategorie (automatisch erstellt)','seed_osticket_kb.py','2026-02-19 18:13:50','2026-02-19 18:14:06'),
(55,0,1,'DEMO XL - Firewall Rules','Demo-Kategorie (automatisch erstellt)','seed_osticket_kb.py','2026-02-19 18:13:50','2026-02-19 18:14:06'),
(56,0,1,'DEMO XL - Proxy Web','Demo-Kategorie (automatisch erstellt)','seed_osticket_kb.py','2026-02-19 18:13:50','2026-02-19 18:14:06'),
(57,0,1,'DEMO XL - Microsoft 365 Apps','Demo-Kategorie (automatisch erstellt)','seed_osticket_kb.py','2026-02-19 18:13:50','2026-02-19 18:14:06'),
(58,0,1,'DEMO XL - Exchange Online','Demo-Kategorie (automatisch erstellt)','seed_osticket_kb.py','2026-02-19 18:13:50','2026-02-19 18:14:06'),
(59,0,1,'DEMO XL - SharePoint Online','Demo-Kategorie (automatisch erstellt)','seed_osticket_kb.py','2026-02-19 18:13:50','2026-02-19 18:14:06'),
(60,0,1,'DEMO XL - OneDrive Operations','Demo-Kategorie (automatisch erstellt)','seed_osticket_kb.py','2026-02-19 18:13:50','2026-02-19 18:14:06'),
(61,0,1,'DEMO XL - Teams Collaboration','Demo-Kategorie (automatisch erstellt)','seed_osticket_kb.py','2026-02-19 18:13:51','2026-02-19 18:14:06'),
(62,0,1,'DEMO XL - Teams Meetings','Demo-Kategorie (automatisch erstellt)','seed_osticket_kb.py','2026-02-19 18:13:51','2026-02-19 18:14:06'),
(63,0,1,'DEMO XL - Teams Voice','Demo-Kategorie (automatisch erstellt)','seed_osticket_kb.py','2026-02-19 18:13:51','2026-02-19 18:14:06'),
(64,0,1,'DEMO XL - Mail Security','Demo-Kategorie (automatisch erstellt)','seed_osticket_kb.py','2026-02-19 18:13:51','2026-02-19 18:14:06'),
(65,0,1,'DEMO XL - SPF DKIM DMARC','Demo-Kategorie (automatisch erstellt)','seed_osticket_kb.py','2026-02-19 18:13:51','2026-02-19 18:14:06'),
(66,0,1,'DEMO XL - Backup Policy','Demo-Kategorie (automatisch erstellt)','seed_osticket_kb.py','2026-02-19 18:13:51','2026-02-19 18:14:06'),
(67,0,1,'DEMO XL - Backup Restore','Demo-Kategorie (automatisch erstellt)','seed_osticket_kb.py','2026-02-19 18:13:51','2026-02-19 18:14:06'),
(68,0,1,'DEMO XL - Storage Capacity','Demo-Kategorie (automatisch erstellt)','seed_osticket_kb.py','2026-02-19 18:13:51','2026-02-19 18:14:06'),
(69,0,1,'DEMO XL - VMware Operations','Demo-Kategorie (automatisch erstellt)','seed_osticket_kb.py','2026-02-19 18:13:51','2026-02-19 18:14:06'),
(70,0,1,'DEMO XL - HyperV Operations','Demo-Kategorie (automatisch erstellt)','seed_osticket_kb.py','2026-02-19 18:13:51','2026-02-19 18:14:06'),
(71,0,1,'DEMO XL - Linux Server','Demo-Kategorie (automatisch erstellt)','seed_osticket_kb.py','2026-02-19 18:13:51','2026-02-19 18:14:06'),
(72,0,1,'DEMO XL - Linux Client','Demo-Kategorie (automatisch erstellt)','seed_osticket_kb.py','2026-02-19 18:13:51','2026-02-19 18:14:06'),
(73,0,1,'DEMO XL - Mac Client','Demo-Kategorie (automatisch erstellt)','seed_osticket_kb.py','2026-02-19 18:13:51','2026-02-19 18:14:06'),
(74,0,1,'DEMO XL - WLAN Enterprise','Demo-Kategorie (automatisch erstellt)','seed_osticket_kb.py','2026-02-19 18:13:51','2026-02-19 18:14:06'),
(75,0,1,'DEMO XL - NAC Authentication','Demo-Kategorie (automatisch erstellt)','seed_osticket_kb.py','2026-02-19 18:13:51','2026-02-19 18:14:06'),
(76,0,1,'DEMO XL - PKI Certificates','Demo-Kategorie (automatisch erstellt)','seed_osticket_kb.py','2026-02-19 18:13:51','2026-02-19 18:14:06'),
(77,0,1,'DEMO XL - TLS Services','Demo-Kategorie (automatisch erstellt)','seed_osticket_kb.py','2026-02-19 18:13:51','2026-02-19 18:14:06'),
(78,0,1,'DEMO XL - Web Applications','Demo-Kategorie (automatisch erstellt)','seed_osticket_kb.py','2026-02-19 18:13:51','2026-02-19 18:14:06'),
(79,0,1,'DEMO XL - Browser Support','Demo-Kategorie (automatisch erstellt)','seed_osticket_kb.py','2026-02-19 18:13:51','2026-02-19 18:14:06'),
(80,0,1,'DEMO XL - Database Access','Demo-Kategorie (automatisch erstellt)','seed_osticket_kb.py','2026-02-19 18:13:51','2026-02-19 18:14:06'),
(81,0,1,'DEMO XL - SQL Client','Demo-Kategorie (automatisch erstellt)','seed_osticket_kb.py','2026-02-19 18:13:51','2026-02-19 18:14:06'),
(82,0,1,'DEMO XL - RDP Services','Demo-Kategorie (automatisch erstellt)','seed_osticket_kb.py','2026-02-19 18:13:51','2026-02-19 18:14:06'),
(83,0,1,'DEMO XL - Remote Support','Demo-Kategorie (automatisch erstellt)','seed_osticket_kb.py','2026-02-19 18:13:51','2026-02-19 18:14:06'),
(84,0,1,'DEMO XL - Monitoring Alerts','Demo-Kategorie (automatisch erstellt)','seed_osticket_kb.py','2026-02-19 18:13:51','2026-02-19 18:14:06'),
(85,0,1,'DEMO XL - Log Management','Demo-Kategorie (automatisch erstellt)','seed_osticket_kb.py','2026-02-19 18:13:51','2026-02-19 18:14:06'),
(86,0,1,'DEMO XL - SIEM Integration','Demo-Kategorie (automatisch erstellt)','seed_osticket_kb.py','2026-02-19 18:13:51','2026-02-19 18:14:06'),
(87,0,1,'DEMO XL - MDM Devices','Demo-Kategorie (automatisch erstellt)','seed_osticket_kb.py','2026-02-19 18:13:51','2026-02-19 18:14:06'),
(88,0,1,'DEMO XL - Mobile Apps','Demo-Kategorie (automatisch erstellt)','seed_osticket_kb.py','2026-02-19 18:13:51','2026-02-19 18:14:06'),
(89,0,1,'DEMO XL - Intune Policies','Demo-Kategorie (automatisch erstellt)','seed_osticket_kb.py','2026-02-19 18:13:51','2026-02-19 18:14:06'),
(90,0,1,'DEMO XL - Patch Rollout','Demo-Kategorie (automatisch erstellt)','seed_osticket_kb.py','2026-02-19 18:13:51','2026-02-19 18:14:06'),
(91,0,1,'DEMO XL - Vulnerability Mgmt','Demo-Kategorie (automatisch erstellt)','seed_osticket_kb.py','2026-02-19 18:13:51','2026-02-19 18:14:06'),
(92,0,1,'DEMO XL - Service Desk L1','Demo-Kategorie (automatisch erstellt)','seed_osticket_kb.py','2026-02-19 18:13:51','2026-02-19 18:14:06'),
(93,0,1,'DEMO XL - Service Desk L2','Demo-Kategorie (automatisch erstellt)','seed_osticket_kb.py','2026-02-19 18:13:51','2026-02-19 18:14:06'),
(94,0,1,'DEMO XL - Incident Process','Demo-Kategorie (automatisch erstellt)','seed_osticket_kb.py','2026-02-19 18:13:51','2026-02-19 18:14:06'),
(95,0,1,'DEMO XL - Problem Management','Demo-Kategorie (automatisch erstellt)','seed_osticket_kb.py','2026-02-19 18:13:51','2026-02-19 18:14:06'),
(96,0,1,'DEMO XL - Change Management','Demo-Kategorie (automatisch erstellt)','seed_osticket_kb.py','2026-02-19 18:13:51','2026-02-19 18:14:06'),
(97,0,1,'DEMO XL - Asset Inventory','Demo-Kategorie (automatisch erstellt)','seed_osticket_kb.py','2026-02-19 18:13:51','2026-02-19 18:14:06'),
(98,0,1,'DEMO XL - License Management','Demo-Kategorie (automatisch erstellt)','seed_osticket_kb.py','2026-02-19 18:13:51','2026-02-19 18:14:06'),
(99,0,1,'DEMO XL - Compliance Audit','Demo-Kategorie (automatisch erstellt)','seed_osticket_kb.py','2026-02-19 18:13:51','2026-02-19 18:14:06'),
(100,0,1,'DEMO XL - GDPR Operations','Demo-Kategorie (automatisch erstellt)','seed_osticket_kb.py','2026-02-19 18:13:51','2026-02-19 18:14:06'),
(101,0,1,'DEMO XL - Business Continuity','Demo-Kategorie (automatisch erstellt)','seed_osticket_kb.py','2026-02-19 18:13:51','2026-02-19 18:14:06');
/*!40000 ALTER TABLE `ost_faq_category` ENABLE KEYS */;
UNLOCK TABLES;
commit;

--
-- Table structure for table `ost_faq_topic`
--

DROP TABLE IF EXISTS `ost_faq_topic`;
/*!40101 SET @saved_cs_client     = @@character_set_client */;
/*!40101 SET character_set_client = utf8mb4 */;
CREATE TABLE `ost_faq_topic` (
  `faq_id` int(10) unsigned NOT NULL,
  `topic_id` int(10) unsigned NOT NULL,
  PRIMARY KEY (`faq_id`,`topic_id`)
) ENGINE=InnoDB DEFAULT CHARSET=utf8mb3 COLLATE=utf8mb3_uca1400_ai_ci;
/*!40101 SET character_set_client = @saved_cs_client */;

--
-- Dumping data for table `ost_faq_topic`
--

LOCK TABLES `ost_faq_topic` WRITE;
/*!40000 ALTER TABLE `ost_faq_topic` DISABLE KEYS */;
set autocommit=0;
INSERT INTO `ost_faq_topic` VALUES
(13,1),
(14,10),
(15,11),
(16,2),
(17,1),
(18,10),
(19,11),
(20,2),
(21,1),
(22,10),
(23,11),
(24,2),
(25,1),
(26,10),
(27,11),
(28,2),
(29,1),
(30,10),
(31,11),
(32,2),
(33,1),
(34,10),
(35,11),
(36,2),
(37,1),
(38,10),
(39,11),
(40,2),
(41,1),
(42,10),
(43,11),
(44,2),
(45,1),
(46,10),
(47,11),
(48,2),
(49,1),
(50,10),
(51,11),
(52,2),
(53,1),
(54,10),
(55,11),
(56,2),
(57,1),
(58,10),
(59,11),
(60,2),
(61,1),
(62,10),
(63,11),
(64,2),
(65,1),
(66,10),
(67,11),
(68,2),
(69,1),
(70,10),
(71,11),
(72,2),
(73,1),
(74,10),
(75,11),
(76,2),
(77,1),
(78,10),
(79,11),
(80,2),
(81,1),
(82,10),
(83,11),
(84,2),
(85,1),
(86,10),
(87,11),
(88,2),
(89,1),
(90,10),
(91,11),
(92,2),
(93,1),
(94,10),
(95,11),
(96,2),
(97,1),
(98,10),
(99,11),
(100,2),
(101,1),
(102,10),
(103,11),
(104,2),
(105,1),
(106,10),
(107,11),
(108,2),
(109,1),
(110,10),
(111,11),
(112,2),
(113,1),
(114,10),
(115,11),
(116,2),
(117,1),
(118,10),
(119,11),
(120,2),
(121,1),
(122,10),
(123,11),
(124,2),
(125,1),
(126,10),
(127,11),
(128,2),
(129,1),
(130,10),
(131,11),
(132,2),
(133,1),
(134,10),
(135,11),
(136,2),
(137,1),
(138,10),
(139,11),
(140,2),
(141,1),
(142,10),
(143,11),
(144,2),
(145,1),
(146,10),
(147,11),
(148,2),
(149,1),
(150,10),
(151,11),
(152,2),
(153,1),
(154,10),
(155,11),
(156,2),
(157,1),
(158,10),
(159,11),
(160,2),
(161,1),
(162,10),
(163,11),
(164,2),
(165,1),
(166,10),
(167,11),
(168,2),
(169,1),
(170,10),
(171,11),
(172,2),
(173,1),
(174,10),
(175,11),
(176,2),
(177,1),
(178,10),
(179,11),
(180,2),
(181,1),
(182,10),
(183,11),
(184,2),
(185,1),
(186,10),
(187,11),
(188,2),
(189,1),
(190,10),
(191,11),
(192,2),
(193,1),
(194,10),
(195,11),
(196,2),
(197,1),
(198,10),
(199,11),
(200,2),
(201,1),
(202,10),
(203,11),
(204,2),
(205,1),
(206,10),
(207,11),
(208,2),
(209,1),
(210,10),
(211,11),
(212,2),
(213,1),
(214,10),
(215,11),
(216,2),
(217,1),
(218,10),
(219,11),
(220,2),
(221,1),
(222,10),
(223,11),
(224,2),
(225,1),
(226,10),
(227,11),
(228,2),
(229,1),
(230,10),
(231,11),
(232,2),
(233,1),
(234,10),
(235,11),
(236,2),
(237,1),
(238,10),
(239,11),
(240,2),
(241,1),
(242,10),
(243,11),
(244,2),
(245,1),
(246,10),
(247,11),
(248,2),
(249,1),
(250,10),
(251,11),
(252,2),
(253,1),
(254,10),
(255,11),
(256,2),
(257,1),
(258,10),
(259,11),
(260,2),
(261,1),
(262,10),
(263,11),
(264,2),
(265,1),
(266,10),
(267,11),
(268,2),
(269,1),
(270,10),
(271,11),
(272,2),
(273,1),
(274,10),
(275,11),
(276,2),
(277,1),
(278,10),
(279,11),
(280,2),
(281,1),
(282,10),
(283,11),
(284,2),
(285,1),
(286,10),
(287,11),
(288,2),
(289,1),
(290,10),
(291,11),
(292,2),
(293,1),
(294,10),
(295,11),
(296,2),
(297,1),
(298,10),
(299,11),
(300,2),
(301,1),
(302,10),
(303,11),
(304,2),
(305,1),
(306,10),
(307,11),
(308,2),
(309,1),
(310,10),
(311,11),
(312,2),
(313,1),
(314,10),
(315,11),
(316,2),
(317,1),
(318,10),
(319,11),
(320,2),
(321,1),
(322,10),
(323,11),
(324,2),
(325,1),
(326,10),
(327,11),
(328,2),
(329,1),
(330,10),
(331,11),
(332,2),
(333,1),
(334,10),
(335,11),
(336,2),
(337,1),
(338,10),
(339,11),
(340,2),
(341,1),
(342,10),
(343,11),
(344,2),
(345,1),
(346,10),
(347,11),
(348,2),
(349,1),
(350,10),
(351,11),
(352,2),
(353,1),
(354,10),
(355,11),
(356,2),
(357,1),
(358,10),
(359,11),
(360,2),
(361,1),
(362,10),
(363,11),
(364,2),
(365,1),
(366,10),
(367,11),
(368,2),
(369,1),
(370,10),
(371,11),
(372,2);
/*!40000 ALTER TABLE `ost_faq_topic` ENABLE KEYS */;
UNLOCK TABLES;
commit;

--
-- Table structure for table `ost_file`
--

DROP TABLE IF EXISTS `ost_file`;
/*!40101 SET @saved_cs_client     = @@character_set_client */;
/*!40101 SET character_set_client = utf8mb4 */;
CREATE TABLE `ost_file` (
  `id` int(11) NOT NULL AUTO_INCREMENT,
  `ft` char(1) NOT NULL DEFAULT 'T',
  `bk` char(1) NOT NULL DEFAULT 'D',
  `type` varchar(255) CHARACTER SET ascii COLLATE ascii_general_ci NOT NULL DEFAULT '',
  `size` bigint(20) unsigned NOT NULL DEFAULT 0,
  `key` varchar(86) CHARACTER SET ascii COLLATE ascii_general_ci NOT NULL,
  `signature` varchar(86) CHARACTER SET ascii COLLATE ascii_bin NOT NULL,
  `name` varchar(255) NOT NULL DEFAULT '',
  `attrs` varchar(255) DEFAULT NULL,
  `created` datetime NOT NULL,
  PRIMARY KEY (`id`),
  KEY `ft` (`ft`),
  KEY `key` (`key`),
  KEY `signature` (`signature`),
  KEY `type` (`type`),
  KEY `created` (`created`),
  KEY `size` (`size`)
) ENGINE=InnoDB AUTO_INCREMENT=4 DEFAULT CHARSET=utf8mb3 COLLATE=utf8mb3_uca1400_ai_ci;
/*!40101 SET character_set_client = @saved_cs_client */;

--
-- Dumping data for table `ost_file`
--

LOCK TABLES `ost_file` WRITE;
/*!40000 ALTER TABLE `ost_file` DISABLE KEYS */;
set autocommit=0;
INSERT INTO `ost_file` VALUES
(1,'T','D','image/png',9452,'b56944cb4722cc5cda9d1e23a3ea7fbc','gjMyblHhAxCQvzLfPBW3EjMUY1AmQQmz','powered-by-osticket.png',NULL,'2026-02-19 18:15:04'),
(2,'T','D','text/plain',24,'j4-yfMWtx86n3ccfeGGNagoRoTDtol7o','MWtx86n3ccfeGGNafaacpitTxmJ4h3Ls','osTicket.txt',NULL,'2026-02-19 18:15:04'),
(3,'T','D','image/png',26990,'WLE_C0wWGCoo9R0-JJ-x4Wqp6qvR8CsE','0wWGCoo9R0-JJ-x4K4bKZeHT_gAQn_ko','d305860a8a3d474f8927ec785aaa7aaaf47c0ac1.png',NULL,'2026-02-23 16:22:59');
/*!40000 ALTER TABLE `ost_file` ENABLE KEYS */;
UNLOCK TABLES;
commit;

--
-- Table structure for table `ost_file_chunk`
--

DROP TABLE IF EXISTS `ost_file_chunk`;
/*!40101 SET @saved_cs_client     = @@character_set_client */;
/*!40101 SET character_set_client = utf8mb4 */;
CREATE TABLE `ost_file_chunk` (
  `file_id` int(11) NOT NULL,
  `chunk_id` int(11) NOT NULL,
  `filedata` longblob NOT NULL,
  PRIMARY KEY (`file_id`,`chunk_id`)
) ENGINE=InnoDB DEFAULT CHARSET=utf8mb3 COLLATE=utf8mb3_uca1400_ai_ci;
/*!40101 SET character_set_client = @saved_cs_client */;

--
-- Dumping data for table `ost_file_chunk`
--

LOCK TABLES `ost_file_chunk` WRITE;
/*!40000 ALTER TABLE `ost_file_chunk` DISABLE KEYS */;
set autocommit=0;
INSERT INTO `ost_file_chunk` VALUES
(1,0,'PNG\r\n\Z\n\0\0\0\rIHDR\0\0\0\0\0\0(\0\0\0G\0\0\nCiCCPICC profile\0\0xڝSwX>eVBl\0\"#Y\0a@Ņ\nVHUĂ\nH(gAZU\\8ܧ}zy&j\09R<:OHɽH g\0\0yx~t?o\0\0p.$P&W\0 \0\"R\0.T\0\0Sd\n\0\0\0ly|B\"\0\r\0I>\0ة\0آ\0\0(G$@\0`UR,\0@\".Y2G\0vX@`\0B,\0 8\0C L0ҿ_pH\0˕͗K3\Zw!lBa)f	\"#HL\0\0\Z8?flŢko\">!\0N_puk[\0V\0h]3	Z\nzy8@P<\n%b0>3o~@z\0q@qanvRB1n#ǅ)4\\,XP\"MyRD!ɕ2	w\r\0ONl~Xv\0@~-\Z\0g42y\0\0@+\0͗\0\0\\L\0\0D*AaD@$<B\nAT:\Z18\r\\p`	Aa!:b\"\"aH4 Q\"rBj]H#-r9\\@ 2G1Qu@\ZƠst4]k\Z=Kut\0}c1fa\\E`X\Z&cX5V5cX7va$^lGXLXC%#W	1\'\"O%zxb:XF&!!%^\'_H$ɒN\n!%2IIkHH-S>iL&m O:ňL	$RJ5e?2BQͩ:ZImvP/S4u%͛Cˤ-Кigih/t	݃EЗkw\r\rHb(k{/LӗT02goUX**|:V~TUsU?yTU^V}FUP	թU6RwRPQ__c\rFHTc!2eXBrV,kMb[Lvv/{LSCsfffqƱ9ٜJ!\r{--?-jf~7zھbrup@,:m:u	6Qu>cy	Gm7046l18c̐ckihhI\'&g5x>fob4ek<abi2ۤĤ)͔kfѴt,ܬج9՜kaټEJ6ǖږ|MV>VyVV׬I\\,mWlPW:˶vm))Sn1\n9a%m;t;|rtuvlp4éĩWggs5KvSmnz˕\Zҵܭm=}M.]=AXq㝧/^v^Y^O&0m[{`:>=e>>z\"=#~~~;yN`\Zk5/>B	\rYroc3g,Z0&L~oL̶Gli})*2.QStqt,֬Yg񏩌;jrvgjlRlc웸xEt$	=sl3Ttcܢ˞w<Y5Y|8? BP/OnM򄛅OEQJ<V8;}ChOFu3	OR+y#MVDެq-9R\ri+0(Of++\rym#slLѣRPL/+x[[xHHZ3f#|PظxY\"E#Sw.1]Rdxi}h˲PXRUjyRҥC+W4nZcadUj[V*_pFWN_|ymJHnYJjAІ\r_mJtzjʹ5a5[̶6z]V&ֿw{;켵+xWkE}nݏ\Zb~ݸGwOŞ{{Ejtolܯ	mR6H:p囀oڛwpZ*A\'ߦ|{PߙHy+:u-m=茣^G~1cu5W(=䂓dN?=ԙyLk]Q]gCϞ?tL_]p\"b%K==G~pH[oeW<tM;js.]yn&%vw\nL]zxem``Y	ӇGG#F#\r\ZdΓ᧲~VysKXϿyr﫩:#y=}ǽ(@PcǧO>|/9%\0\0\0tEXtSoftware\0Adobe ImageReadyqe<\0\0(iTXtXML:com.adobe.xmp\0\0\0\0\0<?xpacket begin=\"﻿\" id=\"W5M0MpCehiHzreSzNTczkc9d\"?> <x:xmpmeta xmlns:x=\"adobe:ns:meta/\" x:xmptk=\"Adobe XMP Core 5.6-c014 79.156797, 2014/08/20-09:53:02        \"> <rdf:RDF xmlns:rdf=\"http://www.w3.org/1999/02/22-rdf-syntax-ns#\"> <rdf:Description rdf:about=\"\" xmlns:xmp=\"http://ns.adobe.com/xap/1.0/\" xmlns:xmpMM=\"http://ns.adobe.com/xap/1.0/mm/\" xmlns:stRef=\"http://ns.adobe.com/xap/1.0/sType/ResourceRef#\" xmp:CreatorTool=\"Adobe Photoshop CC 2014 (Macintosh)\" xmpMM:InstanceID=\"xmp.iid:6E2C95DEA67311E4BDCDDF91FAF94DA5\" xmpMM:DocumentID=\"xmp.did:6E2C95DFA67311E4BDCDDF91FAF94DA5\"> <xmpMM:DerivedFrom stRef:instanceID=\"xmp.iid:CFA74E4FA67111E4BDCDDF91FAF94DA5\" stRef:documentID=\"xmp.did:CFA74E50A67111E4BDCDDF91FAF94DA5\"/> </rdf:Description> </rdf:RDF> </x:xmpmeta> <?xpacket end=\"r\"?>\0\0IDATx]	S?/{2dfaq]67ϭ(*-\n.+օ nJSR:VDT,e2l3LݛosNPq$s1NY96tS/Q]k~Kz>%4ߤ5<,clmY\'BhBLZM?\0]sG>Z(4W]h\r\"Ҿ&F4]?JKD$F>Yd-}QZYe)*tӄ$\r	=(tBg	=_єQ\0mV+SvaDWgBBeBLH#tB	mFW\0;t _@њx.t![!#\\|W:\rGI9*ʍ6ˁJkSAqGN\09EBM~-4?홝~I}&yeYo\nu{.rBkiv?LGєj-+Q散\02%>|(^\nXrTR-*-R˅VBI:GT#5i\ZE\"FlD;\\_psjdB\"tB)2wϊ`Ф^MnA!<Y>\nktMJw%<.BU\\GBI?禓]\0o^eF&.aa5͚#ңo>=L^]FJN\0GㅾV\Z!q#!6=X9\\T2ﲨ{c捳,Ў)zakl@1{^MF_b(79+\'J{hn[\\hiGc41\'\'M1>;kǐL݋$|~,ݕx l(4W.\ZAjՈrsrWMWr\"zh>;Y窊E,0ތ\\\\1b\"\'xuLYȣx9)^[\0PXVNXͻT(\"YuWev݈RUC55ACGY6?@1kVS|9IX*rD\"LΎ=*@4=NwZj9%p%a~yBe\rK;HTo+)Q_ŸtcIUȱB\"VڪVg>LvWS1|XpѰyZxrR\'#)WH[ ԍ	(#=B2C۲@JL,H$ݵ(N)2\'䘮\Z/*\'rZKDV((g	ś{P]aY jߊ=B\n\"4~nVnwRXFUrQsΐJd\Zz7\"y7ecV%BT`SO;]NNyXz7s}~j/߬\rnFz*fۉ洌5)EEK|j44\rI.x.j6GJG_ӘZz1`NxP<8^$6vhUY\nGjrެ/^DaSۚIm·L\Z^ fZA36ck{,\Z9Rܱ@WQ%ZdWmo\'rKJU07YާD~&*1~&=PH:	eְȁ~|d4ş:҇\n{ţTǹ+h,9wwzX\0-KN/R\r3-Hh+apymv+gɧ7E#:*Z;x΁w*Kq8WQȶ<{X&ңxPTR;Pđ #%·\'H/d&Ay?Ljȇ6=\"9t9\Z_2I$\0K,-\"hg.v8߼a=ٞ]MV*D-zc0:z7yɣGϯ(/y=|ҧ^[Ӻcaq>ѺQj)bDkyJ@cKleh\rK)AxnvF8\rJBww*%Gl^͖̋*DLV )Qx1NT7o.|eSV>^B/\ZҽqSE>;-41tiD瓍8U}\'\"OBz#wv8;IF>:Թ㰀O4DrSm.F!%8䊛Iy\"e*HNEft5K#LBE36P$V72;P\"1Óȹڹ\\y (r\"W>zS}|?A6Ny΋p9H\0616ʧPZ}i\"R7%OčыkCU!j/@61z	\'[~wף7V\0q_+}o^e4\"6¨s!\\rkJNT$@QNS$yZ(_:{W,\r/u\ZsxѰqh.}	g(b[\ZsL7RF+%(G8\"4r)5V6IF\r: XR>9Q;G)ڴ^LȰR#.c/ 5/dIzf9,}Og+>{8xq*k^Z`5ruuʠ\"IE[uT\\\nqf-ϵͺ/I4%8{07\"W+kTGa_dC:2v\0Y-{0ǟN6V!1y\0@LFy@::x:/+Eîu.^f=0	WV\"bK53Ght#+>?ǽ=0}0tɼu\rV9)ftѼ~;W9XttƊ#)\n6Ex9r8_KgD+	ȸ\nZu-@GLM\Z`^N\r^Fȫ	` #bLFD~x֎@7:!l1l\Z\'9@p)bPbNUPqt8\"\'\r\\&!ª&OGGׂbnf`]0N=m?kXF$?2bP\nؕp0{EAoh|dYE,qjQe0T`K|4bf.DfoNDÁ=l,uف1\\vUPwBG_)1\0NoC&ҁ痁<Pq~6cmZb>	\\U\' y>!ܶFG,GMOf uQnxHrL<4?f/qRJʿɤ%e\"2s!֧!\'~p\r#Je+R=um^JU|FopC(h_oI3]puB4+q.CI[IMgTm(FFg/\"XA]\03#)I5rcӨ}ʪG@@Q|\0E(Nw̥uDK\0h*YC.1UrX4<y̐;_B@D1p~mxVޯg5Ze+xH\'P\rD龬lwPdx>]hBGGR|`QvӠBC,EROg*/69p8!ĭ씯q\"BZ45xH2Ţ-G:I83%$|aY\0<ܴZW0&aTnUâZtep\Zi#EF6*\\o&H\'	=c6m\"Ķ6WJVQSq*겨b,Qd{4{ru!ƲFn-赒7aL7i@{PL閮%$(\'qcw``@5	e\Z9fգV%M(ëqasQw^w\nRZ0ǲEOtn`Ň藸eY=m.\'2_CN`Ʈ(!kMč4u%4)H[/;}\\8*X=Mwh\r\Zt\n\\\'\"\nƄZ~M3-98R8g_@uWN4ꓚϹ5b5T^RcSVhb>b\0#5:,wcTPma\' E	e0XԎBIFx\\yU\"8r[Er:!5dIAh\'Z4Wtg4醲v<Q]-\\A(5`m,	皌V\ZXd*Pb<B%+#c.V*P,Vՙy(:\0F#\"|Fu7l+\0(ŀb`xڗPR7՝*).^U(\\Μ;脫PЙ\0y\Z\0j8\ZydQeZ	EOhu)h3![SU\'_q(.ROBbWѶhԋG\rN)|VFh&D]E4 ky6hw=?D\'ub-TsGyy`8<\na+V\rh2	x1іMAy)lk$Hy7t\rjH/6-Ju&<}\"Qĕn@{jK\Z.`-NBچӫhM/^\\߀1vS/GJP!6#9:CbDčR_9C\rSU]SE4;Bo\"(Px)\'̵pʲ	ޝӜ{P4	0,@:L\\j_g080c\"!,x77\Z\nd\"~h~P9I,FS;km@F2?\n%5z|:5hDCtGTET}-qz{\niIQ3#dt-!DWD#w#e&\ZQNDwݔjq{pk+܏{gZǫrХl\"lm$lp$I?1`<:$BibBc]݀k8qvCdWxU\'yQ.=o3V %|F=V+$E\'^9O7KL轲ZȫI4xaA>gЏ\0`_c:\Z\rF(D~@3ѷ3)S: _?𵀓\\M)8~x/F!Pnp/ؽ%h[p݋Xes,ھđ\nieLDJKKruA)Jw\"dx^W\np$\0D(-]]:hkid3+;Un4\nKɶP(Ph\n;^Ʋ,]|X˫Tw	Vv\0uྞbS(ٖZ?=g`xѡ5MY9\Z\\Sl3e:Y	jBnvJ5szS.\'%jh̜\0Z=_\Zh`oe[)#2iM7יbVN@tS_]wfHu͙HemHk ZD۽\'(NT|_;\"VJLɔi/Bh8\"/!wF5vT!+Q/AFOҘ4C\Zp0jC\nJ\'6Q~7vD3/B5@Z p_\0௘s]J\0\0\0\0IENDB`'),
(2,0,'Canned Attachments Rock!'),
(3,0,'PNG\r\n\Z\n\0\0\0\rIHDR\0\0d\0\0\0\0\0P\0\0i5IDATxn0qnT\nA8]IyI/fq<VJ~e,mvTBΝ%YCO*6^r[Enhۍi%mjаPB0\"h~wwݧ9\\Z}7jO~9\'gnnv\rS^=mwE?e˯/sK$ylP=h_lu\"\'9\\$YIFKmHtfD\\`7h{	\';G4h[.6ׄG:%G헢{l}tmvi,D;y	VNJh\ZYZQiD~n[6J\\;mz	f`4Cwmw轎6=*tnA޶Rwe~ϗ6>з?@~]F{DFg6,wD~fX\0+%$Yѿ-}H\Z.tX͸rԖ6xTGz=(3}varR(3KA@yt*7rJiNݧFC/+++}<ݥN?wخc_wfNz|D;mgvs;w~x3:0u3voJ}F?w!]7,Ga]/+{%ewUe$˰^#[ޕ\"%7!}QRSO]8*y˖n>S[lL\\\'?xog]kvB:(;WeWӣt<?Nm2T@%YN[z҉f26smVzo-M>n*3ݟ͆Wv^SdΓ;uvuzK?f#:K9\0/q,\0X\0\0c	\0c	\0c	\0c	\0c	\0c	\0c	\0c	\0c	\0c	\0c	\0c	\0c	\0c	\0c	\0c	\0E\0J˵X^\0M̫?\0hB򺏥k\0^?;r2O+>KEf>^^!\\Yc7+mDa\0k\"ށ!\\+]w.DPAADQ#kJ41IDK6HxÜqf<o{cZ%@g\n	Hz)O~LJY.3$l囏eVT*bQ,:SH@AȁX6e^ObY(3$Q˿7|>/\0)$/b)\0eK,J777b	ЙBBR,K@,X K\022b	XFF,Ȉ%\0b@,##\0ed\0X K\022b	XFF,Ȉ%\0b@,##\0ed\0X K\022bymKsw7\\@:bڼXKOηeŅpw߽+D63hh◉󡡯agPُ×z.kLzj}n.~76m_=<t8\rw#\\U6{!ln:;k@UTNVH]=࠼Vh88+)k;+^9Ip)ٯ\\Ma`{߬qۿ5(Au(H\"^;yozE/%jEATQk!wFYdwfS^	6LTnlJvheEFV2{	p?ץRSd9dY]sU9Z\04WXtCsaTDa܀Mx]Ғlߚt%ZX#A&,\0|&kWyk+,1Yd5,z\"?m:)uM\"	d3{*x涝*)r!k=&U}>i~FI%Ґ\'c$\\l~M8fVHIsnNd_LF[\rԋY\0U&íD~Qj0I_5=DՎ,.(و&@,K\"fc$VQ`۟]wNۣ^6Y|8Wn\rMO^rM$qugm\rꮯLN]$h5Se\"6vtb%phBjkhu6˵b+ML5` Yy2)Z19C\r>%	R\\V6xe\0T*k!?|g~*8O4D64(i7ֈDZHl+@I-R.~?_Y;v{͹sfϞY3kY3_6;c;z\\3ZRJŊy1_O=Jyܹ.;i]ٜ&O4zQq1w>;Xz]\"Xw\\?LF9_;]t		,o}51X~iP\nD+F~ehʉZ,YSLǼ_&ezSb>|Jb$l8efbMޙ\'aenۭsʓO=\"a*3ƭ(kV\"[%FM8~dRW0P69+\"UʰzU:b|K6%#dhT;0w\Zm,/=\Z,;;u&uN.Z&F&XOX X\"`]=\'\Z2DȯzHi	우gƏI))LZGd2?!y5-]UKjI1A #GEx]3U\n8D0.T~0SN\0엿Ԟ\"\0˹K9hf4+ĘǏrbXFYjr]WSD\0a!:71@[)\'n`2S6xr`4>+XG,;u!w=LC!E(Ă$EPH Z		qV\\+BQ_yH|hJ!PiSCW<e\Z..;A%՛/evr~z	@Q\"={B[>lT1G	h;6ɓJg?aoқk,a-!?~i}^D]O:kPqO,dEEk,4i0`1`)(\"XZV!ଟhi7dF_M^b\ZSKب6wǎQx:t(zGpL(pnCJ:(Qg,K\\a<~J)lq҉1X(AuR1R~;%)hi(O^DE~EM4	oledƀ%Drs:!]&#_b&LXSl/A,?S^w7`i¡J\nD};F:JYRN溩m̓&6!.rz ~}k?q#/Z,)?rtN@Ë0\0CsyYROGJG~16($\0J@TdYƗ:nH``ٿfI*f,Od!T@\r ,`!,ǎINkGЯQ<)#S\"Ywx4Id6`9c;AX{h,q	4>\r4\0>/XRmfJ^-\0Ԙ2huMiLL<`i&^eKOH,6ܒ\ZYMI~倥Kpd`O~7!2|\n\0KZ47XzəaCW_ڀ~ip	^=sg~	`q\r\'bN%!Kڜ/%/K>>E^B~?<\'`Ix~㥗<d:i=X@bcq\ZuIf-	G\"ZE>JΓNA\\\"*	eYxXXpt2o\'պXϝłeOu/^wX&&X&X9Dᴩ4hkKFOXB(3ZT@ncs~8i#Wav)1|2)n_#\\α@V:Jeѣw g`,LtFz}ΰK~Ed%~\'˱v\"m`qCF2*f\"|KӢ@jҡIR		uHV1l,31=E;{,H\nHZ*l,m-Q1,`[XuF|8ع8&)AN|ȀGycڎAĈErW\Z,gd,&9!BJ5E|Sf\0\"RMxۯN1Q #uе:)COirƹkY`vh*\'%:Դ~C//%R,\r		+7Y3֛1B&X\Z20X\"|.xpL<yĨYXt:!$KMa<̱B`oO`iZHҝNbEȓ2s\'~ejWHxd5Hg=	\rb@ic#P̀z8S:\\>Ë|VLg$\"l.7`\ZmE ַoF-Z3#s6FRsJQ^ZwC5|N쌥sW64lFt{	;W900knǎRYqs&O?:nƹN[j\n鼬	Xtоb1	ebdf^leVO5_4o1\0NdPw (ɿ4Mrp!V8|_f2HC3uߓO|b4lPCds\':rr#Ӥe0\r]ˤˤOeRRRRRe``$X&%%%%%X6>	IIIII	OeRRRRRe``$X&%{S?1 8aSvJLTBrqz5Yrg,{FpSd9ifWs.{\\=dFͳސUgW^~eV~QeeH=D;0o<=bQY7n\'ϧUM88w/!+S֭5>gxCqQeeCzr_F}X3WCpSs]}=KNjTqн|փvg}܎}e}I		D	yZNI@gL%c`x\0ryH`y	\rA-Aj%djԁ=^%onX\Z\'mv.F}GtP]k%R]>rd:?̈́T8,p8nx*ǹ)T9}/,,r~eu	ɗ_~A-܉݇L\'N\Z#*{0_]+s1ގR_BK,SO]_7.Ļ0)q׭\\ɁG4MS,uhc\rVO[%\\>I\n\rӟO%~e.NMpOa8\\B{븤I6(+a\0aY_-mvIr*Cs<Փ\'ݧyܤef5\"cL_]ǆSe\\KT<	rW˜iG1M[Y.s!WHvEBa+D-8cH,}xp%6bH\n#	.mSvd\Zw\"\\O~18\"4(قRu\Z@\ng8sɽONnZڌQ9{\nWS;hϜ;c)\'.uWF΍UϏ޳LK\\\'`	`Q¨e	 \0@`bJ+`CJD-09L$,*%~vtj~|dR^0<VHG]OHb)֤ju9JI	wJKsTiL4\n$y<^(\nJgrX~STYOODF-.3DQыєҸVg`$	+TqoSh)։#X\ZJ~ӡx`	1t?N*\r!Y++EI4\0m:~5:tt*jt%Uן{NRx;R9bOL\\4X׿#@7rY)hȾf^U\n\rʶ\"NGf\\^q8p/WlG@Md!!qA\nܧמ}Y+ةA\r6Fd@x̜Ҵm26X@,UR]:6ME7^zIhRք\rEXsY:\n\rϡ0nHV5`9fZȘe\'?1X=s	U>7\\o-0%ñP-%7ߤH1tӶ1L\0V}Q@4S𲈯ܰ;[b7[_[B;XBK{&L6.ͦTu,+h<>K\0f\n.oTcm`iIaH)``hd;!\nGk\"(28:ٳk\Z$\\:ے	ɋY@ԉJ\n2+nO\0#QB*(f*I6`S~8+	Ȉq;%tXVgӓ3Nѳa+#-	-YXBfC\Z{v9kbOL\\4X\"ӹ9QNod<ٿH 6d퉕ւ27D7Gq}`Ɇ2ZĤPY󂥼`d	U	nKxnyʚD0\ZjkңȞX`.?2r`)2j|%k_k+4X9\"\n\">U`Y\ZWmwW8y=(˖-qUgd22_aM`i9A-q6n8585hq-ex.\\Ů<̫{t1Kp`$X?	G} 1΍E#ZQkSs%Q9#YF0!!`+J(~K{bѣU`Dt=	&l\0:lP\Zd\"q$7,MCd\0,t,@{=Ύ{F2:Uax2jG&X?	e;()j;䐕`*Nw~\'.1RN%@$xL\0iT!vK\"/jyUbt=I/ BA\\!&yPK	q doewT⠍m靲s=KG$MX]T	]5%xWGbeU : C	B tg%D/Uw9Hmjd2\0#LgEӻYUs=\nz	 eY*<仄|W/lAP%R`:׆۫A6z[8%5JXxxCpEkPl[\Zfgq\ZI$X4yvhO=z\0,m0@F<K\\JRreNXs>T-A*\0t0m7dlxgvghDxV%s`	Nډv᠑:X\n##`$X	,}]bU$AS³oJ1kDDWI-ƛ}䇞ûSsQiHF?0f˛_\'l,[c)Yt_OqZ_D_W9nʌ^ֈ9!!6\"\ZW­V\0K`]uR䔎@gK}\\B&o~8h\'3^8uD_C?Ot__HoKT,by%RĹU}v <QKe;⃢!zJ [\\q$)%|Fb8N72%i!5OꉵG7QE-sΛ!ZEW:*{ж))A~ŐwGMe4`$2ib\Z&%PRerc2k``1Ids#ߓB}Ĺ|S{#(2rch\0,qwvML:8``ԗ97,,3 G A+9F`ًIIkވ_f\r7,,,,,\'2)))))ILJJJJJl|,q$ˬ[RA%Gi\rq2GOҚ\'m\Z&%(J\\.XroO\\IesǆA|:WZf͓%X&X&KJ\0}0<u%))22|J$6\">zʋh0SMhZo0˿xoI{Bux`{\'!LѨe6X^{Y!q;cqn%uG+\'`)e\'n卾u7zZ51qaoONvfY[6CNT*\'|\Zon;!Y!g`Q%=Ze}g@Ĩjp8\'l헾}\rd]u=z5\0Vɓ\r\\ݻ=z&<8p?rَ7G^L``,C8;s75\n3Ջ\'rF+jjbR\"%xkrcۇOW+cj+}FJ-6X,7oqd1\\_q8e}X&[EBx fQ(1˔YII	s}XJ!=p\nqUo;4y<l(EwD ַ\rH+A(	]/.\\i<[lX<jSMH\\\nm3ʀJKPDPm\n0SJ~azSw)ٯSmPr/9#N\n,!L[]LGȍiOH\Z\':)).?\r,J\"|\\yI6Jez%Kw+D;AkT\'NԹ&K<eN\0mTlNDO`86Ur0s;4QP5dn0NeK^)xM˜(fZ|P*S~G%u~RRƃ1$壭\0\nބ<SX\"\\tz_r%ք2̌$k\'ވ-?=s	%c,Y*\'B~dUd,Do%Zfmi#,7,cHB6ܕs@\'N|СH*O,W[YvII^kPzKy0\"A僝B	A\0<|6*R:AI7[/b׎_Z2F2+;|2V}Li``}Dy,,V``ʀlw&JWJ`MKkF\'XO Uh,jd._\Z,\"b\r%Y\"V.{Z`{*.Sf%%%X9p`\0`f\rՎA\'>5|\nHpWDWe_רX\Zk,/jWx[%̦ei`H!򇿷_{͏;sSlwx\0X\n0mWZ}`i{n\\>rD:Ǹ\'%%X+:ߟj`	e8X`9E/ŏ:PFMzqyb%g?zzc4OlV\rvxzĊ_[SqT8\07PL`9<T1TA@1WD5Kۻĸlr\\JQ<n-+qj	J!,th1l^/!;f\Z,o=[\\ӻKV($i%8vR,))rsG~!JD+}ت0D9v!H dujVM2.&ł\nQXO%HfNI1X:[N7<Q{lԼ<,*x̃F;SI=\'H\'wH|a86U`h<G~:1\Z6{tͶ̻?WW$%yd\0Ye;̔3h)Ƚ5v䛲l5e=QkܟK0?vdɲ6sE>}TǮY߾_rd]ɞeY=eC_XSyd\0Y~ڢr=t8N}[^U}SR2꧃x6yI538Ϥ2ZG\Z͐j⩖|a^!9tTcrӯ1O,rt1JսSׯ	gbu{[{<䭎\n8MC%6mEms DGe*o/&?^FϤ*T9G;%^1A?8s9]X?q[;!Mrw=Y4!YrƤ=P</,_ `zkۤq%\0~r>L;҃O\0Y$d9 mqs.tx\0$K\0\0Y~\0 d	\0 A\0@%\0,!K\0\0YB\0\0,\0d9Y\0r\0 d	\0 A\0@%\0,!K\0\0YB\0\0,\0d9Y\0r\0 d	\0 A\0@%\0,9,r$K\0L,\0@G2un,2\" R\Zr_h\\V~yyy~~~zzz|||xx)\"\"K3g4YF\nd/˽b,\"\"N͔5K}]~L%Ԕ񦜽,sQ巈4]6)<ȗ]?Da(\0`\rm!%dC\\\'L0;SvחOǰ0c8,//\08/5e!˗)K\'K\0x, \0, \0, \0, \0, \0, \0, \0, \0, \0, \0, \0, \0, \0, \0, \0, \0, \0, \0, \0, \0, \0, \0, \0, \0, \0, \0, \0, \0, \0, \0, \0, \0, m\r˲nՔ0?)ea!BB(B\"IVMP%F#cft2sss{|Әws98NP.kZY,(˓w\n>nZnOS1FT*5MXp\ZFKt:aDRl_)\n+X\'8-&\rb[t:]0Ye	Ho*wv\\vWUA0xKr\\X˲T*\Z<BEQ@~GR4r\\<h4\Z/`\\\"P($Uױ\"hZט AQqx<\"ztv-I~s L4\ZKkeФp>pXly 9;uQ,у%PH$򪢌c^ayi4ԡ&Ǒgs6M5E}/)sv\"J$Ze07ew^FC#jbN-f|>OhT},A\"P\\.%j\ZFcL&jh4RޓDVv;wc?wUl,/G!MB0URWBDlXZBJ{,Ξsgfg*u~{Ιt̄8sN(annЄHddi2vu|||=h\\,	K\"=zDvğ³/_t*KGqP35;;p}}KkCk\\$^7>otE\rshB$J\Z$?>`\rȒ更,_|YĈՐ#.dɇLQRxhW(u>=l.}\09%*6\0eyI*Mb\ZdIY]?lll\"KxY]YǏg圝X×e3ž<aS3usY(`a-j\rMb\ne	ѣ-YZ0\\^xϧ(ˎfXfV7\n(Hi4F	]d)Dڲ$0ĵseiYPB7|Y6S6PiwbիN:9j[d)Dڲ@9(i7Y\"[Q>yF_ԏ?B[?,trg^1r}}C,H[!Cׯ_OI$]eI}f\\Q\ZL/j+[Z%-vd:)9V7d)D²$IgPZ%]΃*l\nr̻Pҩ,}HLr6YZZ̝w!˒;V`ɻ0\nCOf.7$K!R%PSaC><[tGe\\U:Igg@×%?0%M*F!w!cʪas}Vh64Re	Ěx$*Xw\\{mbTlNt˲&sPU6%>pi<q\nB\ZM\"aYbDHW\0\rt&% ,ie`(&K>BA͔0͛d	O<M*+Kљwh$K!ҖX3jj^zBY+%b,K%\rL`TLc{EY,6jW$hM{^Odh#˱o߾gmɒՇ+Y:{ \0NҲlwZP7nJl|YC+s mM84ReYQĶd	QYw[d[cNDqjd9L!hSow^F<޽ˠ<nnZUݡIB-Kv!݂SGn!Т,FQYzlO:/>g\nؽ_oo߾bcwjO>폸Yl04Reiאve	,e	4PmX̇/>g«AŲvT7XnF羸Ȋ8888M\"UYR`xjj?puuUQcwele$ϙ5	zE쨒#GF|Sꝝ {J>ƲZfC,HU+8\'yBue	,&p6H	W}.\"QME/>gFP9ݻ(wg?(B?ހ\rDp~E0&D!Kiwח%wᄲ$\rf_}lwF	m(&/	C{C\"E%t5aWA;Y7(uǗLHΔg@!~KI]}mFW	ytɑ,ezTeIT\"Vec֭-,)eS=CEB777H_(?:%\'w5	)gNUޣ[A5-pu2A\'SԩM6jA͔$$$s;W7(pd\Z:ml2!	r:pE\"1:>| e4=Ȧg]ҩk븪ԇRV,e()aGǠHBdEeBrײB!HB!DR! Y\n!$K!\"d)BD,BBAB!\"HB!DRþ\rDCHC_##F V\09+peX@@,  \0K\0%\0\0b	\0X@@,  \0K\0%\0\0b	\0X@@,  \0K\0%\0\0Í:<\0|X^\rv\0eN3Ln>O\0<>O6G<h<MLm{6?Fˋ1ƘLYe޶mM},GLgg6s)>\\y^;_K9Ns^\0b/aLs2)O\0@O%_VR,Xsn\0WV}Mo>\\=jV߾\0>,2V,<V.c%peY%åX~<bQ%F@{۾\\ )m\0Q7I@JI,)|.\0CS7I@eX^`u]Ji\ZؔRAl)K:ǲK@,\0<KNA>Жhrh)jAhBl<A%v\ZLI[\Z8҄,n\r~?ӲK&6)X\0X\0X\0X\0X\0X\0X\0X\0X\0ĭNyP\00cپ>NV*9mP\00%$\0@,%\0by!bI,X\n%\0b) \0XK\0 bI,X\n%\0b) \0XA,Ҕ^.-=f2OŵfqpWNlfS4Mo[ёvV=cܫ0bI,\Zqvz:<6\Z9noEux$ҽn\"<_J}yzOOsv{P܉ǭRWcP׫\Zb)!fͤ84M_jSi}}|*M}3Q<U~p\r@ƲBz*kqw{};ɋE>O,]֯kt$I;NZ_1+I끜U=Hzdkogkvcca(I2\Z2H+o%(\ny(\"~b*lJJkG=Qmn(iΝ,,=wwg\n\ZUЏkx(N,[HejRz\\?JzZ6_rvt-,KӑW8E#Aږͦ4W,,,;\"KK2zĤ0v%d!զ%G\0~t\0\0\0NL\'N8Z0Y&+_(E\Z3³dox%g2~pXX_[#=<xbJQga\"GI+-?H84o\Z,ur|V,,Ԕk=<0g\\!b^Y(shMտq;[[6\\ ^]^2hYSZ^*2Ԫts?sRot׎y%/K^ɒzu79=]gӱ1(g8I\"Neg<btԺ`4cK->Gwww6JiGxSF&<Ԇ٩(E$\ZӰl\\<\'\"Ĕ*GxOQG.N7Pg0A<Ahcjo<\0KX ,yKX_ʆUT\r>\Z]Е\n:_iѢC\Zfg_J%uډ9CVK:TZb*M7?ee#;\'`fI2ȈnL9%&`\0%	ĢBC:Q\n،d*,JTE1Slǝ̐07\0UӖ6\r(szS;\\Ea^OVKhUg%j${(&6XuT<E岰Tx k=B\";~ȗ3H$kCCt.sJ^..C~	Ke#1929r)Wڇ%)JΙ\"`Y||L=we?!۬DTB`˟Gᡤ\'̰^\'3.K,*gvL#76mV/A\rj	KpR\'q0En>ڀ,hL-ѮW``YV*	׃zS/{-t(j#)msّt\'/>\\)\n$kZSxd\\n-5>~KaPK[,@,it3i{Ed!OHeQsA!!21?;JAͽg:\"\"^#FF\"bx@#񃅟\Zv臺K죷kU_ף{<)]erR/s`ɂ|2Q5:g²FXDYW5}y~+Te29OTZ*4ˀ:JLÒ\Z)JGZF#mS\\.{IK9uPLtͮ|LXuK>OSruו,rXXK\\Kb\"80dZp2lԘK7 ƧVaXC>>qǹ˩tXv;4f,HH5qŇ}.%`fòF_]o?,y\\ٙ϶\"T,܌h\\GI` ޛ6r*5kj(ߎ>ƕV,ݨ~ޱQSӠan\Z5Q^MVгbWĶ\",USXYI1EyrR{:̀%#8lվq/Zԃ8$#k!u`w(&>(ܶeedFU-%AT̷e{d@u4=F;Ű޵%%->Gͭ\r,xc1,L\'_9uNܤϲck(.a9˱ò0\\],vqب1Grv\Z:h\rOLȔk1h`}T$XZ\ZmEXŮN6ݑ&\0f~\Zk˩tXceSJPn!,\"c9>JyXZr|A^3UDm$u,p^;ި(CJ?TBQ\"HCJ1Gq5]⍒Ѩݵc{\\9pe7)˒sJqI+D3\Z!9qy1[T(aPWcCCړgYٳΜ9Ȓ7v&	9zɆʒy]\'Y1!\\ZTS6MeY%1>\\@}ˋ(g+ʶ||;\\c,PZRooi~PE}laLdI0zD/~G\\o+<ke{wEv2ʋ%Hǎ!fe;,c];SOL+u1[2ƣ,(ˉɲ-2NJyL\Z8:\"T2B^,j;M%z^%*RT\\.KW \00%j\r \ZŮ,a<ʲ,p/%Đ\0$DH6i$|G7O(G|dM/\n?nm{Vե_q%˶R#˺\\n9&wxĜTLʷto[&1Ss\"jr̯(>rF8[1.\rI#8mYF:AC[}\"vzZuɲ!@9ObnFۅYڕg%\\\\4\\r0^-&̯(>r,rzH\n%!ljĉӖexy[]Y:eВz\re雝kA:uD\n$-yNQ1[Le_Q}deYN\rEn;?ޥg\'v1>Kf=jZ|{-(݀,o;Ft:^}9/rx\Z2Q/=gv.]I_yg5,Ѷ\\4ծ._\'T5nKhee9eY֡,τp\'3xBՕWADRu	ccf\'t:ȹh)A]n~3)~>gYW.I^RYn,{&}ĨRPRY*3ZzMva_RY*˅a&_\"\"3@Y*KeYG9޺U,%y,\\e_	\"2TK*2r{Rdf(Ke,s||xG̰dN)7PRY(Ke,ED(Ke)\",Q	+o~=Bxn|S\"2gee)\"\"AY*KQRDDE(KQ	RDDee,EDDY&(KQ	RDDee,EDDY&(KQ	RDDee,EDDY&(KQ	RDDF9d> 	28R=\"\"2}?\n@@Y.%p\\NNN8Fo޼SګADDf\0OG\0 Ԡ,˒;\"˷o߾xfRDdn%,PÃ\';;8/ED&A>>\\im_r#\"2}	u,醿~zooo̗6fp#	,rYF<?~7l6rNx\'	iet+e$cK˗/?\"\"xN`\'K$`r&,_{\"\"2	JT\'OY}I{wk#\"\"8N\'ԯӔeZ:¿\"\"DH\'ך\\) et1@ODD6yʵr&_2>}(\"\"b|dY8m_DD&7S&TDD&pS<YIP\"\"\"	RDDd̮$hujjhphp\Z\"!ZZkhL\Z\Zjhi,Ї@xG}T0>A罎X\0  \0\0%\0\0b	\0X\0  \0\0%\0\0b	\0X\0  \0\0%\0\0b	\0X\0  \0\0%\0\0b	\0X\0  \0\0%\0\0b	\0X\0  \0\0%\0\0b	\0X\0>8i*K\0,\\ۮb>8hRô##߆̽=b	\0u[[@KWJOL4xm$RIu^\\[d%\02׶_L*뉷Q=;S/Uz\n\0(?o[֯MSb	b	\0N3sL}U8bcZNolP^f۲Ԡ\"\00\r¿\"\n1ZMx\"VT2oFG6+TH&;ON^vv2:,-Ub1\\65׭Y;Wٹ\\vn19fS\r.PtczRԓzs=.,tZDsCs]tobcߌU0KY`kCX`/6\"ZZXYXM0IH41%p!/s,w \\!|l!0{F>L#R}>ȯBYz,aimRخRdQ\rkfCFC>-gVo,K(\rr\"-4SMXxr\Z=[4ޕ25%U$i<t:뉀`Y2ÄQK*|m\n3yMFj3K]dVJP\"1rR{zsP+bE%0L8nI$}Z=Ӛ,ݮke)Ӻo6W5Yb1!QjSLCT!\'6,Ka6MK$,\nCS9{UZY\"J]\'ǣrhͦ6E;		sm[˒a&BpTx\\N&Kz|V _+m6K%pam6ti<Vei\n,[E䟽;Xi#\n(no3·pB7oHl\"J#fl%+?37Yx>\\4M靹ΛBnܜ􆥱qto=~۫Py^noƒʲӸXaAɨWn#̽IKI1&\Zs6~]\\m\"<a\\}yKq06ĬoX2/4َ&a,%ih\ZЉyYB74iۥ4y^Qd\ZXU1YTXlH8x|16MXJҜ1DsmxŘ/,#jM^֎,Ob\'\'6ܧbfrl,Y߻:>~[K[&a,%ibhT3g,J18[.>\'K-< vŒ2\"y˱El뉝>RΆeU􉘱Fl?|~\"g5brpF\0h!by8Tm8||nSdciX܅XioCmo)F&\Z_nn5e=̽aK8}MICbc-+|vM]smmIR0$c9XJ\0c)I*4UŸ?կXJd,%I2$$i$i$i$i$)cQ\0_A .u4rloV\"h#(؉ ؈X(>0d4?sX@@,  \0K\0%\0\0b	\0X@@,  \0K\0%\0\0b	\0X@@,  \0K\0%\0\0b	\0X@@,  \0K\0%\0\0b	\0X@@,  \0K\0%\0\0b	\0X@@,  nf~lzd^s~?At:pXd3S\0~_FE([ͦR&<==,x=CVܷ;Zvr9Tj_+vNSTJn=\rz2n\'yB#dNe\nX^y(*t:Mv<AeYF27*X@,v޽R׆q2Pd` %䔘3#R$SIIrv.ګk=ӛgɶ{&}ViiKe߇N>RL, f,;;;cbRұo,,,8ؤg%%%,>255E, N,\\uډ	f``]__0:UN?%JKKϩ\0bX|;k\ZpppzZq\\QQac.9U\0|L\Z˓Y%錹EԦ&GGGbiK\0\"c9>>n73*++\rghm:{%\0!e5X]loo;>*BInyf\r6/2i,Vmg@>\"ci͉%\0K2Jgjkk]{Zgooￏnc%\0d>6>G.//<KϸRt5:D,@eXi\'u?|;ӰsNgĢ?>>K\0 byzzjxy||bj1i\0b(OOOS<Z9\ZVVVV,E@,Xmd&E=RЩ10vA}gh>-\0bY⚇sQ+v$7 =XzNu\0bYXWW\ZW~kii꫏eT,AG{%\0|\"c?WvtKY__\'\0X&e6Wè3Av=댙QgKcppX@T,H\'zTJ}76 ]d\r2]\'ӱ|{{+//\'\0eS~SKHnYD^Uonn|@\0?Ը\0u+)?KX\'IhG\Z:5lԥE/2\"\0bX9,ZvuuCCC(>\0b)YK.ukk˟{%\0X}Z`ƅb!j]]wAHl,Â&\0[b\'(\ZK*lW}Ȉ3b=<<x\0ӯ%\0\0\0\0b	\0@4bٯca\0@D\ncLp7v~{	$G\0b	\0X@ \0%\0b	\0X@ \0%\0b	\0X@ \0%\0b	\0X@ \0%\0b	\0X@ \0%\0b	\0X@ \0%\0b	\0X@ \0%\0b	\0X@ \0%\0b	\0X@ \0%\0b	\0X@ \0%\0b	\0X@ \0%\0b	\0X@ \0%\0b	\0X@ \0%\0b	\0X@ \0%\0b	\0AcT뵔sߟ̾`羿2պ붯r3T붣r9G{nff{缴vaˡbSK7mffo^ZSǾݵ\r?imG$Y\rQj|Q_THus#}r:l&PJ|ƨO3;_N\'i|+Irr9X)Kk%INǴ\\o3X_FIN$m0Q[&$IWR,IbX$2X$2X$2X$2X$2X$2X$2Xzq3?/ , 1FĲb9ōL&b)r訪,&biTJ\0}zKXJ\0=HD, P,XR,C,Œb	 X%@K%b)K\0R,)\02XR,dKX bIA,Œb	 X7GW6.N_6G`0(\0^\"bȅX5Yuzp~e]s|U8x$ruaR,XnP:;,w~çqՑ;8\r_1;g֓V_]7Ed\r\\PGEmAuIhb}rpQza(7_03;3)!hlyݽ 4:Om=JRR\"\\I!tP\nM)DKe+_L\\f`4r,Vkw.m//K,EJr50I0)*d6S%\n,E\"R`Y:kp*`sutuu0LVmdlRFß+lvh$\\Pʩ~,aצXD\"SQ)#`o---ͺy%i*s6fd9=	e\"]<q\"^%|j|?V\r_X\"`0=މg]\\q\r,g无)Xsk-+yHTX>_,1|\'S	ƍe18ϡI䪖ywp9<:p8;:;1-%PTLӚmooWfH\"t\nu?u\'EX\n,,aMNvpD;㜜ֶ璡pGߕeuh$6Jgp?\\tJxbGY6CFv}}]^DLAW\"Pwnnn]K`)|ʂ?#\0\0dHY8F:b6iٍ&S\'Cхua*f,@B϶.|/$X>dޝgT0pd`v1KҒU-tW+JQUKR\n,H`)zv;8\"@Bl3XN,JThw8c[kFJИ eyoG/,EJ`)|_<ȝ6w0=},,A;(6FO%1rp$b@Iz\rrs#	_-!8js1j|&h|dOy>9<_!x[D_zuo	ܞڪM;,캑\0ˋ=1r/Q8%OOO3Q?c<܎`04u{݇crV~根=,xXzX@JJ\Z6ցɒ_V\"@$ʤ4%;L6?25aYAbwГ\'Od޽{X}F#kkkߗ2YUG-J##LeN!ۋXÈ)ӣpVVV%H3p?~)/cJBbrr8GM_jkk>|(Mhll춌+y.fYY=£GԀZ^,ZLM<\Z\r<\"Y2\r@\Z;(s@\n_AZd)1RRӚHlmk*VU#\Z8.p;Y(BAiQ]]]AFkFFFfffV;s!mmmE ͣ#\rbpPue\'G\Zroa2,#\"	2~\0]QQ[_xXzXFmtn\\o\n쀎0*NOZL	;\\4&{ߓ-.)c\noGé%b-D>}#B]]#\'h)XJzltf,F/^qnnN	VXT\Zwww<\0d2911Ak-zH,Id\\N1(M;=@P,S*D6i35? ubİ<Y300M__xDz\\eaay,\0BPGI4]YOI\\.̒gO:a3SZX.p;zX\"b)8	c32W$SMC\'jaXi#EHKţAS0\ZnuN\ry@F$nPJF\ZyRۀE̊uoz%xL$ꤞ\ZEV?-ayP7/nmm9i^ee777=,KȃHN>(j3ưO>roأ\'2)Ye%T\\NMO~.j`*X	q#innb;N1Eݿ`RIW,ht%֫Wuu`p	8Qrұl*>29`ъF2b0f\'\"3gG?us0Le6(<Y\nۋeA\rN]5\nx3@JHeP&)jeg;AƯK^)9_0@Ζ%DAR\ZpSK\'cQq>KG`,)0qNQ)jxѹ(P&`\'DDb+?~S޽sNF&/7IP|Q\ZsYganNCUEbaa}WV1hY0)={!L;D~ܖlֿijHRJHpɜ%XV0[i?$,3o왈HތN_W, EX(XvttD]i?<<dvJQ7F%E:^b(&YA2\'EXfʣ9t)}Rޟ<,o-d_Ii`grb5VzHlEU5Geu&WL}-$O?L	(b9c(b̑\nTxU9(XR9Xue%<pxU2,TJ˗Qpv`yMgnlò aYy\0\0\0\0IENDB`');
/*!40000 ALTER TABLE `ost_file_chunk` ENABLE KEYS */;
UNLOCK TABLES;
commit;

--
-- Table structure for table `ost_filter`
--

DROP TABLE IF EXISTS `ost_filter`;
/*!40101 SET @saved_cs_client     = @@character_set_client */;
/*!40101 SET character_set_client = utf8mb4 */;
CREATE TABLE `ost_filter` (
  `id` int(11) unsigned NOT NULL AUTO_INCREMENT,
  `execorder` int(10) unsigned NOT NULL DEFAULT 99,
  `isactive` tinyint(1) unsigned NOT NULL DEFAULT 1,
  `flags` int(10) unsigned DEFAULT 0,
  `status` int(11) unsigned NOT NULL DEFAULT 0,
  `match_all_rules` tinyint(1) unsigned NOT NULL DEFAULT 0,
  `stop_onmatch` tinyint(1) unsigned NOT NULL DEFAULT 0,
  `target` enum('Any','Web','Email','API') NOT NULL DEFAULT 'Any',
  `email_id` int(10) unsigned NOT NULL DEFAULT 0,
  `name` varchar(32) NOT NULL DEFAULT '',
  `notes` text DEFAULT NULL,
  `created` datetime NOT NULL,
  `updated` datetime NOT NULL,
  PRIMARY KEY (`id`),
  KEY `target` (`target`),
  KEY `email_id` (`email_id`)
) ENGINE=InnoDB AUTO_INCREMENT=2 DEFAULT CHARSET=utf8mb3 COLLATE=utf8mb3_uca1400_ai_ci;
/*!40101 SET character_set_client = @saved_cs_client */;

--
-- Dumping data for table `ost_filter`
--

LOCK TABLES `ost_filter` WRITE;
/*!40000 ALTER TABLE `ost_filter` DISABLE KEYS */;
set autocommit=0;
INSERT INTO `ost_filter` VALUES
(1,99,1,0,0,0,0,'Email',0,'SYSTEM BAN LIST','Internal list for email banning. Do not remove','2026-02-19 18:15:04','2026-02-19 18:15:04');
/*!40000 ALTER TABLE `ost_filter` ENABLE KEYS */;
UNLOCK TABLES;
commit;

--
-- Table structure for table `ost_filter_action`
--

DROP TABLE IF EXISTS `ost_filter_action`;
/*!40101 SET @saved_cs_client     = @@character_set_client */;
/*!40101 SET character_set_client = utf8mb4 */;
CREATE TABLE `ost_filter_action` (
  `id` int(11) unsigned NOT NULL AUTO_INCREMENT,
  `filter_id` int(10) unsigned NOT NULL,
  `sort` int(10) unsigned NOT NULL DEFAULT 0,
  `type` varchar(24) NOT NULL,
  `configuration` text DEFAULT NULL,
  `updated` datetime NOT NULL,
  PRIMARY KEY (`id`),
  KEY `filter_id` (`filter_id`)
) ENGINE=InnoDB AUTO_INCREMENT=2 DEFAULT CHARSET=utf8mb3 COLLATE=utf8mb3_uca1400_ai_ci;
/*!40101 SET character_set_client = @saved_cs_client */;

--
-- Dumping data for table `ost_filter_action`
--

LOCK TABLES `ost_filter_action` WRITE;
/*!40000 ALTER TABLE `ost_filter_action` DISABLE KEYS */;
set autocommit=0;
INSERT INTO `ost_filter_action` VALUES
(1,1,1,'reject','[]','2026-02-19 18:15:04');
/*!40000 ALTER TABLE `ost_filter_action` ENABLE KEYS */;
UNLOCK TABLES;
commit;

--
-- Table structure for table `ost_filter_rule`
--

DROP TABLE IF EXISTS `ost_filter_rule`;
/*!40101 SET @saved_cs_client     = @@character_set_client */;
/*!40101 SET character_set_client = utf8mb4 */;
CREATE TABLE `ost_filter_rule` (
  `id` int(11) unsigned NOT NULL AUTO_INCREMENT,
  `filter_id` int(10) unsigned NOT NULL DEFAULT 0,
  `what` varchar(32) NOT NULL,
  `how` enum('equal','not_equal','contains','dn_contain','starts','ends','match','not_match') NOT NULL,
  `val` varchar(255) NOT NULL,
  `isactive` tinyint(1) unsigned NOT NULL DEFAULT 1,
  `notes` tinytext NOT NULL,
  `created` datetime NOT NULL,
  `updated` datetime NOT NULL,
  PRIMARY KEY (`id`),
  UNIQUE KEY `filter` (`filter_id`,`what`,`how`,`val`),
  KEY `filter_id` (`filter_id`)
) ENGINE=InnoDB AUTO_INCREMENT=2 DEFAULT CHARSET=utf8mb3 COLLATE=utf8mb3_uca1400_ai_ci;
/*!40101 SET character_set_client = @saved_cs_client */;

--
-- Dumping data for table `ost_filter_rule`
--

LOCK TABLES `ost_filter_rule` WRITE;
/*!40000 ALTER TABLE `ost_filter_rule` DISABLE KEYS */;
set autocommit=0;
INSERT INTO `ost_filter_rule` VALUES
(1,1,'email','equal','test@example.com',1,'','0000-00-00 00:00:00','2026-02-19 18:15:04');
/*!40000 ALTER TABLE `ost_filter_rule` ENABLE KEYS */;
UNLOCK TABLES;
commit;

--
-- Table structure for table `ost_form`
--

DROP TABLE IF EXISTS `ost_form`;
/*!40101 SET @saved_cs_client     = @@character_set_client */;
/*!40101 SET character_set_client = utf8mb4 */;
CREATE TABLE `ost_form` (
  `id` int(11) unsigned NOT NULL AUTO_INCREMENT,
  `pid` int(10) unsigned DEFAULT NULL,
  `type` varchar(8) NOT NULL DEFAULT 'G',
  `flags` int(10) unsigned NOT NULL DEFAULT 1,
  `title` varchar(255) NOT NULL,
  `instructions` varchar(512) DEFAULT NULL,
  `name` varchar(64) NOT NULL DEFAULT '',
  `notes` text DEFAULT NULL,
  `created` datetime NOT NULL,
  `updated` datetime NOT NULL,
  PRIMARY KEY (`id`),
  KEY `type` (`type`)
) ENGINE=InnoDB AUTO_INCREMENT=7 DEFAULT CHARSET=utf8mb3 COLLATE=utf8mb3_uca1400_ai_ci;
/*!40101 SET character_set_client = @saved_cs_client */;

--
-- Dumping data for table `ost_form`
--

LOCK TABLES `ost_form` WRITE;
/*!40000 ALTER TABLE `ost_form` DISABLE KEYS */;
set autocommit=0;
INSERT INTO `ost_form` VALUES
(1,NULL,'U',1,'Contact Information',NULL,'',NULL,'2026-02-19 18:15:03','2026-02-19 18:15:03'),
(2,NULL,'T',1,'Ticket Details','Please Describe Your Issue','','This form will be attached to every ticket, regardless of its source.\nYou can add any fields to this form and they will be available to all\ntickets, and will be searchable with advanced search and filterable.','2026-02-19 18:15:03','2026-02-19 18:15:03'),
(3,NULL,'C',1,'Company Information','Details available in email templates','',NULL,'2026-02-19 18:15:03','2026-02-19 18:15:03'),
(4,NULL,'O',1,'Organization Information','Details on user organization','',NULL,'2026-02-19 18:15:03','2026-02-19 18:15:03'),
(5,NULL,'A',1,'Task Details','Please Describe The Issue','','This form is used to create a task.','2026-02-19 18:15:03','2026-02-19 18:15:03'),
(6,NULL,'L1',0,'Ticket Status Properties','Properties that can be set on a ticket status.','',NULL,'2026-02-19 18:15:03','2026-02-19 18:15:03');
/*!40000 ALTER TABLE `ost_form` ENABLE KEYS */;
UNLOCK TABLES;
commit;

--
-- Table structure for table `ost_form_entry`
--

DROP TABLE IF EXISTS `ost_form_entry`;
/*!40101 SET @saved_cs_client     = @@character_set_client */;
/*!40101 SET character_set_client = utf8mb4 */;
CREATE TABLE `ost_form_entry` (
  `id` int(11) unsigned NOT NULL AUTO_INCREMENT,
  `form_id` int(11) unsigned NOT NULL,
  `object_id` int(11) unsigned DEFAULT NULL,
  `object_type` char(1) NOT NULL DEFAULT 'T',
  `sort` int(11) unsigned NOT NULL DEFAULT 1,
  `extra` text DEFAULT NULL,
  `created` datetime NOT NULL,
  `updated` datetime NOT NULL,
  PRIMARY KEY (`id`),
  KEY `entry_lookup` (`object_type`,`object_id`)
) ENGINE=InnoDB AUTO_INCREMENT=11 DEFAULT CHARSET=utf8mb3 COLLATE=utf8mb3_uca1400_ai_ci;
/*!40101 SET character_set_client = @saved_cs_client */;

--
-- Dumping data for table `ost_form_entry`
--

LOCK TABLES `ost_form_entry` WRITE;
/*!40000 ALTER TABLE `ost_form_entry` DISABLE KEYS */;
set autocommit=0;
INSERT INTO `ost_form_entry` VALUES
(1,4,1,'O',1,NULL,'2026-02-19 18:15:04','2026-02-19 18:15:04'),
(2,3,NULL,'C',1,NULL,'2026-02-19 18:15:04','2026-02-19 18:15:04'),
(3,1,1,'U',1,NULL,'2026-02-19 18:15:04','2026-02-19 18:15:04'),
(4,2,1,'T',0,'{\"disable\":[]}','2026-02-19 18:15:04','2026-02-19 18:15:04'),
(5,1,2,'U',1,NULL,'2026-02-19 23:31:44','2026-02-19 23:31:44'),
(6,2,2,'T',0,'{\"disable\":[]}','2026-02-19 23:32:15','2026-02-19 23:32:15'),
(7,2,3,'T',0,'{\"disable\":[]}','2026-02-19 23:41:05','2026-02-19 23:41:05'),
(8,1,3,'U',1,NULL,'2026-02-23 16:21:15','2026-02-23 16:21:15'),
(9,2,4,'T',0,'{\"disable\":[]}','2026-02-23 16:23:43','2026-02-23 16:23:43'),
(10,2,5,'T',0,'{\"disable\":[]}','2026-02-23 18:30:16','2026-02-23 18:30:16');
/*!40000 ALTER TABLE `ost_form_entry` ENABLE KEYS */;
UNLOCK TABLES;
commit;

--
-- Table structure for table `ost_form_entry_values`
--

DROP TABLE IF EXISTS `ost_form_entry_values`;
/*!40101 SET @saved_cs_client     = @@character_set_client */;
/*!40101 SET character_set_client = utf8mb4 */;
CREATE TABLE `ost_form_entry_values` (
  `entry_id` int(11) unsigned NOT NULL,
  `field_id` int(11) unsigned NOT NULL,
  `value` text DEFAULT NULL,
  `value_id` int(11) DEFAULT NULL,
  PRIMARY KEY (`entry_id`,`field_id`)
) ENGINE=InnoDB DEFAULT CHARSET=utf8mb3 COLLATE=utf8mb3_uca1400_ai_ci;
/*!40101 SET character_set_client = @saved_cs_client */;

--
-- Dumping data for table `ost_form_entry_values`
--

LOCK TABLES `ost_form_entry_values` WRITE;
/*!40000 ALTER TABLE `ost_form_entry_values` DISABLE KEYS */;
set autocommit=0;
INSERT INTO `ost_form_entry_values` VALUES
(2,23,'KI Helpdesk',NULL),
(2,24,NULL,NULL),
(2,25,NULL,NULL),
(2,26,NULL,NULL),
(4,20,'osTicket Installed!',NULL),
(4,22,NULL,NULL),
(5,3,NULL,NULL),
(5,4,NULL,NULL),
(6,20,'Login issue',NULL),
(6,22,'Low',1),
(7,20,'ES GEHT NICHT',NULL),
(7,22,NULL,2),
(8,3,NULL,NULL),
(8,4,NULL,NULL),
(9,20,'SSO ERROR',NULL),
(9,22,'Emergency',4),
(10,20,'Screenshot error',NULL),
(10,22,NULL,2);
/*!40000 ALTER TABLE `ost_form_entry_values` ENABLE KEYS */;
UNLOCK TABLES;
commit;

--
-- Table structure for table `ost_form_field`
--

DROP TABLE IF EXISTS `ost_form_field`;
/*!40101 SET @saved_cs_client     = @@character_set_client */;
/*!40101 SET character_set_client = utf8mb4 */;
CREATE TABLE `ost_form_field` (
  `id` int(11) unsigned NOT NULL AUTO_INCREMENT,
  `form_id` int(11) unsigned NOT NULL,
  `flags` int(10) unsigned DEFAULT 1,
  `type` varchar(255) NOT NULL DEFAULT 'text',
  `label` varchar(255) NOT NULL,
  `name` varchar(64) NOT NULL,
  `configuration` text DEFAULT NULL,
  `sort` int(11) unsigned NOT NULL,
  `hint` varchar(512) DEFAULT NULL,
  `created` datetime NOT NULL,
  `updated` datetime NOT NULL,
  PRIMARY KEY (`id`),
  KEY `form_id` (`form_id`),
  KEY `sort` (`sort`)
) ENGINE=InnoDB AUTO_INCREMENT=36 DEFAULT CHARSET=utf8mb3 COLLATE=utf8mb3_uca1400_ai_ci;
/*!40101 SET character_set_client = @saved_cs_client */;

--
-- Dumping data for table `ost_form_field`
--

LOCK TABLES `ost_form_field` WRITE;
/*!40000 ALTER TABLE `ost_form_field` DISABLE KEYS */;
set autocommit=0;
INSERT INTO `ost_form_field` VALUES
(1,1,489395,'text','Email Address','email','{\"size\":40,\"length\":64,\"validator\":\"email\"}',1,NULL,'2026-02-19 18:15:03','2026-02-19 18:15:03'),
(2,1,489395,'text','Full Name','name','{\"size\":40,\"length\":64}',2,NULL,'2026-02-19 18:15:03','2026-02-19 18:15:03'),
(3,1,13057,'phone','Phone Number','phone',NULL,3,NULL,'2026-02-19 18:15:03','2026-02-19 18:15:03'),
(4,1,12289,'memo','Internal Notes','notes','{\"rows\":4,\"cols\":40}',4,NULL,'2026-02-19 18:15:03','2026-02-19 18:15:03'),
(20,2,489265,'text','Issue Summary','subject','{\"size\":40,\"length\":50}',1,NULL,'2026-02-19 18:15:03','2026-02-19 18:15:03'),
(21,2,480547,'thread','Issue Details','message',NULL,2,'Details on the reason(s) for opening the ticket.','2026-02-19 18:15:03','2026-02-19 18:15:03'),
(22,2,274609,'priority','Priority Level','priority',NULL,3,NULL,'2026-02-19 18:15:03','2026-02-19 18:15:03'),
(23,3,291249,'text','Company Name','name','{\"size\":40,\"length\":64}',1,NULL,'2026-02-19 18:15:03','2026-02-19 18:15:03'),
(24,3,274705,'text','Website','website','{\"size\":40,\"length\":64}',2,NULL,'2026-02-19 18:15:03','2026-02-19 18:15:03'),
(25,3,274705,'phone','Phone Number','phone','{\"ext\":false}',3,NULL,'2026-02-19 18:15:03','2026-02-19 18:15:03'),
(26,3,12545,'memo','Address','address','{\"rows\":2,\"cols\":40,\"html\":false,\"length\":100}',4,NULL,'2026-02-19 18:15:03','2026-02-19 18:15:03'),
(27,4,489395,'text','Name','name','{\"size\":40,\"length\":64}',1,NULL,'2026-02-19 18:15:03','2026-02-19 18:15:03'),
(28,4,13057,'memo','Address','address','{\"rows\":2,\"cols\":40,\"length\":100,\"html\":false}',2,NULL,'2026-02-19 18:15:03','2026-02-19 18:15:03'),
(29,4,13057,'phone','Phone','phone',NULL,3,NULL,'2026-02-19 18:15:03','2026-02-19 18:15:03'),
(30,4,13057,'text','Website','website','{\"size\":40,\"length\":0}',4,NULL,'2026-02-19 18:15:03','2026-02-19 18:15:03'),
(31,4,12289,'memo','Internal Notes','notes','{\"rows\":4,\"cols\":40}',5,NULL,'2026-02-19 18:15:03','2026-02-19 18:15:03'),
(32,5,487601,'text','Title','title','{\"size\":40,\"length\":50}',1,NULL,'2026-02-19 18:15:03','2026-02-19 18:15:03'),
(33,5,413939,'thread','Description','description',NULL,2,'Details on the reason(s) for creating the task.','2026-02-19 18:15:03','2026-02-19 18:15:03'),
(34,6,487665,'state','State','state','{\"prompt\":\"State of a ticket\"}',1,NULL,'2026-02-19 18:15:03','2026-02-19 18:15:03'),
(35,6,471073,'memo','Description','description','{\"rows\":\"2\",\"cols\":\"40\",\"html\":\"\",\"length\":\"100\"}',3,NULL,'2026-02-19 18:15:03','2026-02-19 18:15:03');
/*!40000 ALTER TABLE `ost_form_field` ENABLE KEYS */;
UNLOCK TABLES;
commit;

--
-- Table structure for table `ost_group`
--

DROP TABLE IF EXISTS `ost_group`;
/*!40101 SET @saved_cs_client     = @@character_set_client */;
/*!40101 SET character_set_client = utf8mb4 */;
CREATE TABLE `ost_group` (
  `id` int(10) unsigned NOT NULL AUTO_INCREMENT,
  `role_id` int(11) unsigned NOT NULL,
  `flags` int(11) unsigned NOT NULL DEFAULT 1,
  `name` varchar(120) NOT NULL DEFAULT '',
  `notes` text DEFAULT NULL,
  `created` datetime NOT NULL,
  `updated` datetime NOT NULL,
  PRIMARY KEY (`id`),
  KEY `role_id` (`role_id`)
) ENGINE=InnoDB DEFAULT CHARSET=utf8mb3 COLLATE=utf8mb3_uca1400_ai_ci;
/*!40101 SET character_set_client = @saved_cs_client */;

--
-- Dumping data for table `ost_group`
--

LOCK TABLES `ost_group` WRITE;
/*!40000 ALTER TABLE `ost_group` DISABLE KEYS */;
set autocommit=0;
/*!40000 ALTER TABLE `ost_group` ENABLE KEYS */;
UNLOCK TABLES;
commit;

--
-- Table structure for table `ost_help_topic`
--

DROP TABLE IF EXISTS `ost_help_topic`;
/*!40101 SET @saved_cs_client     = @@character_set_client */;
/*!40101 SET character_set_client = utf8mb4 */;
CREATE TABLE `ost_help_topic` (
  `topic_id` int(11) unsigned NOT NULL AUTO_INCREMENT,
  `topic_pid` int(10) unsigned NOT NULL DEFAULT 0,
  `ispublic` tinyint(1) unsigned NOT NULL DEFAULT 1,
  `noautoresp` tinyint(3) unsigned NOT NULL DEFAULT 0,
  `flags` int(10) unsigned DEFAULT 0,
  `status_id` int(10) unsigned NOT NULL DEFAULT 0,
  `priority_id` int(10) unsigned NOT NULL DEFAULT 0,
  `dept_id` int(10) unsigned NOT NULL DEFAULT 0,
  `staff_id` int(10) unsigned NOT NULL DEFAULT 0,
  `team_id` int(10) unsigned NOT NULL DEFAULT 0,
  `sla_id` int(10) unsigned NOT NULL DEFAULT 0,
  `page_id` int(10) unsigned NOT NULL DEFAULT 0,
  `sequence_id` int(10) unsigned NOT NULL DEFAULT 0,
  `sort` int(10) unsigned NOT NULL DEFAULT 0,
  `topic` varchar(128) NOT NULL DEFAULT '',
  `number_format` varchar(32) DEFAULT NULL,
  `notes` text DEFAULT NULL,
  `created` datetime NOT NULL,
  `updated` datetime NOT NULL,
  PRIMARY KEY (`topic_id`),
  UNIQUE KEY `topic` (`topic`,`topic_pid`),
  KEY `topic_pid` (`topic_pid`),
  KEY `priority_id` (`priority_id`),
  KEY `dept_id` (`dept_id`),
  KEY `staff_id` (`staff_id`,`team_id`),
  KEY `sla_id` (`sla_id`),
  KEY `page_id` (`page_id`)
) ENGINE=InnoDB AUTO_INCREMENT=12 DEFAULT CHARSET=utf8mb3 COLLATE=utf8mb3_uca1400_ai_ci;
/*!40101 SET character_set_client = @saved_cs_client */;

--
-- Dumping data for table `ost_help_topic`
--

LOCK TABLES `ost_help_topic` WRITE;
/*!40000 ALTER TABLE `ost_help_topic` DISABLE KEYS */;
set autocommit=0;
INSERT INTO `ost_help_topic` VALUES
(1,0,1,0,2,0,2,0,0,0,0,0,0,1,'General Inquiry',NULL,'Questions about products or services','2026-02-19 18:15:03','2026-02-19 18:15:03'),
(2,0,1,0,2,0,1,0,0,0,0,0,0,0,'Feedback',NULL,'Tickets that primarily concern the sales and billing departments','2026-02-19 18:15:03','2026-02-19 18:15:03'),
(10,0,1,0,2,0,2,3,0,0,0,0,0,0,'Report a Problem',NULL,'Product, service, or equipment related issues','2026-02-19 18:15:04','2026-02-19 18:15:04'),
(11,10,1,0,2,0,3,0,0,0,1,0,0,1,'Access Issue',NULL,'Report an inability access a physical or virtual asset','2026-02-19 18:15:04','2026-02-19 18:15:04');
/*!40000 ALTER TABLE `ost_help_topic` ENABLE KEYS */;
UNLOCK TABLES;
commit;

--
-- Table structure for table `ost_help_topic_form`
--

DROP TABLE IF EXISTS `ost_help_topic_form`;
/*!40101 SET @saved_cs_client     = @@character_set_client */;
/*!40101 SET character_set_client = utf8mb4 */;
CREATE TABLE `ost_help_topic_form` (
  `id` int(11) unsigned NOT NULL AUTO_INCREMENT,
  `topic_id` int(11) unsigned NOT NULL DEFAULT 0,
  `form_id` int(10) unsigned NOT NULL DEFAULT 0,
  `sort` int(10) unsigned NOT NULL DEFAULT 1,
  `extra` text DEFAULT NULL,
  PRIMARY KEY (`id`),
  KEY `topic-form` (`topic_id`,`form_id`)
) ENGINE=InnoDB AUTO_INCREMENT=5 DEFAULT CHARSET=utf8mb3 COLLATE=utf8mb3_uca1400_ai_ci;
/*!40101 SET character_set_client = @saved_cs_client */;

--
-- Dumping data for table `ost_help_topic_form`
--

LOCK TABLES `ost_help_topic_form` WRITE;
/*!40000 ALTER TABLE `ost_help_topic_form` DISABLE KEYS */;
set autocommit=0;
INSERT INTO `ost_help_topic_form` VALUES
(1,1,2,1,'{\"disable\":[]}'),
(2,2,2,1,'{\"disable\":[]}'),
(3,10,2,1,'{\"disable\":[]}'),
(4,11,2,1,'{\"disable\":[]}');
/*!40000 ALTER TABLE `ost_help_topic_form` ENABLE KEYS */;
UNLOCK TABLES;
commit;

--
-- Table structure for table `ost_list`
--

DROP TABLE IF EXISTS `ost_list`;
/*!40101 SET @saved_cs_client     = @@character_set_client */;
/*!40101 SET character_set_client = utf8mb4 */;
CREATE TABLE `ost_list` (
  `id` int(11) unsigned NOT NULL AUTO_INCREMENT,
  `name` varchar(255) NOT NULL,
  `name_plural` varchar(255) DEFAULT NULL,
  `sort_mode` enum('Alpha','-Alpha','SortCol') NOT NULL DEFAULT 'Alpha',
  `masks` int(11) unsigned NOT NULL DEFAULT 0,
  `type` varchar(16) DEFAULT NULL,
  `configuration` text NOT NULL DEFAULT '',
  `notes` text DEFAULT NULL,
  `created` datetime NOT NULL,
  `updated` datetime NOT NULL,
  PRIMARY KEY (`id`),
  KEY `type` (`type`)
) ENGINE=InnoDB AUTO_INCREMENT=2 DEFAULT CHARSET=utf8mb3 COLLATE=utf8mb3_uca1400_ai_ci;
/*!40101 SET character_set_client = @saved_cs_client */;

--
-- Dumping data for table `ost_list`
--

LOCK TABLES `ost_list` WRITE;
/*!40000 ALTER TABLE `ost_list` DISABLE KEYS */;
set autocommit=0;
INSERT INTO `ost_list` VALUES
(1,'Ticket Status','Ticket Statuses','SortCol',13,'ticket-status','{\"handler\":\"TicketStatusList\"}','Ticket statuses','2026-02-19 18:15:03','2026-02-19 18:15:03');
/*!40000 ALTER TABLE `ost_list` ENABLE KEYS */;
UNLOCK TABLES;
commit;

--
-- Table structure for table `ost_list_items`
--

DROP TABLE IF EXISTS `ost_list_items`;
/*!40101 SET @saved_cs_client     = @@character_set_client */;
/*!40101 SET character_set_client = utf8mb4 */;
CREATE TABLE `ost_list_items` (
  `id` int(11) unsigned NOT NULL AUTO_INCREMENT,
  `list_id` int(11) DEFAULT NULL,
  `status` int(11) unsigned NOT NULL DEFAULT 1,
  `value` varchar(255) NOT NULL,
  `extra` varchar(255) DEFAULT NULL,
  `sort` int(11) NOT NULL DEFAULT 1,
  `properties` text DEFAULT NULL,
  PRIMARY KEY (`id`),
  KEY `list_item_lookup` (`list_id`)
) ENGINE=InnoDB DEFAULT CHARSET=utf8mb3 COLLATE=utf8mb3_uca1400_ai_ci;
/*!40101 SET character_set_client = @saved_cs_client */;

--
-- Dumping data for table `ost_list_items`
--

LOCK TABLES `ost_list_items` WRITE;
/*!40000 ALTER TABLE `ost_list_items` DISABLE KEYS */;
set autocommit=0;
/*!40000 ALTER TABLE `ost_list_items` ENABLE KEYS */;
UNLOCK TABLES;
commit;

--
-- Table structure for table `ost_lock`
--

DROP TABLE IF EXISTS `ost_lock`;
/*!40101 SET @saved_cs_client     = @@character_set_client */;
/*!40101 SET character_set_client = utf8mb4 */;
CREATE TABLE `ost_lock` (
  `lock_id` int(11) unsigned NOT NULL AUTO_INCREMENT,
  `staff_id` int(10) unsigned NOT NULL DEFAULT 0,
  `expire` datetime DEFAULT NULL,
  `code` varchar(20) DEFAULT NULL,
  `created` datetime NOT NULL,
  PRIMARY KEY (`lock_id`),
  KEY `staff_id` (`staff_id`)
) ENGINE=InnoDB AUTO_INCREMENT=2 DEFAULT CHARSET=utf8mb3 COLLATE=utf8mb3_uca1400_ai_ci;
/*!40101 SET character_set_client = @saved_cs_client */;

--
-- Dumping data for table `ost_lock`
--

LOCK TABLES `ost_lock` WRITE;
/*!40000 ALTER TABLE `ost_lock` DISABLE KEYS */;
set autocommit=0;
/*!40000 ALTER TABLE `ost_lock` ENABLE KEYS */;
UNLOCK TABLES;
commit;

--
-- Table structure for table `ost_note`
--

DROP TABLE IF EXISTS `ost_note`;
/*!40101 SET @saved_cs_client     = @@character_set_client */;
/*!40101 SET character_set_client = utf8mb4 */;
CREATE TABLE `ost_note` (
  `id` int(11) unsigned NOT NULL AUTO_INCREMENT,
  `pid` int(11) unsigned DEFAULT NULL,
  `staff_id` int(11) unsigned NOT NULL DEFAULT 0,
  `ext_id` varchar(10) DEFAULT NULL,
  `body` text DEFAULT NULL,
  `status` int(11) unsigned NOT NULL DEFAULT 0,
  `sort` int(11) unsigned NOT NULL DEFAULT 0,
  `created` timestamp NOT NULL DEFAULT '0000-00-00 00:00:00',
  `updated` timestamp NOT NULL DEFAULT '0000-00-00 00:00:00' ON UPDATE current_timestamp(),
  PRIMARY KEY (`id`),
  KEY `ext_id` (`ext_id`)
) ENGINE=InnoDB DEFAULT CHARSET=utf8mb3 COLLATE=utf8mb3_uca1400_ai_ci;
/*!40101 SET character_set_client = @saved_cs_client */;

--
-- Dumping data for table `ost_note`
--

LOCK TABLES `ost_note` WRITE;
/*!40000 ALTER TABLE `ost_note` DISABLE KEYS */;
set autocommit=0;
/*!40000 ALTER TABLE `ost_note` ENABLE KEYS */;
UNLOCK TABLES;
commit;

--
-- Table structure for table `ost_organization`
--

DROP TABLE IF EXISTS `ost_organization`;
/*!40101 SET @saved_cs_client     = @@character_set_client */;
/*!40101 SET character_set_client = utf8mb4 */;
CREATE TABLE `ost_organization` (
  `id` int(11) unsigned NOT NULL AUTO_INCREMENT,
  `name` varchar(128) NOT NULL DEFAULT '',
  `manager` varchar(16) NOT NULL DEFAULT '',
  `status` int(11) unsigned NOT NULL DEFAULT 0,
  `domain` varchar(256) NOT NULL DEFAULT '',
  `extra` text DEFAULT NULL,
  `created` timestamp NULL DEFAULT NULL,
  `updated` timestamp NULL DEFAULT NULL ON UPDATE current_timestamp(),
  PRIMARY KEY (`id`)
) ENGINE=InnoDB AUTO_INCREMENT=2 DEFAULT CHARSET=utf8mb3 COLLATE=utf8mb3_uca1400_ai_ci;
/*!40101 SET character_set_client = @saved_cs_client */;

--
-- Dumping data for table `ost_organization`
--

LOCK TABLES `ost_organization` WRITE;
/*!40000 ALTER TABLE `ost_organization` DISABLE KEYS */;
set autocommit=0;
INSERT INTO `ost_organization` VALUES
(1,'osTicket','',8,'',NULL,'2026-02-19 17:15:04',NULL);
/*!40000 ALTER TABLE `ost_organization` ENABLE KEYS */;
UNLOCK TABLES;
commit;

--
-- Table structure for table `ost_organization__cdata`
--

DROP TABLE IF EXISTS `ost_organization__cdata`;
/*!40101 SET @saved_cs_client     = @@character_set_client */;
/*!40101 SET character_set_client = utf8mb4 */;
CREATE TABLE `ost_organization__cdata` (
  `org_id` int(11) unsigned NOT NULL,
  `name` mediumtext DEFAULT NULL,
  `address` mediumtext DEFAULT NULL,
  `phone` mediumtext DEFAULT NULL,
  `website` mediumtext DEFAULT NULL,
  `notes` mediumtext DEFAULT NULL,
  PRIMARY KEY (`org_id`)
) ENGINE=InnoDB DEFAULT CHARSET=utf8mb3 COLLATE=utf8mb3_uca1400_ai_ci;
/*!40101 SET character_set_client = @saved_cs_client */;

--
-- Dumping data for table `ost_organization__cdata`
--

LOCK TABLES `ost_organization__cdata` WRITE;
/*!40000 ALTER TABLE `ost_organization__cdata` DISABLE KEYS */;
set autocommit=0;
/*!40000 ALTER TABLE `ost_organization__cdata` ENABLE KEYS */;
UNLOCK TABLES;
commit;

--
-- Table structure for table `ost_plugin`
--

DROP TABLE IF EXISTS `ost_plugin`;
/*!40101 SET @saved_cs_client     = @@character_set_client */;
/*!40101 SET character_set_client = utf8mb4 */;
CREATE TABLE `ost_plugin` (
  `id` int(11) unsigned NOT NULL AUTO_INCREMENT,
  `name` varchar(255) NOT NULL,
  `install_path` varchar(60) NOT NULL,
  `isphar` tinyint(1) NOT NULL DEFAULT 0,
  `isactive` tinyint(1) NOT NULL DEFAULT 0,
  `version` varchar(64) DEFAULT NULL,
  `notes` text DEFAULT NULL,
  `installed` datetime NOT NULL,
  PRIMARY KEY (`id`),
  UNIQUE KEY `install_path` (`install_path`)
) ENGINE=InnoDB AUTO_INCREMENT=2 DEFAULT CHARSET=utf8mb3 COLLATE=utf8mb3_uca1400_ai_ci;
/*!40101 SET character_set_client = @saved_cs_client */;

--
-- Dumping data for table `ost_plugin`
--

LOCK TABLES `ost_plugin` WRITE;
/*!40000 ALTER TABLE `ost_plugin` DISABLE KEYS */;
set autocommit=0;
INSERT INTO `ost_plugin` VALUES
(1,'AI Reply Assistant','plugins/ai-reply-assistant',0,1,'1.0.4','<p>Generates AI-powered draft replies as internal notes using OpenAI. Supports PII redaction, department/priority filtering, rate limiting, knowledge base integration, and manual AI draft generation. Developed by BS Computer (bscomputer.com) & BSC IT Solutions (bscsolutions.rs).</p>','2026-02-19 23:26:39');
/*!40000 ALTER TABLE `ost_plugin` ENABLE KEYS */;
UNLOCK TABLES;
commit;

--
-- Table structure for table `ost_plugin_instance`
--

DROP TABLE IF EXISTS `ost_plugin_instance`;
/*!40101 SET @saved_cs_client     = @@character_set_client */;
/*!40101 SET character_set_client = utf8mb4 */;
CREATE TABLE `ost_plugin_instance` (
  `id` int(11) unsigned NOT NULL AUTO_INCREMENT,
  `plugin_id` int(11) unsigned NOT NULL,
  `flags` int(10) NOT NULL DEFAULT 0,
  `name` varchar(255) NOT NULL DEFAULT '',
  `notes` text DEFAULT NULL,
  `created` datetime NOT NULL,
  `updated` datetime DEFAULT NULL,
  PRIMARY KEY (`id`),
  KEY `plugin_id` (`plugin_id`)
) ENGINE=InnoDB AUTO_INCREMENT=2 DEFAULT CHARSET=utf8mb3 COLLATE=utf8mb3_uca1400_ai_ci;
/*!40101 SET character_set_client = @saved_cs_client */;

--
-- Dumping data for table `ost_plugin_instance`
--

LOCK TABLES `ost_plugin_instance` WRITE;
/*!40000 ALTER TABLE `ost_plugin_instance` DISABLE KEYS */;
set autocommit=0;
INSERT INTO `ost_plugin_instance` VALUES
(1,1,1,'Ollama',NULL,'2026-02-19 23:38:31','2026-02-23 16:20:32');
/*!40000 ALTER TABLE `ost_plugin_instance` ENABLE KEYS */;
UNLOCK TABLES;
commit;

--
-- Table structure for table `ost_queue`
--

DROP TABLE IF EXISTS `ost_queue`;
/*!40101 SET @saved_cs_client     = @@character_set_client */;
/*!40101 SET character_set_client = utf8mb4 */;
CREATE TABLE `ost_queue` (
  `id` int(11) unsigned NOT NULL AUTO_INCREMENT,
  `parent_id` int(11) unsigned NOT NULL DEFAULT 0,
  `columns_id` int(11) unsigned DEFAULT NULL,
  `sort_id` int(11) unsigned DEFAULT NULL,
  `flags` int(11) unsigned NOT NULL DEFAULT 0,
  `staff_id` int(11) unsigned NOT NULL DEFAULT 0,
  `sort` int(11) unsigned NOT NULL DEFAULT 0,
  `title` varchar(60) DEFAULT NULL,
  `config` text DEFAULT NULL,
  `filter` varchar(64) DEFAULT NULL,
  `root` varchar(32) DEFAULT NULL,
  `path` varchar(80) NOT NULL DEFAULT '/',
  `created` datetime NOT NULL,
  `updated` datetime NOT NULL,
  PRIMARY KEY (`id`),
  KEY `staff_id` (`staff_id`),
  KEY `parent_id` (`parent_id`)
) ENGINE=InnoDB AUTO_INCREMENT=15 DEFAULT CHARSET=utf8mb3 COLLATE=utf8mb3_uca1400_ai_ci;
/*!40101 SET character_set_client = @saved_cs_client */;

--
-- Dumping data for table `ost_queue`
--

LOCK TABLES `ost_queue` WRITE;
/*!40000 ALTER TABLE `ost_queue` DISABLE KEYS */;
set autocommit=0;
INSERT INTO `ost_queue` VALUES
(1,0,NULL,1,3,0,1,'Open','[[\"status__state\",\"includes\",{\"open\":\"Open\"}]]',NULL,'T','/','2026-02-19 18:15:04','0000-00-00 00:00:00'),
(2,1,NULL,4,43,0,1,'Open','{\"criteria\":[[\"isanswered\",\"nset\",null]],\"conditions\":[]}',NULL,'T','/','2026-02-19 18:15:04','0000-00-00 00:00:00'),
(3,1,NULL,4,43,0,2,'Answered','{\"criteria\":[[\"isanswered\",\"set\",null]],\"conditions\":[]}',NULL,'T','/','2026-02-19 18:15:04','0000-00-00 00:00:00'),
(4,1,NULL,4,43,0,3,'Overdue','{\"criteria\":[[\"isoverdue\",\"set\",null]],\"conditions\":[]}',NULL,'T','/','2026-02-19 18:15:04','0000-00-00 00:00:00'),
(5,0,NULL,3,3,0,3,'My Tickets','{\"criteria\":[[\"assignee\",\"includes\",{\"M\":\"Me\",\"T\":\"One of my teams\"}],[\"status__state\",\"includes\",{\"open\":\"Open\"}]],\"conditions\":[]}',NULL,'T','/','2026-02-19 18:15:04','0000-00-00 00:00:00'),
(6,5,NULL,NULL,43,0,1,'Assigned to Me','{\"criteria\":[[\"assignee\",\"includes\",{\"M\":\"Me\"}]],\"conditions\":[]}',NULL,'T','/','2026-02-19 18:15:04','0000-00-00 00:00:00'),
(7,5,NULL,NULL,43,0,2,'Assigned to Teams','{\"criteria\":[[\"assignee\",\"!includes\",{\"M\":\"Me\"}]],\"conditions\":[]}',NULL,'T','/','2026-02-19 18:15:04','0000-00-00 00:00:00'),
(8,0,NULL,5,3,0,4,'Closed','{\"criteria\":[[\"status__state\",\"includes\",{\"closed\":\"Closed\"}]],\"conditions\":[]}',NULL,'T','/','2026-02-19 18:15:04','0000-00-00 00:00:00'),
(9,8,NULL,5,43,0,1,'Today','{\"criteria\":[[\"closed\",\"period\",\"td\"]],\"conditions\":[]}',NULL,'T','/','2026-02-19 18:15:04','0000-00-00 00:00:00'),
(10,8,NULL,5,43,0,2,'Yesterday','{\"criteria\":[[\"closed\",\"period\",\"yd\"]],\"conditions\":[]}',NULL,'T','/','2026-02-19 18:15:04','0000-00-00 00:00:00'),
(11,8,NULL,5,43,0,3,'This Week','{\"criteria\":[[\"closed\",\"period\",\"tw\"]],\"conditions\":[]}',NULL,'T','/','2026-02-19 18:15:04','0000-00-00 00:00:00'),
(12,8,NULL,5,43,0,4,'This Month','{\"criteria\":[[\"closed\",\"period\",\"tm\"]],\"conditions\":[]}',NULL,'T','/','2026-02-19 18:15:04','0000-00-00 00:00:00'),
(13,8,NULL,6,43,0,5,'This Quarter','{\"criteria\":[[\"closed\",\"period\",\"tq\"]],\"conditions\":[]}',NULL,'T','/','2026-02-19 18:15:04','0000-00-00 00:00:00'),
(14,8,NULL,7,43,0,6,'This Year','{\"criteria\":[[\"closed\",\"period\",\"ty\"]],\"conditions\":[]}',NULL,'T','/','2026-02-19 18:15:04','0000-00-00 00:00:00');
/*!40000 ALTER TABLE `ost_queue` ENABLE KEYS */;
UNLOCK TABLES;
commit;

--
-- Table structure for table `ost_queue_column`
--

DROP TABLE IF EXISTS `ost_queue_column`;
/*!40101 SET @saved_cs_client     = @@character_set_client */;
/*!40101 SET character_set_client = utf8mb4 */;
CREATE TABLE `ost_queue_column` (
  `id` int(11) unsigned NOT NULL AUTO_INCREMENT,
  `flags` int(10) unsigned NOT NULL DEFAULT 0,
  `name` varchar(64) NOT NULL DEFAULT '',
  `primary` varchar(64) NOT NULL DEFAULT '',
  `secondary` varchar(64) DEFAULT NULL,
  `filter` varchar(32) DEFAULT NULL,
  `truncate` varchar(16) DEFAULT NULL,
  `annotations` text DEFAULT NULL,
  `conditions` text DEFAULT NULL,
  `extra` text DEFAULT NULL,
  PRIMARY KEY (`id`)
) ENGINE=InnoDB AUTO_INCREMENT=15 DEFAULT CHARSET=utf8mb3 COLLATE=utf8mb3_uca1400_ai_ci;
/*!40101 SET character_set_client = @saved_cs_client */;

--
-- Dumping data for table `ost_queue_column`
--

LOCK TABLES `ost_queue_column` WRITE;
/*!40000 ALTER TABLE `ost_queue_column` DISABLE KEYS */;
set autocommit=0;
INSERT INTO `ost_queue_column` VALUES
(1,0,'Ticket #','number',NULL,'link:ticketP','wrap','[{\"c\":\"TicketSourceDecoration\",\"p\":\"b\"}]','[{\"crit\":[\"isanswered\",\"nset\",null],\"prop\":{\"font-weight\":\"bold\"}}]',NULL),
(2,0,'Date Created','created',NULL,'date:full','wrap','[]','[]',NULL),
(3,0,'Subject','cdata__subject',NULL,'link:ticket','ellipsis','[{\"c\":\"TicketThreadCount\",\"p\":\">\"},{\"c\":\"ThreadAttachmentCount\",\"p\":\"a\"},{\"c\":\"OverdueFlagDecoration\",\"p\":\"<\"},{\"c\":\"LockDecoration\",\"p\":\"<\"}]','[{\"crit\":[\"isanswered\",\"nset\",null],\"prop\":{\"font-weight\":\"bold\"}}]',NULL),
(4,0,'User Name','user__name',NULL,NULL,'wrap','[{\"c\":\"ThreadCollaboratorCount\",\"p\":\">\"}]','[]',NULL),
(5,0,'Priority','cdata__priority',NULL,NULL,'wrap','[]','[]',NULL),
(6,0,'Status','status__id',NULL,NULL,'wrap','[]','[]',NULL),
(7,0,'Close Date','closed',NULL,'date:full','wrap','[]','[]',NULL),
(8,0,'Assignee','assignee',NULL,NULL,'wrap','[]','[]',NULL),
(9,0,'Due Date','duedate','est_duedate','date:human','wrap','[]','[]',NULL),
(10,0,'Last Updated','lastupdate',NULL,'date:full','wrap','[]','[]',NULL),
(11,0,'Department','dept_id',NULL,NULL,'wrap','[]','[]',NULL),
(12,0,'Last Message','thread__lastmessage',NULL,'date:human','wrap','[]','[]',NULL),
(13,0,'Last Response','thread__lastresponse',NULL,'date:human','wrap','[]','[]',NULL),
(14,0,'Team','team_id',NULL,NULL,'wrap','[]','[]',NULL);
/*!40000 ALTER TABLE `ost_queue_column` ENABLE KEYS */;
UNLOCK TABLES;
commit;

--
-- Table structure for table `ost_queue_columns`
--

DROP TABLE IF EXISTS `ost_queue_columns`;
/*!40101 SET @saved_cs_client     = @@character_set_client */;
/*!40101 SET character_set_client = utf8mb4 */;
CREATE TABLE `ost_queue_columns` (
  `queue_id` int(11) unsigned NOT NULL,
  `column_id` int(11) unsigned NOT NULL,
  `staff_id` int(11) unsigned NOT NULL,
  `bits` int(10) unsigned NOT NULL DEFAULT 0,
  `sort` int(10) unsigned NOT NULL DEFAULT 1,
  `heading` varchar(64) DEFAULT NULL,
  `width` int(10) unsigned NOT NULL DEFAULT 100,
  PRIMARY KEY (`queue_id`,`column_id`,`staff_id`)
) ENGINE=InnoDB DEFAULT CHARSET=utf8mb3 COLLATE=utf8mb3_uca1400_ai_ci;
/*!40101 SET character_set_client = @saved_cs_client */;

--
-- Dumping data for table `ost_queue_columns`
--

LOCK TABLES `ost_queue_columns` WRITE;
/*!40000 ALTER TABLE `ost_queue_columns` DISABLE KEYS */;
set autocommit=0;
INSERT INTO `ost_queue_columns` VALUES
(1,1,0,1,1,'Ticket',100),
(1,3,0,1,3,'Subject',300),
(1,4,0,1,4,'From',185),
(1,5,0,1,5,'Priority',85),
(1,8,0,1,6,'Assigned To',160),
(1,10,0,1,2,'Last Updated',150),
(2,1,0,1,1,'Ticket',100),
(2,3,0,1,3,'Subject',300),
(2,4,0,1,4,'From',185),
(2,5,0,1,5,'Priority',85),
(2,8,0,1,6,'Assigned To',160),
(2,10,0,1,2,'Last Updated',150),
(3,1,0,1,1,'Ticket',100),
(3,3,0,1,3,'Subject',300),
(3,4,0,1,4,'From',185),
(3,5,0,1,5,'Priority',85),
(3,8,0,1,6,'Assigned To',160),
(3,10,0,1,2,'Last Updated',150),
(4,1,0,1,1,'Ticket',100),
(4,3,0,1,3,'Subject',300),
(4,4,0,1,4,'From',185),
(4,5,0,1,5,'Priority',85),
(4,8,0,1,6,'Assigned To',160),
(4,9,0,1,9,'Due Date',150),
(5,1,0,1,1,'Ticket',100),
(5,3,0,1,3,'Subject',300),
(5,4,0,1,4,'From',185),
(5,5,0,1,5,'Priority',85),
(5,10,0,1,2,'Last Update',150),
(5,11,0,1,6,'Department',160),
(6,1,0,1,1,'Ticket',100),
(6,3,0,1,3,'Subject',300),
(6,4,0,1,4,'From',185),
(6,5,0,1,5,'Priority',85),
(6,10,0,1,2,'Last Update',150),
(6,11,0,1,6,'Department',160),
(7,1,0,1,1,'Ticket',100),
(7,3,0,1,3,'Subject',300),
(7,4,0,1,4,'From',185),
(7,5,0,1,5,'Priority',85),
(7,10,0,1,2,'Last Update',150),
(7,14,0,1,6,'Team',160),
(8,1,0,1,1,'Ticket',100),
(8,3,0,1,3,'Subject',300),
(8,4,0,1,4,'From',185),
(8,7,0,1,2,'Date Closed',150),
(8,8,0,1,6,'Closed By',160),
(9,1,0,1,1,'Ticket',100),
(9,3,0,1,3,'Subject',300),
(9,4,0,1,4,'From',185),
(9,7,0,1,2,'Date Closed',150),
(9,8,0,1,6,'Closed By',160),
(10,1,0,1,1,'Ticket',100),
(10,3,0,1,3,'Subject',300),
(10,4,0,1,4,'From',185),
(10,7,0,1,2,'Date Closed',150),
(10,8,0,1,6,'Closed By',160),
(11,1,0,1,1,'Ticket',100),
(11,3,0,1,3,'Subject',300),
(11,4,0,1,4,'From',185),
(11,7,0,1,2,'Date Closed',150),
(11,8,0,1,6,'Closed By',160),
(12,1,0,1,1,'Ticket',100),
(12,3,0,1,3,'Subject',300),
(12,4,0,1,4,'From',185),
(12,7,0,1,2,'Date Closed',150),
(12,8,0,1,6,'Closed By',160),
(13,1,0,1,1,'Ticket',100),
(13,3,0,1,3,'Subject',300),
(13,4,0,1,4,'From',185),
(13,7,0,1,2,'Date Closed',150),
(13,8,0,1,6,'Closed By',160),
(14,1,0,1,1,'Ticket',100),
(14,3,0,1,3,'Subject',300),
(14,4,0,1,4,'From',185),
(14,7,0,1,2,'Date Closed',150),
(14,8,0,1,6,'Closed By',160);
/*!40000 ALTER TABLE `ost_queue_columns` ENABLE KEYS */;
UNLOCK TABLES;
commit;

--
-- Table structure for table `ost_queue_config`
--

DROP TABLE IF EXISTS `ost_queue_config`;
/*!40101 SET @saved_cs_client     = @@character_set_client */;
/*!40101 SET character_set_client = utf8mb4 */;
CREATE TABLE `ost_queue_config` (
  `queue_id` int(11) unsigned NOT NULL,
  `staff_id` int(11) unsigned NOT NULL,
  `setting` text DEFAULT NULL,
  `updated` datetime NOT NULL,
  PRIMARY KEY (`queue_id`,`staff_id`)
) ENGINE=InnoDB DEFAULT CHARSET=utf8mb3 COLLATE=utf8mb3_uca1400_ai_ci;
/*!40101 SET character_set_client = @saved_cs_client */;

--
-- Dumping data for table `ost_queue_config`
--

LOCK TABLES `ost_queue_config` WRITE;
/*!40000 ALTER TABLE `ost_queue_config` DISABLE KEYS */;
set autocommit=0;
/*!40000 ALTER TABLE `ost_queue_config` ENABLE KEYS */;
UNLOCK TABLES;
commit;

--
-- Table structure for table `ost_queue_export`
--

DROP TABLE IF EXISTS `ost_queue_export`;
/*!40101 SET @saved_cs_client     = @@character_set_client */;
/*!40101 SET character_set_client = utf8mb4 */;
CREATE TABLE `ost_queue_export` (
  `id` int(11) unsigned NOT NULL AUTO_INCREMENT,
  `queue_id` int(11) unsigned NOT NULL,
  `path` varchar(64) NOT NULL DEFAULT '',
  `heading` varchar(64) DEFAULT NULL,
  `sort` int(10) unsigned NOT NULL DEFAULT 1,
  PRIMARY KEY (`id`),
  KEY `queue_id` (`queue_id`)
) ENGINE=InnoDB DEFAULT CHARSET=utf8mb3 COLLATE=utf8mb3_uca1400_ai_ci;
/*!40101 SET character_set_client = @saved_cs_client */;

--
-- Dumping data for table `ost_queue_export`
--

LOCK TABLES `ost_queue_export` WRITE;
/*!40000 ALTER TABLE `ost_queue_export` DISABLE KEYS */;
set autocommit=0;
/*!40000 ALTER TABLE `ost_queue_export` ENABLE KEYS */;
UNLOCK TABLES;
commit;

--
-- Table structure for table `ost_queue_sort`
--

DROP TABLE IF EXISTS `ost_queue_sort`;
/*!40101 SET @saved_cs_client     = @@character_set_client */;
/*!40101 SET character_set_client = utf8mb4 */;
CREATE TABLE `ost_queue_sort` (
  `id` int(11) unsigned NOT NULL AUTO_INCREMENT,
  `root` varchar(32) DEFAULT NULL,
  `name` varchar(64) NOT NULL DEFAULT '',
  `columns` text DEFAULT NULL,
  `updated` datetime DEFAULT NULL,
  PRIMARY KEY (`id`)
) ENGINE=InnoDB AUTO_INCREMENT=8 DEFAULT CHARSET=utf8mb3 COLLATE=utf8mb3_uca1400_ai_ci;
/*!40101 SET character_set_client = @saved_cs_client */;

--
-- Dumping data for table `ost_queue_sort`
--

LOCK TABLES `ost_queue_sort` WRITE;
/*!40000 ALTER TABLE `ost_queue_sort` DISABLE KEYS */;
set autocommit=0;
INSERT INTO `ost_queue_sort` VALUES
(1,NULL,'Priority + Most Recently Updated','[\"-cdata__priority\",\"-lastupdate\"]','2026-02-19 18:15:04'),
(2,NULL,'Priority + Most Recently Created','[\"-cdata__priority\",\"-created\"]','2026-02-19 18:15:04'),
(3,NULL,'Priority + Due Date','[\"-cdata__priority\",\"-est_duedate\"]','2026-02-19 18:15:04'),
(4,NULL,'Due Date','[\"-est_duedate\"]','2026-02-19 18:15:04'),
(5,NULL,'Closed Date','[\"-closed\"]','2026-02-19 18:15:04'),
(6,NULL,'Create Date','[\"-created\"]','2026-02-19 18:15:04'),
(7,NULL,'Update Date','[\"-lastupdate\"]','2026-02-19 18:15:04');
/*!40000 ALTER TABLE `ost_queue_sort` ENABLE KEYS */;
UNLOCK TABLES;
commit;

--
-- Table structure for table `ost_queue_sorts`
--

DROP TABLE IF EXISTS `ost_queue_sorts`;
/*!40101 SET @saved_cs_client     = @@character_set_client */;
/*!40101 SET character_set_client = utf8mb4 */;
CREATE TABLE `ost_queue_sorts` (
  `queue_id` int(11) unsigned NOT NULL,
  `sort_id` int(11) unsigned NOT NULL,
  `bits` int(11) unsigned NOT NULL DEFAULT 0,
  `sort` int(10) unsigned NOT NULL DEFAULT 0,
  PRIMARY KEY (`queue_id`,`sort_id`)
) ENGINE=InnoDB DEFAULT CHARSET=utf8mb3 COLLATE=utf8mb3_uca1400_ai_ci;
/*!40101 SET character_set_client = @saved_cs_client */;

--
-- Dumping data for table `ost_queue_sorts`
--

LOCK TABLES `ost_queue_sorts` WRITE;
/*!40000 ALTER TABLE `ost_queue_sorts` DISABLE KEYS */;
set autocommit=0;
INSERT INTO `ost_queue_sorts` VALUES
(1,1,0,0),
(1,2,0,0),
(1,3,0,0),
(1,4,0,0),
(1,6,0,0),
(1,7,0,0),
(5,1,0,0),
(5,2,0,0),
(5,3,0,0),
(5,4,0,0),
(5,6,0,0),
(5,7,0,0),
(6,1,0,0),
(6,2,0,0),
(6,3,0,0),
(6,4,0,0),
(6,6,0,0),
(6,7,0,0),
(7,1,0,0),
(7,2,0,0),
(7,3,0,0),
(7,4,0,0),
(7,6,0,0),
(7,7,0,0),
(8,1,0,0),
(8,2,0,0),
(8,3,0,0),
(8,4,0,0),
(8,5,0,0),
(8,6,0,0),
(8,7,0,0),
(9,1,0,0),
(9,2,0,0),
(9,3,0,0),
(9,4,0,0),
(9,5,0,0),
(9,6,0,0),
(9,7,0,0),
(10,1,0,0),
(10,2,0,0),
(10,3,0,0),
(10,4,0,0),
(10,5,0,0),
(10,6,0,0),
(10,7,0,0),
(11,1,0,0),
(11,2,0,0),
(11,3,0,0),
(11,4,0,0),
(11,5,0,0),
(11,6,0,0),
(11,7,0,0),
(12,1,0,0),
(12,2,0,0),
(12,3,0,0),
(12,4,0,0),
(12,5,0,0),
(12,6,0,0),
(12,7,0,0),
(13,1,0,0),
(13,2,0,0),
(13,3,0,0),
(13,4,0,0),
(13,5,0,0),
(13,6,0,0),
(13,7,0,0),
(14,1,0,0),
(14,2,0,0),
(14,3,0,0),
(14,4,0,0),
(14,5,0,0),
(14,6,0,0),
(14,7,0,0);
/*!40000 ALTER TABLE `ost_queue_sorts` ENABLE KEYS */;
UNLOCK TABLES;
commit;

--
-- Table structure for table `ost_role`
--

DROP TABLE IF EXISTS `ost_role`;
/*!40101 SET @saved_cs_client     = @@character_set_client */;
/*!40101 SET character_set_client = utf8mb4 */;
CREATE TABLE `ost_role` (
  `id` int(11) unsigned NOT NULL AUTO_INCREMENT,
  `flags` int(10) unsigned NOT NULL DEFAULT 1,
  `name` varchar(64) DEFAULT NULL,
  `permissions` text DEFAULT NULL,
  `notes` text DEFAULT NULL,
  `created` datetime NOT NULL,
  `updated` datetime NOT NULL,
  PRIMARY KEY (`id`),
  UNIQUE KEY `name` (`name`)
) ENGINE=InnoDB AUTO_INCREMENT=5 DEFAULT CHARSET=utf8mb3 COLLATE=utf8mb3_uca1400_ai_ci;
/*!40101 SET character_set_client = @saved_cs_client */;

--
-- Dumping data for table `ost_role`
--

LOCK TABLES `ost_role` WRITE;
/*!40000 ALTER TABLE `ost_role` DISABLE KEYS */;
set autocommit=0;
INSERT INTO `ost_role` VALUES
(1,1,'All Access','{\"ticket.assign\":1,\"ticket.close\":1,\"ticket.create\":1,\"ticket.delete\":1,\"ticket.edit\":1,\"thread.edit\":1,\"ticket.link\":1,\"ticket.markanswered\":1,\"ticket.merge\":1,\"ticket.reply\":1,\"ticket.refer\":1,\"ticket.release\":1,\"ticket.transfer\":1,\"task.assign\":1,\"task.close\":1,\"task.create\":1,\"task.delete\":1,\"task.edit\":1,\"task.reply\":1,\"task.transfer\":1,\"canned.manage\":1}','Role with unlimited access','2026-02-19 18:15:04','2026-02-19 18:15:04'),
(2,1,'Expanded Access','{\"ticket.assign\":1,\"ticket.close\":1,\"ticket.create\":1,\"ticket.edit\":1,\"ticket.link\":1,\"ticket.merge\":1,\"ticket.reply\":1,\"ticket.refer\":1,\"ticket.release\":1,\"ticket.transfer\":1,\"task.assign\":1,\"task.close\":1,\"task.create\":1,\"task.edit\":1,\"task.reply\":1,\"task.transfer\":1,\"canned.manage\":1}','Role with expanded access','2026-02-19 18:15:04','2026-02-19 18:15:04'),
(3,1,'Limited Access','{\"ticket.assign\":1,\"ticket.create\":1,\"ticket.link\":1,\"ticket.merge\":1,\"ticket.refer\":1,\"ticket.release\":1,\"ticket.transfer\":1,\"task.assign\":1,\"task.reply\":1,\"task.transfer\":1}','Role with limited access','2026-02-19 18:15:04','2026-02-19 18:15:04'),
(4,1,'View only',NULL,'Simple role with no permissions','2026-02-19 18:15:04','2026-02-19 18:15:04');
/*!40000 ALTER TABLE `ost_role` ENABLE KEYS */;
UNLOCK TABLES;
commit;

--
-- Table structure for table `ost_schedule`
--

DROP TABLE IF EXISTS `ost_schedule`;
/*!40101 SET @saved_cs_client     = @@character_set_client */;
/*!40101 SET character_set_client = utf8mb4 */;
CREATE TABLE `ost_schedule` (
  `id` int(11) unsigned NOT NULL AUTO_INCREMENT,
  `flags` int(11) unsigned NOT NULL DEFAULT 0,
  `name` varchar(255) NOT NULL,
  `timezone` varchar(64) DEFAULT NULL,
  `description` varchar(255) NOT NULL,
  `created` datetime NOT NULL,
  `updated` datetime NOT NULL,
  PRIMARY KEY (`id`)
) ENGINE=InnoDB AUTO_INCREMENT=5 DEFAULT CHARSET=utf8mb3 COLLATE=utf8mb3_uca1400_ai_ci;
/*!40101 SET character_set_client = @saved_cs_client */;

--
-- Dumping data for table `ost_schedule`
--

LOCK TABLES `ost_schedule` WRITE;
/*!40000 ALTER TABLE `ost_schedule` DISABLE KEYS */;
set autocommit=0;
INSERT INTO `ost_schedule` VALUES
(1,1,'Monday - Friday 8am - 5pm with U.S. Holidays',NULL,'','2026-02-19 18:15:04','2026-02-19 18:15:04'),
(2,1,'24/7',NULL,'','2026-02-19 18:15:04','2026-02-19 18:15:04'),
(3,1,'24/5',NULL,'','2026-02-19 18:15:04','2026-02-19 18:15:04'),
(4,0,'U.S. Holidays',NULL,'','2026-02-19 18:15:04','2026-02-19 18:15:04');
/*!40000 ALTER TABLE `ost_schedule` ENABLE KEYS */;
UNLOCK TABLES;
commit;

--
-- Table structure for table `ost_schedule_entry`
--

DROP TABLE IF EXISTS `ost_schedule_entry`;
/*!40101 SET @saved_cs_client     = @@character_set_client */;
/*!40101 SET character_set_client = utf8mb4 */;
CREATE TABLE `ost_schedule_entry` (
  `id` int(11) unsigned NOT NULL AUTO_INCREMENT,
  `schedule_id` int(11) unsigned NOT NULL DEFAULT 0,
  `flags` int(11) unsigned NOT NULL DEFAULT 0,
  `sort` tinyint(3) unsigned NOT NULL DEFAULT 0,
  `name` varchar(255) NOT NULL,
  `repeats` varchar(16) NOT NULL DEFAULT 'never',
  `starts_on` date DEFAULT NULL,
  `starts_at` time DEFAULT NULL,
  `ends_on` date DEFAULT NULL,
  `ends_at` time DEFAULT NULL,
  `stops_on` datetime DEFAULT NULL,
  `day` tinyint(4) DEFAULT NULL,
  `week` tinyint(4) DEFAULT NULL,
  `month` tinyint(4) DEFAULT NULL,
  `created` datetime NOT NULL,
  `updated` datetime NOT NULL,
  PRIMARY KEY (`id`),
  KEY `schedule_id` (`schedule_id`),
  KEY `repeats` (`repeats`)
) ENGINE=InnoDB AUTO_INCREMENT=17 DEFAULT CHARSET=utf8mb3 COLLATE=utf8mb3_uca1400_ai_ci;
/*!40101 SET character_set_client = @saved_cs_client */;

--
-- Dumping data for table `ost_schedule_entry`
--

LOCK TABLES `ost_schedule_entry` WRITE;
/*!40000 ALTER TABLE `ost_schedule_entry` DISABLE KEYS */;
set autocommit=0;
INSERT INTO `ost_schedule_entry` VALUES
(1,1,0,0,'Monday','weekly','2019-01-07','08:00:00','2019-01-07','17:00:00',NULL,1,NULL,NULL,'0000-00-00 00:00:00','2026-02-19 18:15:04'),
(2,1,0,0,'Tuesday','weekly','2019-01-08','08:00:00','2019-01-08','17:00:00',NULL,2,NULL,NULL,'0000-00-00 00:00:00','2026-02-19 18:15:04'),
(3,1,0,0,'Wednesday','weekly','2019-01-09','08:00:00','2019-01-09','17:00:00',NULL,3,NULL,NULL,'0000-00-00 00:00:00','2026-02-19 18:15:04'),
(4,1,0,0,'Thursday','weekly','2019-01-10','08:00:00','2019-01-10','17:00:00',NULL,4,NULL,NULL,'0000-00-00 00:00:00','2026-02-19 18:15:04'),
(5,1,0,0,'Friday','weekly','2019-01-11','08:00:00','2019-01-11','17:00:00',NULL,5,NULL,NULL,'0000-00-00 00:00:00','2026-02-19 18:15:04'),
(6,2,0,0,'Daily','daily','2019-01-01','00:00:00','2019-01-01','23:59:59',NULL,NULL,NULL,NULL,'0000-00-00 00:00:00','2026-02-19 18:15:04'),
(7,3,0,0,'Weekdays','weekdays','2019-01-01','00:00:00','2019-01-01','23:59:59',NULL,NULL,NULL,NULL,'0000-00-00 00:00:00','2026-02-19 18:15:04'),
(8,4,0,0,'New Year\'s Day','yearly','2019-01-01','00:00:00','2019-01-01','23:59:59',NULL,1,NULL,1,'0000-00-00 00:00:00','2026-02-19 18:15:04'),
(9,4,0,0,'MLK Day','yearly','2019-01-21','00:00:00','2019-01-21','23:59:59',NULL,1,3,1,'0000-00-00 00:00:00','2026-02-19 18:15:04'),
(10,4,0,0,'Memorial Day','yearly','2019-05-27','00:00:00','2019-05-27','23:59:59',NULL,1,-1,5,'0000-00-00 00:00:00','2026-02-19 18:15:04'),
(11,4,0,0,'Independence Day (4th of July)','yearly','2019-07-04','00:00:00','2019-07-04','23:59:59',NULL,4,NULL,7,'0000-00-00 00:00:00','2026-02-19 18:15:04'),
(12,4,0,0,'Labor Day','yearly','2019-09-02','00:00:00','2019-09-02','23:59:59',NULL,1,1,9,'0000-00-00 00:00:00','2026-02-19 18:15:04'),
(13,4,0,0,'Indigenous Peoples\' Day (Whodat Columbus)','yearly','2019-10-14','00:00:00','2019-10-14','23:59:59',NULL,1,2,10,'0000-00-00 00:00:00','2026-02-19 18:15:04'),
(14,4,0,0,'Veterans Day','yearly','2019-11-11','00:00:00','2019-11-11','23:59:59',NULL,11,NULL,11,'0000-00-00 00:00:00','2026-02-19 18:15:04'),
(15,4,0,0,'Thanksgiving Day','yearly','2019-11-28','00:00:00','2019-11-28','23:59:59',NULL,4,4,11,'0000-00-00 00:00:00','2026-02-19 18:15:04'),
(16,4,0,0,'Christmas Day','yearly','2019-11-25','00:00:00','2019-11-25','23:59:59',NULL,25,NULL,12,'0000-00-00 00:00:00','2026-02-19 18:15:04');
/*!40000 ALTER TABLE `ost_schedule_entry` ENABLE KEYS */;
UNLOCK TABLES;
commit;

--
-- Table structure for table `ost_sequence`
--

DROP TABLE IF EXISTS `ost_sequence`;
/*!40101 SET @saved_cs_client     = @@character_set_client */;
/*!40101 SET character_set_client = utf8mb4 */;
CREATE TABLE `ost_sequence` (
  `id` int(11) unsigned NOT NULL AUTO_INCREMENT,
  `name` varchar(64) DEFAULT NULL,
  `flags` int(10) unsigned DEFAULT NULL,
  `next` bigint(20) unsigned NOT NULL DEFAULT 1,
  `increment` int(11) DEFAULT 1,
  `padding` char(1) DEFAULT '0',
  `updated` datetime NOT NULL,
  PRIMARY KEY (`id`)
) ENGINE=InnoDB AUTO_INCREMENT=3 DEFAULT CHARSET=utf8mb3 COLLATE=utf8mb3_uca1400_ai_ci;
/*!40101 SET character_set_client = @saved_cs_client */;

--
-- Dumping data for table `ost_sequence`
--

LOCK TABLES `ost_sequence` WRITE;
/*!40000 ALTER TABLE `ost_sequence` DISABLE KEYS */;
set autocommit=0;
INSERT INTO `ost_sequence` VALUES
(1,'General Tickets',1,1,1,'0','0000-00-00 00:00:00'),
(2,'Tasks Sequence',1,1,1,'0','0000-00-00 00:00:00');
/*!40000 ALTER TABLE `ost_sequence` ENABLE KEYS */;
UNLOCK TABLES;
commit;

--
-- Table structure for table `ost_session`
--

DROP TABLE IF EXISTS `ost_session`;
/*!40101 SET @saved_cs_client     = @@character_set_client */;
/*!40101 SET character_set_client = utf8mb4 */;
CREATE TABLE `ost_session` (
  `session_id` varchar(255) CHARACTER SET ascii COLLATE ascii_general_ci NOT NULL DEFAULT '',
  `session_data` blob DEFAULT NULL,
  `session_expire` datetime DEFAULT NULL,
  `session_updated` datetime DEFAULT NULL,
  `user_id` varchar(16) NOT NULL DEFAULT '0' COMMENT 'osTicket staff/client ID',
  `user_ip` varchar(64) NOT NULL,
  `user_agent` varchar(255) NOT NULL,
  PRIMARY KEY (`session_id`),
  KEY `updated` (`session_updated`),
  KEY `user_id` (`user_id`)
) ENGINE=InnoDB DEFAULT CHARSET=utf8mb3 COLLATE=utf8mb3_unicode_ci;
/*!40101 SET character_set_client = @saved_cs_client */;

--
-- Dumping data for table `ost_session`
--

LOCK TABLES `ost_session` WRITE;
/*!40000 ALTER TABLE `ost_session` DISABLE KEYS */;
set autocommit=0;
INSERT INTO `ost_session` VALUES
('02204cae941671f66b350c1eac6ef121','csrf|N;','2026-02-24 17:10:49','2026-02-23 17:10:49','0','',''),
('03e2b492ca3d084cb5e596bbceaa892f','csrf|a:2:{s:5:\"token\";s:40:\"6a64182800a3f3fa4b4253240e52055faac7c977\";s:4:\"time\";i:1771525183;}_staff|a:1:{s:4:\"auth\";a:2:{s:4:\"dest\";s:22:\"/scp/settings.php?t=kb\";s:3:\"msg\";s:23:\"Authentication Required\";}}_auth|a:1:{s:5:\"staff\";a:3:{s:2:\"id\";i:1;s:3:\"key\";s:14:\"local:ostadmin\";s:3:\"2fa\";N;}}:token|a:1:{s:5:\"staff\";s:76:\"1b9e67ff5ecfd3aa4145628360aaff2d:1771525183:8d91ec19a492cb0772c6acf25e9bdb0e\";}TIME_BOMB|i:1771526373;lastcroncall|i:1771525116;cfg:core|a:1:{s:11:\"db_timezone\";s:13:\"Europe/Berlin\";}::Q:T|i:1;sort|a:1:{i:1;a:2:{s:9:\"queuesort\";O:9:\"QueueSort\":7:{s:2:\"ht\";a:5:{s:2:\"id\";i:1;s:4:\"root\";N;s:4:\"name\";s:32:\"Priority + Most Recently Updated\";s:7:\"columns\";s:34:\"[\"-cdata__priority\",\"-lastupdate\"]\";s:7:\"updated\";s:19:\"2026-02-19 18:15:04\";}s:5:\"dirty\";a:0:{}s:7:\"__new__\";b:0;s:11:\"__deleted__\";b:0;s:12:\"__deferred__\";a:0:{}s:8:\"_columns\";a:2:{s:15:\"cdata__priority\";b:1;s:10:\"lastupdate\";b:1;}s:6:\"_extra\";N;}s:3:\"dir\";i:0;}}','2026-02-19 19:49:43','2026-02-19 19:19:43','1','192.168.194.181','Mozilla/5.0 (Windows NT 10.0; Win64; x64; rv:147.0) Gecko/20100101 Firefox/147.0'),
('04ba8833682449209609785932d77ca8','csrf|a:2:{s:5:\"token\";s:40:\"121b1795493ab502c25fc8fac8d007fdc563687e\";s:4:\"time\";i:1771521943;}_staff|a:1:{s:4:\"auth\";a:2:{s:4:\"dest\";s:5:\"/scp/\";s:3:\"msg\";s:23:\"Authentication Required\";}}_auth|a:1:{s:5:\"staff\";a:3:{s:2:\"id\";i:1;s:3:\"key\";s:14:\"local:ostadmin\";s:3:\"2fa\";N;}}:token|a:1:{s:5:\"staff\";s:76:\"13a1cfed93182f73774c02b523d81a9a:1771521937:8d91ec19a492cb0772c6acf25e9bdb0e\";}TIME_BOMB|i:1771521947;::Q:T|i:1;sort|a:1:{i:1;a:2:{s:9:\"queuesort\";O:9:\"QueueSort\":7:{s:2:\"ht\";a:5:{s:2:\"id\";i:1;s:4:\"root\";N;s:4:\"name\";s:32:\"Priority + Most Recently Updated\";s:7:\"columns\";s:34:\"[\"-cdata__priority\",\"-lastupdate\"]\";s:7:\"updated\";s:19:\"2026-02-19 18:15:04\";}s:5:\"dirty\";a:0:{}s:7:\"__new__\";b:0;s:11:\"__deleted__\";b:0;s:12:\"__deferred__\";a:0:{}s:8:\"_columns\";a:2:{s:15:\"cdata__priority\";b:1;s:10:\"lastupdate\";b:1;}s:6:\"_extra\";N;}s:3:\"dir\";i:0;}}cfg:core|a:1:{s:11:\"db_timezone\";s:13:\"Europe/Berlin\";}lastcroncall|i:1771521937;::Q:A|s:0:\"\";:QA::sort|a:2:{i:0;s:7:\"created\";i:1;i:0;}:Q:tasks|O:8:\"QuerySet\":16:{s:5:\"model\";s:4:\"Task\";s:11:\"constraints\";a:2:{i:0;O:1:\"Q\":3:{i:0;i:0;i:1;i:0;i:2;a:1:{i:0;O:1:\"Q\":3:{i:0;i:0;i:1;i:0;i:2;a:1:{s:13:\"flags__hasbit\";i:1;}}}}i:1;O:1:\"Q\":3:{i:0;i:0;i:1;i:0;i:2;a:1:{i:0;O:1:\"Q\":3:{i:0;i:0;i:1;i:2;i:2;a:3:{i:0;O:1:\"Q\":3:{i:0;i:0;i:1;i:0;i:2;a:2:{s:13:\"flags__hasbit\";i:1;s:8:\"staff_id\";i:1;}}i:1;O:1:\"Q\":3:{i:0;i:0;i:1;i:0;i:2;a:2:{s:16:\"ticket__staff_id\";i:1;s:21:\"ticket__status__state\";s:4:\"open\";}}i:2;O:1:\"Q\":3:{i:0;i:0;i:1;i:0;i:2;a:1:{s:11:\"dept_id__in\";a:3:{i:0;i:1;i:1;i:2;i:2;i:3;}}}}}}}}s:16:\"path_constraints\";a:0:{}s:8:\"ordering\";a:1:{i:0;s:8:\"-created\";}s:7:\"related\";b:0;s:6:\"values\";a:14:{s:2:\"id\";s:2:\"id\";s:6:\"number\";s:6:\"number\";s:7:\"created\";s:7:\"created\";s:8:\"staff_id\";s:8:\"staff_id\";s:7:\"dept_id\";s:7:\"dept_id\";s:7:\"team_id\";s:7:\"team_id\";s:16:\"staff__firstname\";s:16:\"staff__firstname\";s:15:\"staff__lastname\";s:15:\"staff__lastname\";s:10:\"team__name\";s:10:\"team__name\";s:10:\"dept__name\";s:10:\"dept__name\";s:12:\"cdata__title\";s:12:\"cdata__title\";s:5:\"flags\";s:5:\"flags\";s:14:\"ticket__number\";s:14:\"ticket__number\";s:17:\"ticket__ticket_id\";s:17:\"ticket__ticket_id\";}s:5:\"defer\";a:0:{}s:10:\"aggregated\";b:0;s:11:\"annotations\";a:3:{s:12:\"collab_count\";O:12:\"SqlAggregate\":5:{s:5:\"alias\";s:12:\"collab_count\";s:4:\"func\";s:5:\"COUNT\";s:4:\"expr\";s:21:\"thread__collaborators\";s:8:\"distinct\";b:1;s:10:\"constraint\";b:0;}s:16:\"attachment_count\";O:12:\"SqlAggregate\":5:{s:5:\"alias\";s:16:\"attachment_count\";s:4:\"func\";s:5:\"COUNT\";s:4:\"expr\";O:7:\"SqlCase\":5:{s:5:\"alias\";N;s:5:\"cases\";a:1:{i:0;a:2:{i:0;O:8:\"SqlField\":5:{s:5:\"alias\";N;s:8:\"operator\";N;s:8:\"operands\";N;s:5:\"level\";i:0;s:5:\"field\";s:36:\"thread__entries__attachments__inline\";}i:1;N;}}s:4:\"else\";O:8:\"SqlField\":5:{s:5:\"alias\";N;s:8:\"operator\";N;s:8:\"operands\";N;s:5:\"level\";i:0;s:5:\"field\";s:28:\"thread__entries__attachments\";}s:4:\"func\";s:4:\"CASE\";s:4:\"args\";a:0:{}}s:8:\"distinct\";b:1;s:10:\"constraint\";b:0;}s:12:\"thread_count\";O:12:\"SqlAggregate\":5:{s:5:\"alias\";s:12:\"thread_count\";s:4:\"func\";s:5:\"COUNT\";s:4:\"expr\";O:7:\"SqlCase\":5:{s:5:\"alias\";N;s:5:\"cases\";a:1:{i:0;a:2:{i:0;O:1:\"Q\":3:{i:0;i:0;i:1;i:0;i:2;a:1:{s:30:\"thread__entries__flags__hasbit\";i:4;}}i:1;N;}}s:4:\"else\";O:8:\"SqlField\":5:{s:5:\"alias\";N;s:8:\"operator\";N;s:8:\"operands\";N;s:5:\"level\";i:0;s:5:\"field\";s:19:\"thread__entries__id\";}s:4:\"func\";s:4:\"CASE\";s:4:\"args\";a:0:{}}s:8:\"distinct\";b:1;s:10:\"constraint\";b:0;}}s:5:\"extra\";a:0:{}s:8:\"distinct\";a:0:{}s:4:\"lock\";b:0;s:5:\"chain\";a:0:{}s:7:\"options\";a:0:{}s:4:\"iter\";i:2;s:8:\"compiler\";s:13:\"MySqlCompiler\";}TTD|i:1771522084;','2026-02-19 18:28:04','2026-02-19 18:26:04','1','192.168.194.181','Mozilla/5.0 (Windows NT 10.0; Win64; x64; rv:147.0) Gecko/20100101 Firefox/147.0'),
('061061f8eb328213d6c35ee346c4baad','csrf|a:2:{s:5:\"token\";s:40:\"025a59858d4f50a35e66d38089b62ff722e382b6\";s:4:\"time\";i:1771540335;}_staff|a:1:{s:4:\"auth\";a:2:{s:4:\"dest\";s:16:\"/scp/plugins.php\";s:3:\"msg\";s:23:\"Authentication Required\";}}_auth|a:1:{s:5:\"staff\";a:3:{s:2:\"id\";i:1;s:3:\"key\";s:14:\"local:ostadmin\";s:3:\"2fa\";N;}}:token|a:1:{s:5:\"staff\";s:76:\"39ce883d90eca0abbc764daedbeb55c3:1771540286:8d91ec19a492cb0772c6acf25e9bdb0e\";}TIME_BOMB|i:1771541955;cfg:core|a:1:{s:11:\"db_timezone\";s:13:\"Europe/Berlin\";}lastcroncall|i:1771540304;::Q:T|i:1;sort|a:1:{i:1;a:2:{s:9:\"queuesort\";O:9:\"QueueSort\":7:{s:2:\"ht\";a:5:{s:2:\"id\";i:1;s:4:\"root\";N;s:4:\"name\";s:32:\"Priority + Most Recently Updated\";s:7:\"columns\";s:34:\"[\"-cdata__priority\",\"-lastupdate\"]\";s:7:\"updated\";s:19:\"2026-02-19 18:15:04\";}s:5:\"dirty\";a:0:{}s:7:\"__new__\";b:0;s:11:\"__deleted__\";b:0;s:12:\"__deferred__\";a:0:{}s:8:\"_columns\";a:2:{s:15:\"cdata__priority\";b:1;s:10:\"lastupdate\";b:1;}s:6:\"_extra\";N;}s:3:\"dir\";i:0;}}:form-data|N;TTD|i:1771540455;','2026-02-19 23:34:15','2026-02-19 23:32:15','1','192.168.194.181','Mozilla/5.0 (Windows NT 10.0; Win64; x64; rv:147.0) Gecko/20100101 Firefox/147.0'),
('07ade436b535bc75a980582ab5fe7d7f','csrf|N;','2026-02-24 17:11:51','2026-02-23 17:11:51','0','',''),
('0a48057491c41f78058e8ec4ffcc45b2','csrf|a:2:{s:5:\"token\";s:40:\"3ed118907b9f82de2275d0b27fcf323265d012b7\";s:4:\"time\";i:1771524830;}','2026-02-20 19:13:51','2026-02-19 19:13:51','0','127.0.0.1','curl/8.14.1'),
('0ae53bd4f8c6f387dbd61f988c84a4c7','csrf|a:2:{s:5:\"token\";s:40:\"2f85c3b6e7536f4669afcec036f733524791ff6d\";s:4:\"time\";i:1771865765;}_staff|a:1:{s:4:\"auth\";a:2:{s:4:\"dest\";s:25:\"/scp/categories.php?id=98\";s:3:\"msg\";s:23:\"Authentication Required\";}}_auth|a:1:{s:5:\"staff\";N;}','2026-02-24 17:55:45','2026-02-23 17:56:05','0','192.168.194.181','Mozilla/5.0 (Windows NT 10.0; Win64; x64; rv:147.0) Gecko/20100101 Firefox/147.0'),
('0d29e831bab59cacc0114a981c4246f6','csrf|a:2:{s:5:\"token\";s:40:\"d6d1616888db128039422118f71f288f899d8495\";s:4:\"time\";i:1771865714;}','2026-02-24 17:55:14','2026-02-23 17:55:14','0','::1','Mozilla/5.0 (Windows NT 10.0; Win64; x64; rv:147.0) Gecko/20100101 Firefox/147.0'),
('167b4f3f8d6278248b613c23dfd3db6a','csrf|N;_staff|a:1:{s:4:\"auth\";a:2:{s:4:\"dest\";s:5:\"/scp/\";s:3:\"msg\";s:23:\"Authentication Required\";}}','2026-02-20 18:16:33','2026-02-19 18:16:33','0','127.0.0.1','curl/8.14.1'),
('16b7be4a630aabb5cddfa171dda115a7','csrf|N;','2026-02-24 17:14:25','2026-02-23 17:14:25','0','',''),
('16cb9cee25ed107a62fce535ff31d593','csrf|a:2:{s:5:\"token\";s:40:\"fbbca3a56017fc283dc0aeef14c0e0603b6eb488\";s:4:\"time\";i:1771862661;}','2026-02-24 17:04:21','2026-02-23 17:04:21','0','::1','Mozilla/5.0 (Windows NT 10.0; Win64; x64; rv:147.0) Gecko/20100101 Firefox/147.0'),
('1af1ddcecf5520f6be43529c66e97934','csrf|a:2:{s:5:\"token\";s:40:\"02fb6d75548ba982f60dd484517e75c436bcf8a0\";s:4:\"time\";i:1771521400;}_auth|a:1:{s:5:\"staff\";N;}','2026-02-20 18:16:40','2026-02-19 18:16:40','0','127.0.0.1','curl/8.14.1'),
('1e469e352b1733ba056eaaf4504838b1','csrf|a:2:{s:5:\"token\";s:40:\"7e5a288235ae0807e896b29d451c5def08160a5b\";s:4:\"time\";i:1771608135;}_staff|a:1:{s:4:\"auth\";a:2:{s:4:\"dest\";s:18:\"/scp/faq.php?id=78\";s:3:\"msg\";s:23:\"Authentication Required\";}}_auth|a:1:{s:5:\"staff\";N;}','2026-02-21 18:22:15','2026-02-20 18:22:15','0','192.168.194.181','Mozilla/5.0 (Windows NT 10.0; Win64; x64; rv:147.0) Gecko/20100101 Firefox/147.0'),
('2492cd0ada5aeed497be6eae6ccca0aa','csrf|a:2:{s:5:\"token\";s:40:\"62eb4f6cce6c84c06315ea2c22a24372452c9948\";s:4:\"time\";i:1771524729;}','2026-02-20 19:12:09','2026-02-19 19:12:09','0','127.0.0.1','curl/8.14.1'),
('25fee84f3ed2f8844322d38f84232d09','csrf|N;_staff|a:1:{s:4:\"auth\";a:2:{s:4:\"dest\";s:5:\"/scp/\";s:3:\"msg\";s:23:\"Authentication Required\";}}','2026-02-20 18:15:20','2026-02-19 18:15:20','0','127.0.0.1','curl/8.14.1'),
('2670a1230f9f17a2bafa8b28dc5226f7','csrf|a:2:{s:5:\"token\";s:40:\"34b490c6493b78ff4fb429fe0f95c8afc55b62a8\";s:4:\"time\";i:1771867824;}_staff|a:1:{s:4:\"auth\";a:2:{s:4:\"dest\";s:21:\"/scp/tickets.php?id=1\";s:3:\"msg\";s:23:\"Authentication Required\";}}_auth|a:1:{s:5:\"staff\";a:3:{s:2:\"id\";i:1;s:3:\"key\";s:14:\"local:ostadmin\";s:3:\"2fa\";N;}}:token|a:1:{s:5:\"staff\";s:76:\"3cb05b094f40f5df7bbf3f84c2deba24:1771867789:837ec5754f503cfaaee0929fd48974e7\";}TIME_BOMB|i:1771869524;cfg:core|a:1:{s:11:\"db_timezone\";s:13:\"Europe/Berlin\";}lastcroncall|i:1771867725;::Q:A|s:0:\"\";:QA::sort|a:2:{i:0;s:7:\"created\";i:1;i:0;}:Q:tasks|O:8:\"QuerySet\":16:{s:5:\"model\";s:4:\"Task\";s:11:\"constraints\";a:2:{i:0;O:1:\"Q\":3:{i:0;i:0;i:1;i:0;i:2;a:1:{i:0;O:1:\"Q\":3:{i:0;i:0;i:1;i:0;i:2;a:1:{s:13:\"flags__hasbit\";i:1;}}}}i:1;O:1:\"Q\":3:{i:0;i:0;i:1;i:0;i:2;a:1:{i:0;O:1:\"Q\":3:{i:0;i:0;i:1;i:2;i:2;a:3:{i:0;O:1:\"Q\":3:{i:0;i:0;i:1;i:0;i:2;a:2:{s:13:\"flags__hasbit\";i:1;s:8:\"staff_id\";i:1;}}i:1;O:1:\"Q\":3:{i:0;i:0;i:1;i:0;i:2;a:2:{s:16:\"ticket__staff_id\";i:1;s:21:\"ticket__status__state\";s:4:\"open\";}}i:2;O:1:\"Q\":3:{i:0;i:0;i:1;i:0;i:2;a:1:{s:11:\"dept_id__in\";a:3:{i:0;i:1;i:1;i:2;i:2;i:3;}}}}}}}}s:16:\"path_constraints\";a:0:{}s:8:\"ordering\";a:1:{i:0;s:8:\"-created\";}s:7:\"related\";b:0;s:6:\"values\";a:14:{s:2:\"id\";s:2:\"id\";s:6:\"number\";s:6:\"number\";s:7:\"created\";s:7:\"created\";s:8:\"staff_id\";s:8:\"staff_id\";s:7:\"dept_id\";s:7:\"dept_id\";s:7:\"team_id\";s:7:\"team_id\";s:16:\"staff__firstname\";s:16:\"staff__firstname\";s:15:\"staff__lastname\";s:15:\"staff__lastname\";s:10:\"team__name\";s:10:\"team__name\";s:10:\"dept__name\";s:10:\"dept__name\";s:12:\"cdata__title\";s:12:\"cdata__title\";s:5:\"flags\";s:5:\"flags\";s:14:\"ticket__number\";s:14:\"ticket__number\";s:17:\"ticket__ticket_id\";s:17:\"ticket__ticket_id\";}s:5:\"defer\";a:0:{}s:10:\"aggregated\";b:0;s:11:\"annotations\";a:3:{s:12:\"collab_count\";O:12:\"SqlAggregate\":5:{s:5:\"alias\";s:12:\"collab_count\";s:4:\"func\";s:5:\"COUNT\";s:4:\"expr\";s:21:\"thread__collaborators\";s:8:\"distinct\";b:1;s:10:\"constraint\";b:0;}s:16:\"attachment_count\";O:12:\"SqlAggregate\":5:{s:5:\"alias\";s:16:\"attachment_count\";s:4:\"func\";s:5:\"COUNT\";s:4:\"expr\";O:7:\"SqlCase\":5:{s:5:\"alias\";N;s:5:\"cases\";a:1:{i:0;a:2:{i:0;O:8:\"SqlField\":5:{s:5:\"alias\";N;s:8:\"operator\";N;s:8:\"operands\";N;s:5:\"level\";i:0;s:5:\"field\";s:36:\"thread__entries__attachments__inline\";}i:1;N;}}s:4:\"else\";O:8:\"SqlField\":5:{s:5:\"alias\";N;s:8:\"operator\";N;s:8:\"operands\";N;s:5:\"level\";i:0;s:5:\"field\";s:28:\"thread__entries__attachments\";}s:4:\"func\";s:4:\"CASE\";s:4:\"args\";a:0:{}}s:8:\"distinct\";b:1;s:10:\"constraint\";b:0;}s:12:\"thread_count\";O:12:\"SqlAggregate\":5:{s:5:\"alias\";s:12:\"thread_count\";s:4:\"func\";s:5:\"COUNT\";s:4:\"expr\";O:7:\"SqlCase\":5:{s:5:\"alias\";N;s:5:\"cases\";a:1:{i:0;a:2:{i:0;O:1:\"Q\":3:{i:0;i:0;i:1;i:0;i:2;a:1:{s:30:\"thread__entries__flags__hasbit\";i:4;}}i:1;N;}}s:4:\"else\";O:8:\"SqlField\":5:{s:5:\"alias\";N;s:8:\"operator\";N;s:8:\"operands\";N;s:5:\"level\";i:0;s:5:\"field\";s:19:\"thread__entries__id\";}s:4:\"func\";s:4:\"CASE\";s:4:\"args\";a:0:{}}s:8:\"distinct\";b:1;s:10:\"constraint\";b:0;}}s:5:\"extra\";a:0:{}s:8:\"distinct\";a:0:{}s:4:\"lock\";b:0;s:5:\"chain\";a:0:{}s:7:\"options\";a:0:{}s:4:\"iter\";i:2;s:8:\"compiler\";s:13:\"MySqlCompiler\";}::Q:T|i:1;sort|a:1:{i:1;a:2:{s:9:\"queuesort\";O:9:\"QueueSort\":7:{s:2:\"ht\";a:5:{s:2:\"id\";i:1;s:4:\"root\";N;s:4:\"name\";s:32:\"Priority + Most Recently Updated\";s:7:\"columns\";s:34:\"[\"-cdata__priority\",\"-lastupdate\"]\";s:7:\"updated\";s:19:\"2026-02-19 18:15:04\";}s:5:\"dirty\";a:0:{}s:7:\"__new__\";b:0;s:11:\"__deleted__\";b:0;s:12:\"__deferred__\";a:0:{}s:8:\"_columns\";a:2:{s:15:\"cdata__priority\";b:1;s:10:\"lastupdate\";b:1;}s:6:\"_extra\";N;}s:3:\"dir\";i:0;}}:uploadedFiles|a:1:{i:3;s:44:\"d305860a8a3d474f8927ec785aaa7aaaf47c0ac1.png\";}:form-data|N;:msgs|O:10:\"ListObject\":1:{i:0;O:13:\"SimpleMessage\":3:{s:4:\"tags\";N;s:5:\"level\";i:30;s:3:\"msg\";s:27:\"Ticket created successfully\";}}','2026-02-24 18:30:16','2026-02-23 18:33:02','1','::1','Mozilla/5.0 (Windows NT 10.0; Win64; x64; rv:147.0) Gecko/20100101 Firefox/147.0'),
('32a0aecb2ed00ab9a0da503540361390','csrf|a:2:{s:5:\"token\";s:40:\"324984e64624860a1ad564f5a7e6de801e90320e\";s:4:\"time\";i:1771531019;}_staff|a:1:{s:4:\"auth\";a:2:{s:4:\"dest\";s:15:\"/scp/canned.php\";s:3:\"msg\";s:23:\"Authentication Required\";}}_auth|a:1:{s:5:\"staff\";a:3:{s:2:\"id\";i:1;s:3:\"key\";s:14:\"local:ostadmin\";s:3:\"2fa\";N;}}:token|a:1:{s:5:\"staff\";s:76:\"85217cd28362d598fd509ec02ff2f0ef:1771530972:8d91ec19a492cb0772c6acf25e9bdb0e\";}TIME_BOMB|i:1771532069;cfg:core|a:1:{s:11:\"db_timezone\";s:13:\"Europe/Berlin\";}lastcroncall|i:1771531019;::Q:T|i:1;sort|a:1:{i:1;a:2:{s:9:\"queuesort\";O:9:\"QueueSort\":7:{s:2:\"ht\";a:5:{s:2:\"id\";i:1;s:4:\"root\";N;s:4:\"name\";s:32:\"Priority + Most Recently Updated\";s:7:\"columns\";s:34:\"[\"-cdata__priority\",\"-lastupdate\"]\";s:7:\"updated\";s:19:\"2026-02-19 18:15:04\";}s:5:\"dirty\";a:0:{}s:7:\"__new__\";b:0;s:11:\"__deleted__\";b:0;s:12:\"__deferred__\";a:0:{}s:8:\"_columns\";a:2:{s:15:\"cdata__priority\";b:1;s:10:\"lastupdate\";b:1;}s:6:\"_extra\";N;}s:3:\"dir\";i:0;}}','2026-02-19 21:26:12','2026-02-19 20:56:59','1','192.168.194.181','Mozilla/5.0 (Windows NT 10.0; Win64; x64; rv:147.0) Gecko/20100101 Firefox/147.0'),
('35062a593a7b836f081483e8b2f2b9f1','csrf|a:2:{s:5:\"token\";s:40:\"8664f3da7988214d3450994c763fad1e4e00e47d\";s:4:\"time\";i:1771521321;}','2026-02-20 18:15:21','2026-02-19 18:15:21','0','127.0.0.1','curl/8.14.1'),
('39cbfeac6a2cf8a8f4bfef98e3cc8767','csrf|a:2:{s:5:\"token\";s:40:\"6f62b2a8649bbd53991c572d5cca415095620d43\";s:4:\"time\";i:1771622546;}_auth|a:1:{s:5:\"staff\";N;}','2026-02-21 22:22:26','2026-02-20 22:22:26','0','192.168.194.181','Mozilla/5.0 (Windows NT 10.0; Win64; x64; rv:147.0) Gecko/20100101 Firefox/147.0'),
('3c08102ad18f597a44130b82259af023','csrf|a:2:{s:5:\"token\";s:40:\"fe23148dd034c93c60a8ff307bea88aac01076d6\";s:4:\"time\";i:1771615346;}_auth|a:1:{s:5:\"staff\";N;}','2026-02-21 20:22:26','2026-02-20 20:22:26','0','192.168.194.181','Mozilla/5.0 (Windows NT 10.0; Win64; x64; rv:147.0) Gecko/20100101 Firefox/147.0'),
('3cf780bd38c3e19b7c1230365d7079fa','csrf|a:2:{s:5:\"token\";s:40:\"8ef7c0d6d81d6a8853f46cca6a923687954512ae\";s:4:\"time\";i:1771580500;}_staff|a:1:{s:4:\"auth\";a:2:{s:4:\"dest\";s:21:\"/scp/tickets.php?id=2\";s:3:\"msg\";s:23:\"Authentication Required\";}}_auth|a:1:{s:5:\"staff\";a:3:{s:2:\"id\";i:1;s:3:\"key\";s:14:\"local:ostadmin\";s:3:\"2fa\";N;}}:token|a:1:{s:5:\"staff\";s:76:\"fd35a45d6b54c058284fb13c723befc0:1771580495:8d91ec19a492cb0772c6acf25e9bdb0e\";}TIME_BOMB|i:1771581639;cfg:core|a:1:{s:11:\"db_timezone\";s:13:\"Europe/Berlin\";}lastcroncall|i:1771580495;::Q:T|i:1;sort|a:1:{i:1;a:2:{s:9:\"queuesort\";O:9:\"QueueSort\":7:{s:2:\"ht\";a:5:{s:2:\"id\";i:1;s:4:\"root\";N;s:4:\"name\";s:32:\"Priority + Most Recently Updated\";s:7:\"columns\";s:34:\"[\"-cdata__priority\",\"-lastupdate\"]\";s:7:\"updated\";s:19:\"2026-02-19 18:15:04\";}s:5:\"dirty\";a:0:{}s:7:\"__new__\";b:0;s:11:\"__deleted__\";b:0;s:12:\"__deferred__\";a:0:{}s:8:\"_columns\";a:2:{s:15:\"cdata__priority\";b:1;s:10:\"lastupdate\";b:1;}s:6:\"_extra\";N;}s:3:\"dir\";i:0;}}','2026-02-20 11:11:35','2026-02-20 10:43:12','1','192.168.194.181','Mozilla/5.0 (Windows NT 10.0; Win64; x64; rv:147.0) Gecko/20100101 Firefox/147.0'),
('3e51be2cfaae685b963f5810eb9c3258','csrf|a:2:{s:5:\"token\";s:40:\"377e9fb17ab4f1bc3ac3533c963c32b176b542f8\";s:4:\"time\";i:1771833380;}_auth|a:2:{s:4:\"user\";N;s:5:\"staff\";N;}_staff|a:1:{s:4:\"auth\";a:2:{s:4:\"dest\";s:5:\"/scp/\";s:3:\"msg\";s:23:\"Authentication Required\";}}','2026-02-24 08:55:28','2026-02-23 08:56:20','0','192.168.194.66','Mozilla/5.0 (Windows NT 10.0; Win64; x64; rv:147.0) Gecko/20100101 Firefox/147.0'),
('416fa766123c939f64e6917f9b1920c7','csrf|a:2:{s:5:\"token\";s:40:\"025a59858d4f50a35e66d38089b62ff722e382b6\";s:4:\"time\";i:1771542201;}_staff|a:1:{s:4:\"auth\";a:2:{s:4:\"dest\";s:16:\"/scp/plugins.php\";s:3:\"msg\";s:23:\"Authentication Required\";}}_auth|a:1:{s:5:\"staff\";a:3:{s:2:\"id\";i:1;s:3:\"key\";s:14:\"local:ostadmin\";s:3:\"2fa\";N;}}:token|a:1:{s:5:\"staff\";s:76:\"8a6dcb1960c60d627665c0bb122c021f:1771542200:8d91ec19a492cb0772c6acf25e9bdb0e\";}TIME_BOMB|i:1771543760;cfg:core|a:1:{s:11:\"db_timezone\";s:13:\"Europe/Berlin\";}lastcroncall|i:1771542201;::Q:T|i:1;sort|a:1:{i:1;a:2:{s:3:\"col\";i:4;s:3:\"dir\";i:1;}}:form-data|N;:msgs|a:0:{}:Q:users|O:8:\"QuerySet\":16:{s:5:\"model\";s:4:\"User\";s:11:\"constraints\";a:0:{}s:16:\"path_constraints\";a:0:{}s:8:\"ordering\";a:1:{i:0;s:4:\"name\";}s:7:\"related\";b:0;s:6:\"values\";a:7:{s:2:\"id\";s:2:\"id\";s:4:\"name\";s:4:\"name\";s:22:\"default_email__address\";s:22:\"default_email__address\";s:11:\"account__id\";s:11:\"account__id\";s:15:\"account__status\";s:15:\"account__status\";s:7:\"created\";s:7:\"created\";s:7:\"updated\";s:7:\"updated\";}s:5:\"defer\";a:0:{}s:10:\"aggregated\";b:0;s:11:\"annotations\";a:1:{s:12:\"ticket_count\";O:12:\"SqlAggregate\":5:{s:5:\"alias\";s:12:\"ticket_count\";s:4:\"func\";s:5:\"COUNT\";s:4:\"expr\";s:7:\"tickets\";s:8:\"distinct\";b:0;s:10:\"constraint\";b:0;}}s:5:\"extra\";a:0:{}s:8:\"distinct\";a:0:{}s:4:\"lock\";b:0;s:5:\"chain\";a:0:{}s:7:\"options\";a:0:{}s:4:\"iter\";i:2;s:8:\"compiler\";s:13:\"MySqlCompiler\";}:U:tickets|O:8:\"QuerySet\":16:{s:5:\"model\";s:6:\"Ticket\";s:11:\"constraints\";a:2:{i:0;O:1:\"Q\":3:{i:0;i:0;i:1;i:0;i:2;a:1:{s:13:\"ticket_id__in\";O:8:\"QuerySet\":16:{s:5:\"model\";s:6:\"Ticket\";s:11:\"constraints\";a:1:{i:0;O:1:\"Q\":3:{i:0;i:0;i:1;i:0;i:2;a:1:{s:7:\"user_id\";i:2;}}}s:16:\"path_constraints\";a:0:{}s:8:\"ordering\";a:0:{}s:7:\"related\";b:0;s:6:\"values\";a:1:{i:0;s:9:\"ticket_id\";}s:5:\"defer\";a:0:{}s:10:\"aggregated\";b:0;s:11:\"annotations\";a:0:{}s:5:\"extra\";a:0:{}s:8:\"distinct\";a:0:{}s:4:\"lock\";b:0;s:5:\"chain\";a:1:{i:0;a:2:{i:0;O:8:\"QuerySet\":16:{s:5:\"model\";s:6:\"Ticket\";s:11:\"constraints\";a:1:{i:0;O:1:\"Q\":3:{i:0;i:0;i:1;i:0;i:2;a:1:{s:30:\"thread__collaborators__user_id\";i:2;}}}s:16:\"path_constraints\";a:0:{}s:8:\"ordering\";a:0:{}s:7:\"related\";b:0;s:6:\"values\";a:1:{i:0;s:9:\"ticket_id\";}s:5:\"defer\";a:0:{}s:10:\"aggregated\";b:0;s:11:\"annotations\";a:0:{}s:5:\"extra\";a:0:{}s:8:\"distinct\";a:0:{}s:4:\"lock\";b:0;s:5:\"chain\";a:0:{}s:7:\"options\";a:0:{}s:4:\"iter\";i:3;s:8:\"compiler\";s:13:\"MySqlCompiler\";}i:1;b:0;}}s:7:\"options\";a:0:{}s:4:\"iter\";i:3;s:8:\"compiler\";s:13:\"MySqlCompiler\";}}}i:1;O:1:\"Q\":3:{i:0;i:0;i:1;i:2;i:2;a:3:{i:0;O:1:\"Q\":3:{i:0;i:0;i:1;i:0;i:2;a:2:{s:17:\"status__state__in\";a:2:{i:0;s:4:\"open\";i:1;s:6:\"closed\";}i:0;O:1:\"Q\":3:{i:0;i:0;i:1;i:2;i:2;a:3:{s:8:\"staff_id\";i:1;s:34:\"thread__referrals__agent__staff_id\";i:1;i:0;O:1:\"Q\":3:{i:0;i:0;i:1;i:0;i:2;a:1:{i:0;O:1:\"Q\":3:{i:0;i:0;i:1;i:0;i:2;a:2:{s:25:\"child_thread__object_type\";s:1:\"C\";s:40:\"child_thread__referrals__agent__staff_id\";i:1;}}}}}}}}i:1;O:1:\"Q\":3:{i:0;i:0;i:1;i:2;i:2;a:2:{s:11:\"dept_id__in\";a:3:{i:0;i:1;i:1;i:2;i:2;i:3;}s:31:\"thread__referrals__dept__id__in\";a:3:{i:0;i:1;i:1;i:2;i:2;i:3;}}}i:2;O:1:\"Q\":3:{i:0;i:0;i:1;i:0;i:2;a:1:{i:0;O:1:\"Q\":3:{i:0;i:0;i:1;i:0;i:2;a:2:{s:25:\"child_thread__object_type\";s:1:\"C\";s:37:\"child_thread__referrals__dept__id__in\";a:3:{i:0;i:1;i:1;i:2;i:2;i:3;}}}}}}}}s:16:\"path_constraints\";a:1:{s:4:\"lock\";a:1:{i:0;O:1:\"Q\":3:{i:0;i:0;i:1;i:0;i:2;a:1:{s:16:\"lock__expire__gt\";O:11:\"SqlFunction\":3:{s:5:\"alias\";N;s:4:\"func\";s:3:\"NOW\";s:4:\"args\";a:0:{}}}}}}s:8:\"ordering\";a:1:{i:0;s:8:\"-created\";}s:7:\"related\";b:0;s:6:\"values\";a:21:{s:8:\"staff_id\";s:8:\"staff_id\";s:16:\"staff__firstname\";s:16:\"staff__firstname\";s:15:\"staff__lastname\";s:15:\"staff__lastname\";s:10:\"team__name\";s:10:\"team__name\";s:7:\"team_id\";s:7:\"team_id\";s:13:\"lock__lock_id\";s:13:\"lock__lock_id\";s:14:\"lock__staff_id\";s:14:\"lock__staff_id\";s:9:\"isoverdue\";s:9:\"isoverdue\";s:9:\"status_id\";s:9:\"status_id\";s:12:\"status__name\";s:12:\"status__name\";s:13:\"status__state\";s:13:\"status__state\";s:6:\"number\";s:6:\"number\";s:14:\"cdata__subject\";s:14:\"cdata__subject\";s:9:\"ticket_id\";s:9:\"ticket_id\";s:6:\"source\";s:6:\"source\";s:7:\"dept_id\";s:7:\"dept_id\";s:10:\"dept__name\";s:10:\"dept__name\";s:7:\"user_id\";s:7:\"user_id\";s:28:\"user__default_email__address\";s:28:\"user__default_email__address\";s:10:\"user__name\";s:10:\"user__name\";s:10:\"lastupdate\";s:10:\"lastupdate\";}s:5:\"defer\";a:0:{}s:10:\"aggregated\";b:0;s:11:\"annotations\";a:3:{s:12:\"collab_count\";O:12:\"SqlAggregate\":5:{s:5:\"alias\";s:12:\"collab_count\";s:4:\"func\";s:5:\"COUNT\";s:4:\"expr\";s:21:\"thread__collaborators\";s:8:\"distinct\";b:1;s:10:\"constraint\";b:0;}s:16:\"attachment_count\";O:12:\"SqlAggregate\":5:{s:5:\"alias\";s:16:\"attachment_count\";s:4:\"func\";s:5:\"COUNT\";s:4:\"expr\";O:7:\"SqlCase\":5:{s:5:\"alias\";N;s:5:\"cases\";a:1:{i:0;a:2:{i:0;O:8:\"SqlField\":5:{s:5:\"alias\";N;s:8:\"operator\";N;s:8:\"operands\";N;s:5:\"level\";i:0;s:5:\"field\";s:36:\"thread__entries__attachments__inline\";}i:1;N;}}s:4:\"else\";O:8:\"SqlField\":5:{s:5:\"alias\";N;s:8:\"operator\";N;s:8:\"operands\";N;s:5:\"level\";i:0;s:5:\"field\";s:28:\"thread__entries__attachments\";}s:4:\"func\";s:4:\"CASE\";s:4:\"args\";a:0:{}}s:8:\"distinct\";b:1;s:10:\"constraint\";b:0;}s:12:\"thread_count\";O:12:\"SqlAggregate\":5:{s:5:\"alias\";s:12:\"thread_count\";s:4:\"func\";s:5:\"COUNT\";s:4:\"expr\";O:7:\"SqlCase\":5:{s:5:\"alias\";N;s:5:\"cases\";a:1:{i:0;a:2:{i:0;O:1:\"Q\":3:{i:0;i:0;i:1;i:0;i:2;a:1:{s:30:\"thread__entries__flags__hasbit\";i:4;}}i:1;N;}}s:4:\"else\";O:8:\"SqlField\":5:{s:5:\"alias\";N;s:8:\"operator\";N;s:8:\"operands\";N;s:5:\"level\";i:0;s:5:\"field\";s:19:\"thread__entries__id\";}s:4:\"func\";s:4:\"CASE\";s:4:\"args\";a:0:{}}s:8:\"distinct\";b:1;s:10:\"constraint\";b:0;}}s:5:\"extra\";a:0:{}s:8:\"distinct\";a:1:{i:0;s:9:\"ticket_id\";}s:4:\"lock\";b:0;s:5:\"chain\";a:0:{}s:7:\"options\";a:0:{}s:4:\"iter\";i:2;s:8:\"compiler\";s:13:\"MySqlCompiler\";}:cannedFiles|a:1:{i:2;s:12:\"osTicket.txt\";}::Q:A|s:0:\"\";:QA::sort|a:2:{i:0;s:7:\"created\";i:1;i:0;}:Q:tasks|O:8:\"QuerySet\":16:{s:5:\"model\";s:4:\"Task\";s:11:\"constraints\";a:2:{i:0;O:1:\"Q\":3:{i:0;i:0;i:1;i:0;i:2;a:1:{i:0;O:1:\"Q\":3:{i:0;i:0;i:1;i:0;i:2;a:1:{s:13:\"flags__hasbit\";i:1;}}}}i:1;O:1:\"Q\":3:{i:0;i:0;i:1;i:0;i:2;a:1:{i:0;O:1:\"Q\":3:{i:0;i:0;i:1;i:2;i:2;a:3:{i:0;O:1:\"Q\":3:{i:0;i:0;i:1;i:0;i:2;a:2:{s:13:\"flags__hasbit\";i:1;s:8:\"staff_id\";i:1;}}i:1;O:1:\"Q\":3:{i:0;i:0;i:1;i:0;i:2;a:2:{s:16:\"ticket__staff_id\";i:1;s:21:\"ticket__status__state\";s:4:\"open\";}}i:2;O:1:\"Q\":3:{i:0;i:0;i:1;i:0;i:2;a:1:{s:11:\"dept_id__in\";a:3:{i:0;i:1;i:1;i:2;i:2;i:3;}}}}}}}}s:16:\"path_constraints\";a:0:{}s:8:\"ordering\";a:1:{i:0;s:8:\"-created\";}s:7:\"related\";b:0;s:6:\"values\";a:14:{s:2:\"id\";s:2:\"id\";s:6:\"number\";s:6:\"number\";s:7:\"created\";s:7:\"created\";s:8:\"staff_id\";s:8:\"staff_id\";s:7:\"dept_id\";s:7:\"dept_id\";s:7:\"team_id\";s:7:\"team_id\";s:16:\"staff__firstname\";s:16:\"staff__firstname\";s:15:\"staff__lastname\";s:15:\"staff__lastname\";s:10:\"team__name\";s:10:\"team__name\";s:10:\"dept__name\";s:10:\"dept__name\";s:12:\"cdata__title\";s:12:\"cdata__title\";s:5:\"flags\";s:5:\"flags\";s:14:\"ticket__number\";s:14:\"ticket__number\";s:17:\"ticket__ticket_id\";s:17:\"ticket__ticket_id\";}s:5:\"defer\";a:0:{}s:10:\"aggregated\";b:0;s:11:\"annotations\";a:3:{s:12:\"collab_count\";O:12:\"SqlAggregate\":5:{s:5:\"alias\";s:12:\"collab_count\";s:4:\"func\";s:5:\"COUNT\";s:4:\"expr\";s:21:\"thread__collaborators\";s:8:\"distinct\";b:1;s:10:\"constraint\";b:0;}s:16:\"attachment_count\";O:12:\"SqlAggregate\":5:{s:5:\"alias\";s:16:\"attachment_count\";s:4:\"func\";s:5:\"COUNT\";s:4:\"expr\";O:7:\"SqlCase\":5:{s:5:\"alias\";N;s:5:\"cases\";a:1:{i:0;a:2:{i:0;O:8:\"SqlField\":5:{s:5:\"alias\";N;s:8:\"operator\";N;s:8:\"operands\";N;s:5:\"level\";i:0;s:5:\"field\";s:36:\"thread__entries__attachments__inline\";}i:1;N;}}s:4:\"else\";O:8:\"SqlField\":5:{s:5:\"alias\";N;s:8:\"operator\";N;s:8:\"operands\";N;s:5:\"level\";i:0;s:5:\"field\";s:28:\"thread__entries__attachments\";}s:4:\"func\";s:4:\"CASE\";s:4:\"args\";a:0:{}}s:8:\"distinct\";b:1;s:10:\"constraint\";b:0;}s:12:\"thread_count\";O:12:\"SqlAggregate\":5:{s:5:\"alias\";s:12:\"thread_count\";s:4:\"func\";s:5:\"COUNT\";s:4:\"expr\";O:7:\"SqlCase\":5:{s:5:\"alias\";N;s:5:\"cases\";a:1:{i:0;a:2:{i:0;O:1:\"Q\":3:{i:0;i:0;i:1;i:0;i:2;a:1:{s:30:\"thread__entries__flags__hasbit\";i:4;}}i:1;N;}}s:4:\"else\";O:8:\"SqlField\":5:{s:5:\"alias\";N;s:8:\"operator\";N;s:8:\"operands\";N;s:5:\"level\";i:0;s:5:\"field\";s:19:\"thread__entries__id\";}s:4:\"func\";s:4:\"CASE\";s:4:\"args\";a:0:{}}s:8:\"distinct\";b:1;s:10:\"constraint\";b:0;}}s:5:\"extra\";a:0:{}s:8:\"distinct\";a:0:{}s:4:\"lock\";b:0;s:5:\"chain\";a:0:{}s:7:\"options\";a:0:{}s:4:\"iter\";i:2;s:8:\"compiler\";s:13:\"MySqlCompiler\";}:email|a:1:{i:3;N;}','2026-02-20 00:33:20','2026-02-20 00:03:21','1','192.168.194.181','Mozilla/5.0 (Windows NT 10.0; Win64; x64; rv:147.0) Gecko/20100101 Firefox/147.0'),
('422f4e6940d47c674e6848a0791b6901','csrf|N;','2026-02-24 18:57:57','2026-02-23 18:57:57','0','192.168.194.181','Mozilla/5.0 (Windows NT 10.0; Win64; x64; rv:147.0) Gecko/20100101 Firefox/147.0'),
('47be0a121f1e38e5f5b50eac7c2f2a6f','csrf|N;','2026-02-24 17:14:15','2026-02-23 17:14:15','0','',''),
('55fd430cac1124dae0886f78d0038596','csrf|a:2:{s:5:\"token\";s:40:\"ac1d1d6e87d58cb4ad9b390ceb79651cc7ba874d\";s:4:\"time\";i:1771862871;}_staff|a:1:{s:4:\"auth\";a:2:{s:4:\"dest\";s:5:\"/scp/\";s:3:\"msg\";s:23:\"Authentication Required\";}}_auth|a:1:{s:5:\"staff\";a:3:{s:2:\"id\";i:1;s:3:\"key\";s:14:\"local:ostadmin\";s:3:\"2fa\";N;}}:token|a:1:{s:5:\"staff\";s:76:\"6085670cbc88f4cf4efe04e00bef9ace:1771862858:837ec5754f503cfaaee0929fd48974e7\";}TIME_BOMB|i:1771862868;::Q:T|i:1;sort|a:1:{i:1;a:2:{s:9:\"queuesort\";O:9:\"QueueSort\":7:{s:2:\"ht\";a:5:{s:2:\"id\";i:1;s:4:\"root\";N;s:4:\"name\";s:32:\"Priority + Most Recently Updated\";s:7:\"columns\";s:34:\"[\"-cdata__priority\",\"-lastupdate\"]\";s:7:\"updated\";s:19:\"2026-02-19 18:15:04\";}s:5:\"dirty\";a:0:{}s:7:\"__new__\";b:0;s:11:\"__deleted__\";b:0;s:12:\"__deferred__\";a:0:{}s:8:\"_columns\";a:2:{s:15:\"cdata__priority\";b:1;s:10:\"lastupdate\";b:1;}s:6:\"_extra\";N;}s:3:\"dir\";i:0;}}cfg:core|a:1:{s:11:\"db_timezone\";s:13:\"Europe/Berlin\";}lastcroncall|i:1771862859;','2026-02-24 17:07:17','2026-02-23 17:10:39','1','::1','Mozilla/5.0 (Windows NT 10.0; Win64; x64; rv:147.0) Gecko/20100101 Firefox/147.0'),
('56d4ac9bcd8111471ba7c9f31797c075','csrf|a:2:{s:5:\"token\";s:40:\"8cd8c1be2c56deb6b5ec244ce844f4aabc4ff002\";s:4:\"time\";i:1771521320;}','2026-02-20 18:15:20','2026-02-19 18:15:20','0','127.0.0.1','curl/8.14.1'),
('591998b8c0c9b2ab7c4b618b10897136','csrf|N;','2026-02-24 17:15:56','2026-02-23 17:15:56','0','',''),
('6997854ee5e6fca6e416b1d21832a7c0','csrf|a:2:{s:5:\"token\";s:40:\"025a59858d4f50a35e66d38089b62ff722e382b6\";s:4:\"time\";i:1771541949;}_staff|a:1:{s:4:\"auth\";a:2:{s:4:\"dest\";s:16:\"/scp/plugins.php\";s:3:\"msg\";s:23:\"Authentication Required\";}}_auth|a:1:{s:5:\"staff\";a:3:{s:2:\"id\";i:1;s:3:\"key\";s:14:\"local:ostadmin\";s:3:\"2fa\";N;}}:token|a:1:{s:5:\"staff\";s:76:\"471e513e43f14ec58e356c5b5b2888f2:1771541948:8d91ec19a492cb0772c6acf25e9bdb0e\";}TIME_BOMB|i:1771541955;cfg:core|a:1:{s:11:\"db_timezone\";s:13:\"Europe/Berlin\";}lastcroncall|i:1771541536;::Q:T|i:1;sort|a:1:{i:1;a:2:{s:3:\"col\";i:4;s:3:\"dir\";i:1;}}:form-data|N;:msgs|a:0:{}:Q:users|O:8:\"QuerySet\":16:{s:5:\"model\";s:4:\"User\";s:11:\"constraints\";a:0:{}s:16:\"path_constraints\";a:0:{}s:8:\"ordering\";a:1:{i:0;s:4:\"name\";}s:7:\"related\";b:0;s:6:\"values\";a:7:{s:2:\"id\";s:2:\"id\";s:4:\"name\";s:4:\"name\";s:22:\"default_email__address\";s:22:\"default_email__address\";s:11:\"account__id\";s:11:\"account__id\";s:15:\"account__status\";s:15:\"account__status\";s:7:\"created\";s:7:\"created\";s:7:\"updated\";s:7:\"updated\";}s:5:\"defer\";a:0:{}s:10:\"aggregated\";b:0;s:11:\"annotations\";a:1:{s:12:\"ticket_count\";O:12:\"SqlAggregate\":5:{s:5:\"alias\";s:12:\"ticket_count\";s:4:\"func\";s:5:\"COUNT\";s:4:\"expr\";s:7:\"tickets\";s:8:\"distinct\";b:0;s:10:\"constraint\";b:0;}}s:5:\"extra\";a:0:{}s:8:\"distinct\";a:0:{}s:4:\"lock\";b:0;s:5:\"chain\";a:0:{}s:7:\"options\";a:0:{}s:4:\"iter\";i:2;s:8:\"compiler\";s:13:\"MySqlCompiler\";}:U:tickets|O:8:\"QuerySet\":16:{s:5:\"model\";s:6:\"Ticket\";s:11:\"constraints\";a:2:{i:0;O:1:\"Q\":3:{i:0;i:0;i:1;i:0;i:2;a:1:{s:13:\"ticket_id__in\";O:8:\"QuerySet\":16:{s:5:\"model\";s:6:\"Ticket\";s:11:\"constraints\";a:1:{i:0;O:1:\"Q\":3:{i:0;i:0;i:1;i:0;i:2;a:1:{s:7:\"user_id\";i:2;}}}s:16:\"path_constraints\";a:0:{}s:8:\"ordering\";a:0:{}s:7:\"related\";b:0;s:6:\"values\";a:1:{i:0;s:9:\"ticket_id\";}s:5:\"defer\";a:0:{}s:10:\"aggregated\";b:0;s:11:\"annotations\";a:0:{}s:5:\"extra\";a:0:{}s:8:\"distinct\";a:0:{}s:4:\"lock\";b:0;s:5:\"chain\";a:1:{i:0;a:2:{i:0;O:8:\"QuerySet\":16:{s:5:\"model\";s:6:\"Ticket\";s:11:\"constraints\";a:1:{i:0;O:1:\"Q\":3:{i:0;i:0;i:1;i:0;i:2;a:1:{s:30:\"thread__collaborators__user_id\";i:2;}}}s:16:\"path_constraints\";a:0:{}s:8:\"ordering\";a:0:{}s:7:\"related\";b:0;s:6:\"values\";a:1:{i:0;s:9:\"ticket_id\";}s:5:\"defer\";a:0:{}s:10:\"aggregated\";b:0;s:11:\"annotations\";a:0:{}s:5:\"extra\";a:0:{}s:8:\"distinct\";a:0:{}s:4:\"lock\";b:0;s:5:\"chain\";a:0:{}s:7:\"options\";a:0:{}s:4:\"iter\";i:3;s:8:\"compiler\";s:13:\"MySqlCompiler\";}i:1;b:0;}}s:7:\"options\";a:0:{}s:4:\"iter\";i:3;s:8:\"compiler\";s:13:\"MySqlCompiler\";}}}i:1;O:1:\"Q\":3:{i:0;i:0;i:1;i:2;i:2;a:3:{i:0;O:1:\"Q\":3:{i:0;i:0;i:1;i:0;i:2;a:2:{s:17:\"status__state__in\";a:2:{i:0;s:4:\"open\";i:1;s:6:\"closed\";}i:0;O:1:\"Q\":3:{i:0;i:0;i:1;i:2;i:2;a:3:{s:8:\"staff_id\";i:1;s:34:\"thread__referrals__agent__staff_id\";i:1;i:0;O:1:\"Q\":3:{i:0;i:0;i:1;i:0;i:2;a:1:{i:0;O:1:\"Q\":3:{i:0;i:0;i:1;i:0;i:2;a:2:{s:25:\"child_thread__object_type\";s:1:\"C\";s:40:\"child_thread__referrals__agent__staff_id\";i:1;}}}}}}}}i:1;O:1:\"Q\":3:{i:0;i:0;i:1;i:2;i:2;a:2:{s:11:\"dept_id__in\";a:3:{i:0;i:1;i:1;i:2;i:2;i:3;}s:31:\"thread__referrals__dept__id__in\";a:3:{i:0;i:1;i:1;i:2;i:2;i:3;}}}i:2;O:1:\"Q\":3:{i:0;i:0;i:1;i:0;i:2;a:1:{i:0;O:1:\"Q\":3:{i:0;i:0;i:1;i:0;i:2;a:2:{s:25:\"child_thread__object_type\";s:1:\"C\";s:37:\"child_thread__referrals__dept__id__in\";a:3:{i:0;i:1;i:1;i:2;i:2;i:3;}}}}}}}}s:16:\"path_constraints\";a:1:{s:4:\"lock\";a:1:{i:0;O:1:\"Q\":3:{i:0;i:0;i:1;i:0;i:2;a:1:{s:16:\"lock__expire__gt\";O:11:\"SqlFunction\":3:{s:5:\"alias\";N;s:4:\"func\";s:3:\"NOW\";s:4:\"args\";a:0:{}}}}}}s:8:\"ordering\";a:1:{i:0;s:8:\"-created\";}s:7:\"related\";b:0;s:6:\"values\";a:21:{s:8:\"staff_id\";s:8:\"staff_id\";s:16:\"staff__firstname\";s:16:\"staff__firstname\";s:15:\"staff__lastname\";s:15:\"staff__lastname\";s:10:\"team__name\";s:10:\"team__name\";s:7:\"team_id\";s:7:\"team_id\";s:13:\"lock__lock_id\";s:13:\"lock__lock_id\";s:14:\"lock__staff_id\";s:14:\"lock__staff_id\";s:9:\"isoverdue\";s:9:\"isoverdue\";s:9:\"status_id\";s:9:\"status_id\";s:12:\"status__name\";s:12:\"status__name\";s:13:\"status__state\";s:13:\"status__state\";s:6:\"number\";s:6:\"number\";s:14:\"cdata__subject\";s:14:\"cdata__subject\";s:9:\"ticket_id\";s:9:\"ticket_id\";s:6:\"source\";s:6:\"source\";s:7:\"dept_id\";s:7:\"dept_id\";s:10:\"dept__name\";s:10:\"dept__name\";s:7:\"user_id\";s:7:\"user_id\";s:28:\"user__default_email__address\";s:28:\"user__default_email__address\";s:10:\"user__name\";s:10:\"user__name\";s:10:\"lastupdate\";s:10:\"lastupdate\";}s:5:\"defer\";a:0:{}s:10:\"aggregated\";b:0;s:11:\"annotations\";a:3:{s:12:\"collab_count\";O:12:\"SqlAggregate\":5:{s:5:\"alias\";s:12:\"collab_count\";s:4:\"func\";s:5:\"COUNT\";s:4:\"expr\";s:21:\"thread__collaborators\";s:8:\"distinct\";b:1;s:10:\"constraint\";b:0;}s:16:\"attachment_count\";O:12:\"SqlAggregate\":5:{s:5:\"alias\";s:16:\"attachment_count\";s:4:\"func\";s:5:\"COUNT\";s:4:\"expr\";O:7:\"SqlCase\":5:{s:5:\"alias\";N;s:5:\"cases\";a:1:{i:0;a:2:{i:0;O:8:\"SqlField\":5:{s:5:\"alias\";N;s:8:\"operator\";N;s:8:\"operands\";N;s:5:\"level\";i:0;s:5:\"field\";s:36:\"thread__entries__attachments__inline\";}i:1;N;}}s:4:\"else\";O:8:\"SqlField\":5:{s:5:\"alias\";N;s:8:\"operator\";N;s:8:\"operands\";N;s:5:\"level\";i:0;s:5:\"field\";s:28:\"thread__entries__attachments\";}s:4:\"func\";s:4:\"CASE\";s:4:\"args\";a:0:{}}s:8:\"distinct\";b:1;s:10:\"constraint\";b:0;}s:12:\"thread_count\";O:12:\"SqlAggregate\":5:{s:5:\"alias\";s:12:\"thread_count\";s:4:\"func\";s:5:\"COUNT\";s:4:\"expr\";O:7:\"SqlCase\":5:{s:5:\"alias\";N;s:5:\"cases\";a:1:{i:0;a:2:{i:0;O:1:\"Q\":3:{i:0;i:0;i:1;i:0;i:2;a:1:{s:30:\"thread__entries__flags__hasbit\";i:4;}}i:1;N;}}s:4:\"else\";O:8:\"SqlField\":5:{s:5:\"alias\";N;s:8:\"operator\";N;s:8:\"operands\";N;s:5:\"level\";i:0;s:5:\"field\";s:19:\"thread__entries__id\";}s:4:\"func\";s:4:\"CASE\";s:4:\"args\";a:0:{}}s:8:\"distinct\";b:1;s:10:\"constraint\";b:0;}}s:5:\"extra\";a:0:{}s:8:\"distinct\";a:1:{i:0;s:9:\"ticket_id\";}s:4:\"lock\";b:0;s:5:\"chain\";a:0:{}s:7:\"options\";a:0:{}s:4:\"iter\";i:2;s:8:\"compiler\";s:13:\"MySqlCompiler\";}:cannedFiles|a:1:{i:2;s:12:\"osTicket.txt\";}::Q:A|s:0:\"\";:QA::sort|a:2:{i:0;s:7:\"created\";i:1;i:0;}:Q:tasks|O:8:\"QuerySet\":16:{s:5:\"model\";s:4:\"Task\";s:11:\"constraints\";a:2:{i:0;O:1:\"Q\":3:{i:0;i:0;i:1;i:0;i:2;a:1:{i:0;O:1:\"Q\":3:{i:0;i:0;i:1;i:0;i:2;a:1:{s:13:\"flags__hasbit\";i:1;}}}}i:1;O:1:\"Q\":3:{i:0;i:0;i:1;i:0;i:2;a:1:{i:0;O:1:\"Q\":3:{i:0;i:0;i:1;i:2;i:2;a:3:{i:0;O:1:\"Q\":3:{i:0;i:0;i:1;i:0;i:2;a:2:{s:13:\"flags__hasbit\";i:1;s:8:\"staff_id\";i:1;}}i:1;O:1:\"Q\":3:{i:0;i:0;i:1;i:0;i:2;a:2:{s:16:\"ticket__staff_id\";i:1;s:21:\"ticket__status__state\";s:4:\"open\";}}i:2;O:1:\"Q\":3:{i:0;i:0;i:1;i:0;i:2;a:1:{s:11:\"dept_id__in\";a:3:{i:0;i:1;i:1;i:2;i:2;i:3;}}}}}}}}s:16:\"path_constraints\";a:0:{}s:8:\"ordering\";a:1:{i:0;s:8:\"-created\";}s:7:\"related\";b:0;s:6:\"values\";a:14:{s:2:\"id\";s:2:\"id\";s:6:\"number\";s:6:\"number\";s:7:\"created\";s:7:\"created\";s:8:\"staff_id\";s:8:\"staff_id\";s:7:\"dept_id\";s:7:\"dept_id\";s:7:\"team_id\";s:7:\"team_id\";s:16:\"staff__firstname\";s:16:\"staff__firstname\";s:15:\"staff__lastname\";s:15:\"staff__lastname\";s:10:\"team__name\";s:10:\"team__name\";s:10:\"dept__name\";s:10:\"dept__name\";s:12:\"cdata__title\";s:12:\"cdata__title\";s:5:\"flags\";s:5:\"flags\";s:14:\"ticket__number\";s:14:\"ticket__number\";s:17:\"ticket__ticket_id\";s:17:\"ticket__ticket_id\";}s:5:\"defer\";a:0:{}s:10:\"aggregated\";b:0;s:11:\"annotations\";a:3:{s:12:\"collab_count\";O:12:\"SqlAggregate\":5:{s:5:\"alias\";s:12:\"collab_count\";s:4:\"func\";s:5:\"COUNT\";s:4:\"expr\";s:21:\"thread__collaborators\";s:8:\"distinct\";b:1;s:10:\"constraint\";b:0;}s:16:\"attachment_count\";O:12:\"SqlAggregate\":5:{s:5:\"alias\";s:16:\"attachment_count\";s:4:\"func\";s:5:\"COUNT\";s:4:\"expr\";O:7:\"SqlCase\":5:{s:5:\"alias\";N;s:5:\"cases\";a:1:{i:0;a:2:{i:0;O:8:\"SqlField\":5:{s:5:\"alias\";N;s:8:\"operator\";N;s:8:\"operands\";N;s:5:\"level\";i:0;s:5:\"field\";s:36:\"thread__entries__attachments__inline\";}i:1;N;}}s:4:\"else\";O:8:\"SqlField\":5:{s:5:\"alias\";N;s:8:\"operator\";N;s:8:\"operands\";N;s:5:\"level\";i:0;s:5:\"field\";s:28:\"thread__entries__attachments\";}s:4:\"func\";s:4:\"CASE\";s:4:\"args\";a:0:{}}s:8:\"distinct\";b:1;s:10:\"constraint\";b:0;}s:12:\"thread_count\";O:12:\"SqlAggregate\":5:{s:5:\"alias\";s:12:\"thread_count\";s:4:\"func\";s:5:\"COUNT\";s:4:\"expr\";O:7:\"SqlCase\":5:{s:5:\"alias\";N;s:5:\"cases\";a:1:{i:0;a:2:{i:0;O:1:\"Q\":3:{i:0;i:0;i:1;i:0;i:2;a:1:{s:30:\"thread__entries__flags__hasbit\";i:4;}}i:1;N;}}s:4:\"else\";O:8:\"SqlField\":5:{s:5:\"alias\";N;s:8:\"operator\";N;s:8:\"operands\";N;s:5:\"level\";i:0;s:5:\"field\";s:19:\"thread__entries__id\";}s:4:\"func\";s:4:\"CASE\";s:4:\"args\";a:0:{}}s:8:\"distinct\";b:1;s:10:\"constraint\";b:0;}}s:5:\"extra\";a:0:{}s:8:\"distinct\";a:0:{}s:4:\"lock\";b:0;s:5:\"chain\";a:0:{}s:7:\"options\";a:0:{}s:4:\"iter\";i:2;s:8:\"compiler\";s:13:\"MySqlCompiler\";}:email|a:1:{i:3;N;}TTD|i:1771542080;','2026-02-20 00:01:20','2026-02-19 23:59:20','1','192.168.194.181','Mozilla/5.0 (Windows NT 10.0; Win64; x64; rv:147.0) Gecko/20100101 Firefox/147.0'),
('6db0c4d17d03033304519dddcac72c84','csrf|a:2:{s:5:\"token\";s:40:\"badccc12c22385d51e540d450e3f0939709b72ab\";s:4:\"time\";i:1771524155;}','2026-02-20 19:02:35','2026-02-19 19:02:35','0','127.0.0.1','curl/8.14.1'),
('6f0d81c4545b1af22c1477e4d7c8908e','csrf|a:2:{s:5:\"token\";s:40:\"611aeec3c303bf94757c46873be8b72e911e3216\";s:4:\"time\";i:1771837384;}_staff|a:1:{s:4:\"auth\";a:1:{s:3:\"msg\";s:25:\"Valid CSRF Token Required\";}}_auth|a:1:{s:5:\"staff\";a:3:{s:2:\"id\";i:2;s:3:\"key\";s:12:\"local:admin2\";s:3:\"2fa\";N;}}:token|a:1:{s:5:\"staff\";s:76:\"7526e739d734eee7d675b6d23940dd71:1771837377:92e59810084a6bba80b205f4a6abe473\";}TIME_BOMB|i:1771838444;::Q:T|i:1;sort|a:1:{i:1;a:2:{s:9:\"queuesort\";O:9:\"QueueSort\":7:{s:2:\"ht\";a:5:{s:2:\"id\";i:1;s:4:\"root\";N;s:4:\"name\";s:32:\"Priority + Most Recently Updated\";s:7:\"columns\";s:34:\"[\"-cdata__priority\",\"-lastupdate\"]\";s:7:\"updated\";s:19:\"2026-02-19 18:15:04\";}s:5:\"dirty\";a:0:{}s:7:\"__new__\";b:0;s:11:\"__deleted__\";b:0;s:12:\"__deferred__\";a:0:{}s:8:\"_columns\";a:2:{s:15:\"cdata__priority\";b:1;s:10:\"lastupdate\";b:1;}s:6:\"_extra\";N;}s:3:\"dir\";i:0;}}cfg:core|a:1:{s:11:\"db_timezone\";s:13:\"Europe/Berlin\";}lastcroncall|i:1771836810;','2026-02-23 10:32:57','2026-02-23 10:03:04','2','192.168.194.66','Mozilla/5.0 (Windows NT 10.0; Win64; x64; rv:147.0) Gecko/20100101 Firefox/147.0'),
('730fe2ccc13f9ea5f01fc0800e84a37b','csrf|a:2:{s:5:\"token\";s:40:\"6299f2209b7918a484f0c7590e13dd5897491755\";s:4:\"time\";i:1771521393;}','2026-02-20 18:16:33','2026-02-19 18:16:33','0','127.0.0.1','curl/8.14.1'),
('745b89a8caa27ab0f265fb4a2f93bd33','csrf|a:2:{s:5:\"token\";s:40:\"611aeec3c303bf94757c46873be8b72e911e3216\";s:4:\"time\";i:1771836636;}_staff|a:1:{s:4:\"auth\";a:1:{s:3:\"msg\";s:25:\"Valid CSRF Token Required\";}}_auth|a:1:{s:5:\"staff\";a:3:{s:2:\"id\";i:2;s:3:\"key\";s:12:\"local:admin2\";s:3:\"2fa\";N;}}:token|a:1:{s:5:\"staff\";s:76:\"b180330e905da5975d3c1ce86fd99a62:1771836612:92e59810084a6bba80b205f4a6abe473\";}TIME_BOMB|i:1771836622;TTD|i:1771836764;','2026-02-23 09:52:44','2026-02-23 09:50:44','2','192.168.194.66','Mozilla/5.0 (Windows NT 10.0; Win64; x64; rv:147.0) Gecko/20100101 Firefox/147.0'),
('7c5b05270cb4b6d83b5e8e6a854024bc','csrf|a:2:{s:5:\"token\";s:40:\"025a59858d4f50a35e66d38089b62ff722e382b6\";s:4:\"time\";i:1771540865;}_staff|a:1:{s:4:\"auth\";a:2:{s:4:\"dest\";s:16:\"/scp/plugins.php\";s:3:\"msg\";s:23:\"Authentication Required\";}}_auth|a:1:{s:5:\"staff\";a:3:{s:2:\"id\";i:1;s:3:\"key\";s:14:\"local:ostadmin\";s:3:\"2fa\";N;}}:token|a:1:{s:5:\"staff\";s:76:\"188cb3ee917ae3dca9fd12ac594e4bd3:1771540822:8d91ec19a492cb0772c6acf25e9bdb0e\";}TIME_BOMB|i:1771541955;cfg:core|a:1:{s:11:\"db_timezone\";s:13:\"Europe/Berlin\";}lastcroncall|i:1771540750;::Q:T|i:1;sort|a:1:{i:1;a:2:{s:9:\"queuesort\";O:9:\"QueueSort\":7:{s:2:\"ht\";a:5:{s:2:\"id\";i:1;s:4:\"root\";N;s:4:\"name\";s:32:\"Priority + Most Recently Updated\";s:7:\"columns\";s:34:\"[\"-cdata__priority\",\"-lastupdate\"]\";s:7:\"updated\";s:19:\"2026-02-19 18:15:04\";}s:5:\"dirty\";a:0:{}s:7:\"__new__\";b:0;s:11:\"__deleted__\";b:0;s:12:\"__deferred__\";a:0:{}s:8:\"_columns\";a:2:{s:15:\"cdata__priority\";b:1;s:10:\"lastupdate\";b:1;}s:6:\"_extra\";N;}s:3:\"dir\";i:0;}}:form-data|N;:msgs|a:0:{}:Q:users|O:8:\"QuerySet\":16:{s:5:\"model\";s:4:\"User\";s:11:\"constraints\";a:0:{}s:16:\"path_constraints\";a:0:{}s:8:\"ordering\";a:1:{i:0;s:4:\"name\";}s:7:\"related\";b:0;s:6:\"values\";a:7:{s:2:\"id\";s:2:\"id\";s:4:\"name\";s:4:\"name\";s:22:\"default_email__address\";s:22:\"default_email__address\";s:11:\"account__id\";s:11:\"account__id\";s:15:\"account__status\";s:15:\"account__status\";s:7:\"created\";s:7:\"created\";s:7:\"updated\";s:7:\"updated\";}s:5:\"defer\";a:0:{}s:10:\"aggregated\";b:0;s:11:\"annotations\";a:1:{s:12:\"ticket_count\";O:12:\"SqlAggregate\":5:{s:5:\"alias\";s:12:\"ticket_count\";s:4:\"func\";s:5:\"COUNT\";s:4:\"expr\";s:7:\"tickets\";s:8:\"distinct\";b:0;s:10:\"constraint\";b:0;}}s:5:\"extra\";a:0:{}s:8:\"distinct\";a:0:{}s:4:\"lock\";b:0;s:5:\"chain\";a:0:{}s:7:\"options\";a:0:{}s:4:\"iter\";i:2;s:8:\"compiler\";s:13:\"MySqlCompiler\";}:U:tickets|O:8:\"QuerySet\":16:{s:5:\"model\";s:6:\"Ticket\";s:11:\"constraints\";a:2:{i:0;O:1:\"Q\":3:{i:0;i:0;i:1;i:0;i:2;a:1:{s:13:\"ticket_id__in\";O:8:\"QuerySet\":16:{s:5:\"model\";s:6:\"Ticket\";s:11:\"constraints\";a:1:{i:0;O:1:\"Q\":3:{i:0;i:0;i:1;i:0;i:2;a:1:{s:7:\"user_id\";i:2;}}}s:16:\"path_constraints\";a:0:{}s:8:\"ordering\";a:0:{}s:7:\"related\";b:0;s:6:\"values\";a:1:{i:0;s:9:\"ticket_id\";}s:5:\"defer\";a:0:{}s:10:\"aggregated\";b:0;s:11:\"annotations\";a:0:{}s:5:\"extra\";a:0:{}s:8:\"distinct\";a:0:{}s:4:\"lock\";b:0;s:5:\"chain\";a:1:{i:0;a:2:{i:0;O:8:\"QuerySet\":16:{s:5:\"model\";s:6:\"Ticket\";s:11:\"constraints\";a:1:{i:0;O:1:\"Q\":3:{i:0;i:0;i:1;i:0;i:2;a:1:{s:30:\"thread__collaborators__user_id\";i:2;}}}s:16:\"path_constraints\";a:0:{}s:8:\"ordering\";a:0:{}s:7:\"related\";b:0;s:6:\"values\";a:1:{i:0;s:9:\"ticket_id\";}s:5:\"defer\";a:0:{}s:10:\"aggregated\";b:0;s:11:\"annotations\";a:0:{}s:5:\"extra\";a:0:{}s:8:\"distinct\";a:0:{}s:4:\"lock\";b:0;s:5:\"chain\";a:0:{}s:7:\"options\";a:0:{}s:4:\"iter\";i:3;s:8:\"compiler\";s:13:\"MySqlCompiler\";}i:1;b:0;}}s:7:\"options\";a:0:{}s:4:\"iter\";i:3;s:8:\"compiler\";s:13:\"MySqlCompiler\";}}}i:1;O:1:\"Q\":3:{i:0;i:0;i:1;i:2;i:2;a:3:{i:0;O:1:\"Q\":3:{i:0;i:0;i:1;i:0;i:2;a:2:{s:17:\"status__state__in\";a:2:{i:0;s:4:\"open\";i:1;s:6:\"closed\";}i:0;O:1:\"Q\":3:{i:0;i:0;i:1;i:2;i:2;a:3:{s:8:\"staff_id\";i:1;s:34:\"thread__referrals__agent__staff_id\";i:1;i:0;O:1:\"Q\":3:{i:0;i:0;i:1;i:0;i:2;a:1:{i:0;O:1:\"Q\":3:{i:0;i:0;i:1;i:0;i:2;a:2:{s:25:\"child_thread__object_type\";s:1:\"C\";s:40:\"child_thread__referrals__agent__staff_id\";i:1;}}}}}}}}i:1;O:1:\"Q\":3:{i:0;i:0;i:1;i:2;i:2;a:2:{s:11:\"dept_id__in\";a:3:{i:0;i:1;i:1;i:2;i:2;i:3;}s:31:\"thread__referrals__dept__id__in\";a:3:{i:0;i:1;i:1;i:2;i:2;i:3;}}}i:2;O:1:\"Q\":3:{i:0;i:0;i:1;i:0;i:2;a:1:{i:0;O:1:\"Q\":3:{i:0;i:0;i:1;i:0;i:2;a:2:{s:25:\"child_thread__object_type\";s:1:\"C\";s:37:\"child_thread__referrals__dept__id__in\";a:3:{i:0;i:1;i:1;i:2;i:2;i:3;}}}}}}}}s:16:\"path_constraints\";a:1:{s:4:\"lock\";a:1:{i:0;O:1:\"Q\":3:{i:0;i:0;i:1;i:0;i:2;a:1:{s:16:\"lock__expire__gt\";O:11:\"SqlFunction\":3:{s:5:\"alias\";N;s:4:\"func\";s:3:\"NOW\";s:4:\"args\";a:0:{}}}}}}s:8:\"ordering\";a:1:{i:0;s:8:\"-created\";}s:7:\"related\";b:0;s:6:\"values\";a:21:{s:8:\"staff_id\";s:8:\"staff_id\";s:16:\"staff__firstname\";s:16:\"staff__firstname\";s:15:\"staff__lastname\";s:15:\"staff__lastname\";s:10:\"team__name\";s:10:\"team__name\";s:7:\"team_id\";s:7:\"team_id\";s:13:\"lock__lock_id\";s:13:\"lock__lock_id\";s:14:\"lock__staff_id\";s:14:\"lock__staff_id\";s:9:\"isoverdue\";s:9:\"isoverdue\";s:9:\"status_id\";s:9:\"status_id\";s:12:\"status__name\";s:12:\"status__name\";s:13:\"status__state\";s:13:\"status__state\";s:6:\"number\";s:6:\"number\";s:14:\"cdata__subject\";s:14:\"cdata__subject\";s:9:\"ticket_id\";s:9:\"ticket_id\";s:6:\"source\";s:6:\"source\";s:7:\"dept_id\";s:7:\"dept_id\";s:10:\"dept__name\";s:10:\"dept__name\";s:7:\"user_id\";s:7:\"user_id\";s:28:\"user__default_email__address\";s:28:\"user__default_email__address\";s:10:\"user__name\";s:10:\"user__name\";s:10:\"lastupdate\";s:10:\"lastupdate\";}s:5:\"defer\";a:0:{}s:10:\"aggregated\";b:0;s:11:\"annotations\";a:3:{s:12:\"collab_count\";O:12:\"SqlAggregate\":5:{s:5:\"alias\";s:12:\"collab_count\";s:4:\"func\";s:5:\"COUNT\";s:4:\"expr\";s:21:\"thread__collaborators\";s:8:\"distinct\";b:1;s:10:\"constraint\";b:0;}s:16:\"attachment_count\";O:12:\"SqlAggregate\":5:{s:5:\"alias\";s:16:\"attachment_count\";s:4:\"func\";s:5:\"COUNT\";s:4:\"expr\";O:7:\"SqlCase\":5:{s:5:\"alias\";N;s:5:\"cases\";a:1:{i:0;a:2:{i:0;O:8:\"SqlField\":5:{s:5:\"alias\";N;s:8:\"operator\";N;s:8:\"operands\";N;s:5:\"level\";i:0;s:5:\"field\";s:36:\"thread__entries__attachments__inline\";}i:1;N;}}s:4:\"else\";O:8:\"SqlField\":5:{s:5:\"alias\";N;s:8:\"operator\";N;s:8:\"operands\";N;s:5:\"level\";i:0;s:5:\"field\";s:28:\"thread__entries__attachments\";}s:4:\"func\";s:4:\"CASE\";s:4:\"args\";a:0:{}}s:8:\"distinct\";b:1;s:10:\"constraint\";b:0;}s:12:\"thread_count\";O:12:\"SqlAggregate\":5:{s:5:\"alias\";s:12:\"thread_count\";s:4:\"func\";s:5:\"COUNT\";s:4:\"expr\";O:7:\"SqlCase\":5:{s:5:\"alias\";N;s:5:\"cases\";a:1:{i:0;a:2:{i:0;O:1:\"Q\":3:{i:0;i:0;i:1;i:0;i:2;a:1:{s:30:\"thread__entries__flags__hasbit\";i:4;}}i:1;N;}}s:4:\"else\";O:8:\"SqlField\":5:{s:5:\"alias\";N;s:8:\"operator\";N;s:8:\"operands\";N;s:5:\"level\";i:0;s:5:\"field\";s:19:\"thread__entries__id\";}s:4:\"func\";s:4:\"CASE\";s:4:\"args\";a:0:{}}s:8:\"distinct\";b:1;s:10:\"constraint\";b:0;}}s:5:\"extra\";a:0:{}s:8:\"distinct\";a:1:{i:0;s:9:\"ticket_id\";}s:4:\"lock\";b:0;s:5:\"chain\";a:0:{}s:7:\"options\";a:0:{}s:4:\"iter\";i:2;s:8:\"compiler\";s:13:\"MySqlCompiler\";}:cannedFiles|a:1:{i:2;s:12:\"osTicket.txt\";}TTD|i:1771540985;','2026-02-19 23:43:05','2026-02-19 23:41:05','1','192.168.194.181','Mozilla/5.0 (Windows NT 10.0; Win64; x64; rv:147.0) Gecko/20100101 Firefox/147.0'),
('7c7556da9e30cec52af249793493970e','csrf|a:2:{s:5:\"token\";s:40:\"6d72b02a5218fd2a1c71f2d84dbcd16b3647bec4\";s:4:\"time\";i:1771581489;}_staff|a:1:{s:4:\"auth\";a:2:{s:4:\"dest\";s:21:\"/scp/tickets.php?id=1\";s:3:\"msg\";s:23:\"Authentication Required\";}}_auth|a:1:{s:5:\"staff\";a:3:{s:2:\"id\";i:1;s:3:\"key\";s:14:\"local:ostadmin\";s:3:\"2fa\";N;}}:token|a:1:{s:5:\"staff\";s:76:\"93a54e4464e22487db04e7d02d2bf21d:1771581479:8d91ec19a492cb0772c6acf25e9bdb0e\";}TIME_BOMB|i:1771583277;cfg:core|a:1:{s:11:\"db_timezone\";s:13:\"Europe/Berlin\";}lastcroncall|i:1771581373;','2026-02-20 11:27:59','2026-02-20 10:58:09','1','192.168.194.181','Mozilla/5.0 (Windows NT 10.0; Win64; x64; rv:147.0) Gecko/20100101 Firefox/147.0'),
('7dfe7a97a02b6acc00dbef47c134ddcf','csrf|a:2:{s:5:\"token\";s:40:\"6271d8f663a726a704826933722fb853a5b2c4f1\";s:4:\"time\";i:1771860504;}_auth|a:1:{s:5:\"staff\";a:3:{s:2:\"id\";i:1;s:3:\"key\";s:14:\"local:ostadmin\";s:3:\"2fa\";N;}}:token|a:1:{s:5:\"staff\";s:76:\"551516e517fcca229b061915c5d1a6d7:1771860495:8d91ec19a492cb0772c6acf25e9bdb0e\";}TIME_BOMB|i:1771861800;::Q:T|i:5;sort|a:2:{i:1;a:2:{s:9:\"queuesort\";O:9:\"QueueSort\":7:{s:2:\"ht\";a:5:{s:2:\"id\";i:1;s:4:\"root\";N;s:4:\"name\";s:32:\"Priority + Most Recently Updated\";s:7:\"columns\";s:34:\"[\"-cdata__priority\",\"-lastupdate\"]\";s:7:\"updated\";s:19:\"2026-02-19 18:15:04\";}s:5:\"dirty\";a:0:{}s:7:\"__new__\";b:0;s:11:\"__deleted__\";b:0;s:12:\"__deferred__\";a:0:{}s:8:\"_columns\";a:2:{s:15:\"cdata__priority\";b:1;s:10:\"lastupdate\";b:1;}s:6:\"_extra\";N;}s:3:\"dir\";i:0;}i:5;a:2:{s:9:\"queuesort\";O:9:\"QueueSort\":7:{s:2:\"ht\";a:5:{s:2:\"id\";i:3;s:4:\"root\";N;s:4:\"name\";s:19:\"Priority + Due Date\";s:7:\"columns\";s:35:\"[\"-cdata__priority\",\"-est_duedate\"]\";s:7:\"updated\";s:19:\"2026-02-19 18:15:04\";}s:5:\"dirty\";a:0:{}s:7:\"__new__\";b:0;s:11:\"__deleted__\";b:0;s:12:\"__deferred__\";a:0:{}s:8:\"_columns\";a:2:{s:15:\"cdata__priority\";b:1;s:11:\"est_duedate\";b:1;}s:6:\"_extra\";N;}s:3:\"dir\";i:0;}}cfg:core|a:1:{s:11:\"db_timezone\";s:13:\"Europe/Berlin\";}lastcroncall|i:1771860213;:form-data|N;:msgs|a:0:{}','2026-02-23 16:58:15','2026-02-23 16:28:24','1','192.168.194.181','Mozilla/5.0 (Windows NT 10.0; Win64; x64; rv:147.0) Gecko/20100101 Firefox/147.0'),
('7e7ac9f01ad408a7bf7f69f01d92fb29','csrf|a:2:{s:5:\"token\";s:40:\"0ff39f020437806c3554b5936aa762e094660eb1\";s:4:\"time\";i:1771524846;}','2026-02-20 19:14:06','2026-02-19 19:14:06','0','127.0.0.1','curl/8.14.1'),
('81f58589e6aede29b0c666010bf39040','csrf|a:2:{s:5:\"token\";s:40:\"96769882da6e5c9cdfce0f2296d07341dd6dd85f\";s:4:\"time\";i:1771869512;}_staff|a:1:{s:4:\"auth\";a:2:{s:4:\"dest\";s:21:\"/scp/tickets.php?id=5\";s:3:\"msg\";s:23:\"Authentication Required\";}}_auth|a:1:{s:5:\"staff\";a:3:{s:2:\"id\";i:1;s:3:\"key\";s:14:\"local:ostadmin\";s:3:\"2fa\";N;}}:token|a:1:{s:5:\"staff\";s:76:\"79fba49c22a736b791f2eb6f61261e91:1771869496:837ec5754f503cfaaee0929fd48974e7\";}TIME_BOMB|i:1771871308;cfg:core|a:1:{s:11:\"db_timezone\";s:13:\"Europe/Berlin\";}lastcroncall|i:1771869496;::Q:T|i:1;sort|a:1:{i:1;a:2:{s:9:\"queuesort\";O:9:\"QueueSort\":7:{s:2:\"ht\";a:5:{s:2:\"id\";i:1;s:4:\"root\";N;s:4:\"name\";s:32:\"Priority + Most Recently Updated\";s:7:\"columns\";s:34:\"[\"-cdata__priority\",\"-lastupdate\"]\";s:7:\"updated\";s:19:\"2026-02-19 18:15:04\";}s:5:\"dirty\";a:0:{}s:7:\"__new__\";b:0;s:11:\"__deleted__\";b:0;s:12:\"__deferred__\";a:0:{}s:8:\"_columns\";a:2:{s:15:\"cdata__priority\";b:1;s:10:\"lastupdate\";b:1;}s:6:\"_extra\";N;}s:3:\"dir\";i:0;}}','2026-02-23 19:28:28','2026-02-23 19:01:20','1','::1','Mozilla/5.0 (Windows NT 10.0; Win64; x64; rv:147.0) Gecko/20100101 Firefox/147.0'),
('870335b5a9c3d79c4c68de2fd7898934','csrf|a:2:{s:5:\"token\";s:40:\"457fdb981a5eb86b88c3359ffc06deeb31dc7fd6\";s:4:\"time\";i:1771629746;}_auth|a:1:{s:5:\"staff\";N;}','2026-02-22 00:22:26','2026-02-21 00:22:26','0','192.168.194.181','Mozilla/5.0 (Windows NT 10.0; Win64; x64; rv:147.0) Gecko/20100101 Firefox/147.0'),
('872662b1af0d750383bf50afd2643e1a','csrf|N;','2026-02-24 17:11:19','2026-02-23 17:11:19','0','',''),
('882f5e573cebb79aa0ca45e9eb7f8716','csrf|a:2:{s:5:\"token\";s:40:\"96769882da6e5c9cdfce0f2296d07341dd6dd85f\";s:4:\"time\";i:1771869502;}_staff|a:1:{s:4:\"auth\";a:2:{s:4:\"dest\";s:21:\"/scp/tickets.php?id=5\";s:3:\"msg\";s:23:\"Authentication Required\";}}_auth|a:1:{s:5:\"staff\";a:3:{s:2:\"id\";i:1;s:3:\"key\";s:14:\"local:ostadmin\";s:3:\"2fa\";N;}}:token|a:1:{s:5:\"staff\";s:76:\"79fba49c22a736b791f2eb6f61261e91:1771869496:837ec5754f503cfaaee0929fd48974e7\";}TIME_BOMB|i:1771869506;cfg:core|a:1:{s:11:\"db_timezone\";s:13:\"Europe/Berlin\";}lastcroncall|i:1771869496;::Q:T|i:1;sort|a:1:{i:1;a:2:{s:9:\"queuesort\";O:9:\"QueueSort\":7:{s:2:\"ht\";a:5:{s:2:\"id\";i:1;s:4:\"root\";N;s:4:\"name\";s:32:\"Priority + Most Recently Updated\";s:7:\"columns\";s:34:\"[\"-cdata__priority\",\"-lastupdate\"]\";s:7:\"updated\";s:19:\"2026-02-19 18:15:04\";}s:5:\"dirty\";a:0:{}s:7:\"__new__\";b:0;s:11:\"__deleted__\";b:0;s:12:\"__deferred__\";a:0:{}s:8:\"_columns\";a:2:{s:15:\"cdata__priority\";b:1;s:10:\"lastupdate\";b:1;}s:6:\"_extra\";N;}s:3:\"dir\";i:0;}}TTD|i:1771869628;','2026-02-23 19:00:28','2026-02-23 18:58:28','1','::1','Mozilla/5.0 (Windows NT 10.0; Win64; x64; rv:147.0) Gecko/20100101 Firefox/147.0'),
('8bcdad213cafbcd987ec96e9375a089f','csrf|N;','2026-02-24 17:11:24','2026-02-23 17:11:24','0','',''),
('8c218001b6bbedccb091227846f055f6','csrf|a:2:{s:5:\"token\";s:40:\"0f3656b803e399f97f18cf6129097c0e1300cbaa\";s:4:\"time\";i:1771862814;}_auth|a:2:{s:4:\"user\";a:1:{s:7:\"strikes\";i:1;}s:5:\"staff\";N;}_staff|a:1:{s:4:\"auth\";a:2:{s:4:\"dest\";s:5:\"/scp/\";s:3:\"msg\";s:23:\"Authentication Required\";}}','2026-02-24 17:04:12','2026-02-23 17:06:54','0','192.168.194.181','Mozilla/5.0 (Windows NT 10.0; Win64; x64; rv:147.0) Gecko/20100101 Firefox/147.0'),
('8e43e30a482f92dbfd15379b02e6b26e','csrf|N;','2026-02-24 17:17:53','2026-02-23 17:17:53','0','',''),
('97621c13db37947f9e7e19339df8a77f','csrf|a:2:{s:5:\"token\";s:40:\"729c52853df3e6853eec26871b0480d670539801\";s:4:\"time\";i:1771585993;}_staff|a:1:{s:4:\"auth\";a:2:{s:4:\"dest\";s:27:\"/scp/plugins.php?id=1&xid=1\";s:3:\"msg\";s:23:\"Authentication Required\";}}_auth|a:1:{s:5:\"staff\";a:3:{s:2:\"id\";i:1;s:3:\"key\";s:14:\"local:ostadmin\";s:3:\"2fa\";N;}}:token|a:1:{s:5:\"staff\";s:76:\"0cea2d3de7c2c35031f77a9efc395010:1771585986:8d91ec19a492cb0772c6acf25e9bdb0e\";}TIME_BOMB|i:1771585996;cfg:core|a:1:{s:11:\"db_timezone\";s:13:\"Europe/Berlin\";}lastcroncall|i:1771585986;TTD|i:1771586117;','2026-02-20 12:15:17','2026-02-20 12:13:17','1','192.168.194.181','Mozilla/5.0 (Windows NT 10.0; Win64; x64; rv:147.0) Gecko/20100101 Firefox/147.0'),
('989c2516d6c4ecf3fe8610d898dc93d7','csrf|a:2:{s:5:\"token\";s:40:\"8ef7c0d6d81d6a8853f46cca6a923687954512ae\";s:4:\"time\";i:1771579838;}_staff|a:1:{s:4:\"auth\";a:2:{s:4:\"dest\";s:21:\"/scp/tickets.php?id=2\";s:3:\"msg\";s:23:\"Authentication Required\";}}_auth|a:1:{s:5:\"staff\";a:3:{s:2:\"id\";i:1;s:3:\"key\";s:14:\"local:ostadmin\";s:3:\"2fa\";N;}}:token|a:1:{s:5:\"staff\";s:76:\"fe40c1f771cdeb72b4e1ce79841445c1:1771579828:8d91ec19a492cb0772c6acf25e9bdb0e\";}TIME_BOMB|i:1771579838;cfg:core|a:1:{s:11:\"db_timezone\";s:13:\"Europe/Berlin\";}lastcroncall|i:1771579829;TTD|i:1771579959;','2026-02-20 10:32:39','2026-02-20 10:30:39','1','192.168.194.181','Mozilla/5.0 (Windows NT 10.0; Win64; x64; rv:147.0) Gecko/20100101 Firefox/147.0'),
('99c3f76f0020137117fbd6a9e50abca1','csrf|a:2:{s:5:\"token\";s:40:\"d14a6344ebd4ad36b6b0675b7fd490d6bb297335\";s:4:\"time\";i:1771613479;}','2026-02-21 19:51:19','2026-02-20 19:51:19','0','::1','Mozilla/5.0 (Macintosh; Intel Mac OS X 10_11_1) AppleWebKit/601.2.4 (KHTML, like Gecko) Version/9.0.1 Safari/601.2.4 facebookexternalhit/1.1 Facebot Twitterbot/1.0'),
('9ca77cc501a76969af6b8577e10bf27e','csrf|N;','2026-02-24 18:02:25','2026-02-23 18:02:25','0','',''),
('a05054c17c5d4a7d2bb15d0d033b612d','csrf|N;','2026-02-24 18:01:55','2026-02-23 18:01:55','0','',''),
('a79f5f7d1838ced2061371f5f0da7201','csrf|N;','2026-02-21 10:44:18','2026-02-20 10:44:18','0','127.0.0.1','curl/8.14.1'),
('ab75c17e266ece70592151bba4738f06','csrf|N;','2026-02-24 17:16:33','2026-02-23 17:16:33','0','',''),
('b50a579a72821f7154fb09d4d30d9062','csrf|a:2:{s:5:\"token\";s:40:\"121b1795493ab502c25fc8fac8d007fdc563687e\";s:4:\"time\";i:1771522969;}_staff|a:1:{s:4:\"auth\";a:2:{s:4:\"dest\";s:5:\"/scp/\";s:3:\"msg\";s:23:\"Authentication Required\";}}_auth|a:1:{s:5:\"staff\";a:3:{s:2:\"id\";i:1;s:3:\"key\";s:14:\"local:ostadmin\";s:3:\"2fa\";N;}}:token|a:1:{s:5:\"staff\";s:76:\"1ce6a0cf38b645784434398075bb1f9f:1771522960:8d91ec19a492cb0772c6acf25e9bdb0e\";}TIME_BOMB|i:1771523764;::Q:T|i:1;sort|a:1:{i:1;a:2:{s:9:\"queuesort\";O:9:\"QueueSort\":7:{s:2:\"ht\";a:5:{s:2:\"id\";i:1;s:4:\"root\";N;s:4:\"name\";s:32:\"Priority + Most Recently Updated\";s:7:\"columns\";s:34:\"[\"-cdata__priority\",\"-lastupdate\"]\";s:7:\"updated\";s:19:\"2026-02-19 18:15:04\";}s:5:\"dirty\";a:0:{}s:7:\"__new__\";b:0;s:11:\"__deleted__\";b:0;s:12:\"__deferred__\";a:0:{}s:8:\"_columns\";a:2:{s:15:\"cdata__priority\";b:1;s:10:\"lastupdate\";b:1;}s:6:\"_extra\";N;}s:3:\"dir\";i:0;}}cfg:core|a:1:{s:11:\"db_timezone\";s:13:\"Europe/Berlin\";}lastcroncall|i:1771522966;::Q:A|s:0:\"\";:QA::sort|a:2:{i:0;s:7:\"created\";i:1;i:0;}:Q:tasks|O:8:\"QuerySet\":16:{s:5:\"model\";s:4:\"Task\";s:11:\"constraints\";a:2:{i:0;O:1:\"Q\":3:{i:0;i:0;i:1;i:0;i:2;a:1:{i:0;O:1:\"Q\":3:{i:0;i:0;i:1;i:0;i:2;a:1:{s:13:\"flags__hasbit\";i:1;}}}}i:1;O:1:\"Q\":3:{i:0;i:0;i:1;i:0;i:2;a:1:{i:0;O:1:\"Q\":3:{i:0;i:0;i:1;i:2;i:2;a:3:{i:0;O:1:\"Q\":3:{i:0;i:0;i:1;i:0;i:2;a:2:{s:13:\"flags__hasbit\";i:1;s:8:\"staff_id\";i:1;}}i:1;O:1:\"Q\":3:{i:0;i:0;i:1;i:0;i:2;a:2:{s:16:\"ticket__staff_id\";i:1;s:21:\"ticket__status__state\";s:4:\"open\";}}i:2;O:1:\"Q\":3:{i:0;i:0;i:1;i:0;i:2;a:1:{s:11:\"dept_id__in\";a:3:{i:0;i:1;i:1;i:2;i:2;i:3;}}}}}}}}s:16:\"path_constraints\";a:0:{}s:8:\"ordering\";a:1:{i:0;s:8:\"-created\";}s:7:\"related\";b:0;s:6:\"values\";a:14:{s:2:\"id\";s:2:\"id\";s:6:\"number\";s:6:\"number\";s:7:\"created\";s:7:\"created\";s:8:\"staff_id\";s:8:\"staff_id\";s:7:\"dept_id\";s:7:\"dept_id\";s:7:\"team_id\";s:7:\"team_id\";s:16:\"staff__firstname\";s:16:\"staff__firstname\";s:15:\"staff__lastname\";s:15:\"staff__lastname\";s:10:\"team__name\";s:10:\"team__name\";s:10:\"dept__name\";s:10:\"dept__name\";s:12:\"cdata__title\";s:12:\"cdata__title\";s:5:\"flags\";s:5:\"flags\";s:14:\"ticket__number\";s:14:\"ticket__number\";s:17:\"ticket__ticket_id\";s:17:\"ticket__ticket_id\";}s:5:\"defer\";a:0:{}s:10:\"aggregated\";b:0;s:11:\"annotations\";a:3:{s:12:\"collab_count\";O:12:\"SqlAggregate\":5:{s:5:\"alias\";s:12:\"collab_count\";s:4:\"func\";s:5:\"COUNT\";s:4:\"expr\";s:21:\"thread__collaborators\";s:8:\"distinct\";b:1;s:10:\"constraint\";b:0;}s:16:\"attachment_count\";O:12:\"SqlAggregate\":5:{s:5:\"alias\";s:16:\"attachment_count\";s:4:\"func\";s:5:\"COUNT\";s:4:\"expr\";O:7:\"SqlCase\":5:{s:5:\"alias\";N;s:5:\"cases\";a:1:{i:0;a:2:{i:0;O:8:\"SqlField\":5:{s:5:\"alias\";N;s:8:\"operator\";N;s:8:\"operands\";N;s:5:\"level\";i:0;s:5:\"field\";s:36:\"thread__entries__attachments__inline\";}i:1;N;}}s:4:\"else\";O:8:\"SqlField\":5:{s:5:\"alias\";N;s:8:\"operator\";N;s:8:\"operands\";N;s:5:\"level\";i:0;s:5:\"field\";s:28:\"thread__entries__attachments\";}s:4:\"func\";s:4:\"CASE\";s:4:\"args\";a:0:{}}s:8:\"distinct\";b:1;s:10:\"constraint\";b:0;}s:12:\"thread_count\";O:12:\"SqlAggregate\":5:{s:5:\"alias\";s:12:\"thread_count\";s:4:\"func\";s:5:\"COUNT\";s:4:\"expr\";O:7:\"SqlCase\":5:{s:5:\"alias\";N;s:5:\"cases\";a:1:{i:0;a:2:{i:0;O:1:\"Q\":3:{i:0;i:0;i:1;i:0;i:2;a:1:{s:30:\"thread__entries__flags__hasbit\";i:4;}}i:1;N;}}s:4:\"else\";O:8:\"SqlField\":5:{s:5:\"alias\";N;s:8:\"operator\";N;s:8:\"operands\";N;s:5:\"level\";i:0;s:5:\"field\";s:19:\"thread__entries__id\";}s:4:\"func\";s:4:\"CASE\";s:4:\"args\";a:0:{}}s:8:\"distinct\";b:1;s:10:\"constraint\";b:0;}}s:5:\"extra\";a:0:{}s:8:\"distinct\";a:0:{}s:4:\"lock\";b:0;s:5:\"chain\";a:0:{}s:7:\"options\";a:0:{}s:4:\"iter\";i:2;s:8:\"compiler\";s:13:\"MySqlCompiler\";}','2026-02-19 19:12:40','2026-02-19 18:42:49','1','192.168.194.181','Mozilla/5.0 (Windows NT 10.0; Win64; x64; rv:147.0) Gecko/20100101 Firefox/147.0'),
('b6bdc7b5fadb204c6852992ac3530e7d','csrf|a:2:{s:5:\"token\";s:40:\"6a64182800a3f3fa4b4253240e52055faac7c977\";s:4:\"time\";i:1771524569;}_staff|a:1:{s:4:\"auth\";a:2:{s:4:\"dest\";s:22:\"/scp/settings.php?t=kb\";s:3:\"msg\";s:23:\"Authentication Required\";}}_auth|a:1:{s:5:\"staff\";a:3:{s:2:\"id\";i:1;s:3:\"key\";s:14:\"local:ostadmin\";s:3:\"2fa\";N;}}:token|a:1:{s:5:\"staff\";s:76:\"619fa2aa8c5107b012647950feb3ca64:1771524559:8d91ec19a492cb0772c6acf25e9bdb0e\";}TIME_BOMB|i:1771524569;lastcroncall|i:1771524559;cfg:core|a:1:{s:11:\"db_timezone\";s:13:\"Europe/Berlin\";}TTD|i:1771524693;','2026-02-19 19:11:33','2026-02-19 19:09:33','1','192.168.194.181','Mozilla/5.0 (Windows NT 10.0; Win64; x64; rv:147.0) Gecko/20100101 Firefox/147.0'),
('b85d39f29420ee22fa7621bd69651ff0','csrf|a:2:{s:5:\"token\";s:40:\"6271d8f663a726a704826933722fb853a5b2c4f1\";s:4:\"time\";i:1771859999;}_auth|a:1:{s:5:\"staff\";a:3:{s:2:\"id\";i:1;s:3:\"key\";s:14:\"local:ostadmin\";s:3:\"2fa\";N;}}:token|a:1:{s:5:\"staff\";s:76:\"e9db3a9b1a7c83ee2009470940b536bf:1771859989:8d91ec19a492cb0772c6acf25e9bdb0e\";}TIME_BOMB|i:1771859999;::Q:T|i:1;sort|a:1:{i:1;a:2:{s:9:\"queuesort\";O:9:\"QueueSort\":7:{s:2:\"ht\";a:5:{s:2:\"id\";i:1;s:4:\"root\";N;s:4:\"name\";s:32:\"Priority + Most Recently Updated\";s:7:\"columns\";s:34:\"[\"-cdata__priority\",\"-lastupdate\"]\";s:7:\"updated\";s:19:\"2026-02-19 18:15:04\";}s:5:\"dirty\";a:0:{}s:7:\"__new__\";b:0;s:11:\"__deleted__\";b:0;s:12:\"__deferred__\";a:0:{}s:8:\"_columns\";a:2:{s:15:\"cdata__priority\";b:1;s:10:\"lastupdate\";b:1;}s:6:\"_extra\";N;}s:3:\"dir\";i:0;}}cfg:core|a:1:{s:11:\"db_timezone\";s:13:\"Europe/Berlin\";}lastcroncall|i:1771859990;TTD|i:1771860120;','2026-02-23 16:22:00','2026-02-23 16:20:00','1','192.168.194.181','Mozilla/5.0 (Windows NT 10.0; Win64; x64; rv:147.0) Gecko/20100101 Firefox/147.0'),
('bb688796dbcce737e028f1c4976930f9','csrf|a:2:{s:5:\"token\";s:40:\"d50fbfa92485570e198d7497119b62fa96d35e2a\";s:4:\"time\";i:1771868018;}_staff|a:1:{s:4:\"auth\";a:2:{s:4:\"dest\";s:21:\"/scp/tickets.php?id=4\";s:3:\"msg\";s:23:\"Authentication Required\";}}_auth|a:1:{s:5:\"staff\";a:3:{s:2:\"id\";i:1;s:3:\"key\";s:14:\"local:ostadmin\";s:3:\"2fa\";N;}}:token|a:1:{s:5:\"staff\";s:76:\"7a1329142db6e0778874116491a71e2f:1771868008:8d91ec19a492cb0772c6acf25e9bdb0e\";}TIME_BOMB|i:1771868018;cfg:core|a:1:{s:11:\"db_timezone\";s:13:\"Europe/Berlin\";}lastcroncall|i:1771868008;::Q:T|i:1;sort|a:1:{i:1;a:2:{s:9:\"queuesort\";O:9:\"QueueSort\":7:{s:2:\"ht\";a:5:{s:2:\"id\";i:1;s:4:\"root\";N;s:4:\"name\";s:32:\"Priority + Most Recently Updated\";s:7:\"columns\";s:34:\"[\"-cdata__priority\",\"-lastupdate\"]\";s:7:\"updated\";s:19:\"2026-02-19 18:15:04\";}s:5:\"dirty\";a:0:{}s:7:\"__new__\";b:0;s:11:\"__deleted__\";b:0;s:12:\"__deferred__\";a:0:{}s:8:\"_columns\";a:2:{s:15:\"cdata__priority\";b:1;s:10:\"lastupdate\";b:1;}s:6:\"_extra\";N;}s:3:\"dir\";i:0;}}TTD|i:1771868146;','2026-02-23 18:35:46','2026-02-23 18:33:46','1','192.168.194.181','Mozilla/5.0 (Windows NT 10.0; Win64; x64; rv:147.0) Gecko/20100101 Firefox/147.0'),
('bcc726b3cc1e58bb4c432982b42590cc','csrf|a:2:{s:5:\"token\";s:40:\"d50fbfa92485570e198d7497119b62fa96d35e2a\";s:4:\"time\";i:1771868937;}_staff|a:1:{s:4:\"auth\";a:2:{s:4:\"dest\";s:21:\"/scp/tickets.php?id=4\";s:3:\"msg\";s:23:\"Authentication Required\";}}_auth|a:1:{s:5:\"staff\";a:3:{s:2:\"id\";i:1;s:3:\"key\";s:14:\"local:ostadmin\";s:3:\"2fa\";N;}}:token|a:1:{s:5:\"staff\";s:76:\"544ac20de74a25e123d4a8a2b0afa04c:1771868936:8d91ec19a492cb0772c6acf25e9bdb0e\";}TIME_BOMB|i:1771869826;cfg:core|a:1:{s:11:\"db_timezone\";s:13:\"Europe/Berlin\";}lastcroncall|i:1771868937;::Q:T|i:1;sort|a:1:{i:1;a:2:{s:9:\"queuesort\";O:9:\"QueueSort\":7:{s:2:\"ht\";a:5:{s:2:\"id\";i:1;s:4:\"root\";N;s:4:\"name\";s:32:\"Priority + Most Recently Updated\";s:7:\"columns\";s:34:\"[\"-cdata__priority\",\"-lastupdate\"]\";s:7:\"updated\";s:19:\"2026-02-19 18:15:04\";}s:5:\"dirty\";a:0:{}s:7:\"__new__\";b:0;s:11:\"__deleted__\";b:0;s:12:\"__deferred__\";a:0:{}s:8:\"_columns\";a:2:{s:15:\"cdata__priority\";b:1;s:10:\"lastupdate\";b:1;}s:6:\"_extra\";N;}s:3:\"dir\";i:0;}}','2026-02-23 19:18:56','2026-02-23 18:48:57','1','192.168.194.181','Mozilla/5.0 (Windows NT 10.0; Win64; x64; rv:147.0) Gecko/20100101 Firefox/147.0'),
('cfc86e2e327fc06f169e8372d5f5c39a','csrf|a:2:{s:5:\"token\";s:40:\"324984e64624860a1ad564f5a7e6de801e90320e\";s:4:\"time\";i:1771530267;}_staff|a:1:{s:4:\"auth\";a:2:{s:4:\"dest\";s:15:\"/scp/canned.php\";s:3:\"msg\";s:23:\"Authentication Required\";}}_auth|a:1:{s:5:\"staff\";a:3:{s:2:\"id\";i:1;s:3:\"key\";s:14:\"local:ostadmin\";s:3:\"2fa\";N;}}:token|a:1:{s:5:\"staff\";s:76:\"23d58e8b4a6fda0ec8bcc7b913fa9f29:1771530257:8d91ec19a492cb0772c6acf25e9bdb0e\";}TIME_BOMB|i:1771530267;cfg:core|a:1:{s:11:\"db_timezone\";s:13:\"Europe/Berlin\";}lastcroncall|i:1771530257;TTD|i:1771530389;','2026-02-19 20:46:29','2026-02-19 20:44:29','1','192.168.194.181','Mozilla/5.0 (Windows NT 10.0; Win64; x64; rv:147.0) Gecko/20100101 Firefox/147.0'),
('d050e655dbe656cf167ba152be5388fd','csrf|a:2:{s:5:\"token\";s:40:\"729c52853df3e6853eec26871b0480d670539801\";s:4:\"time\";i:1771586590;}_staff|a:1:{s:4:\"auth\";a:2:{s:4:\"dest\";s:27:\"/scp/plugins.php?id=1&xid=1\";s:3:\"msg\";s:23:\"Authentication Required\";}}_auth|a:1:{s:5:\"staff\";a:3:{s:2:\"id\";i:1;s:3:\"key\";s:14:\"local:ostadmin\";s:3:\"2fa\";N;}}:token|a:1:{s:5:\"staff\";s:76:\"09b84d4541a76843ffcc4467ae3d62e2:1771586567:8d91ec19a492cb0772c6acf25e9bdb0e\";}TIME_BOMB|i:1771587797;cfg:core|a:1:{s:11:\"db_timezone\";s:13:\"Europe/Berlin\";}lastcroncall|i:1771586448;::Q:T|i:1;sort|a:1:{i:1;a:2:{s:9:\"queuesort\";O:9:\"QueueSort\":7:{s:2:\"ht\";a:5:{s:2:\"id\";i:1;s:4:\"root\";N;s:4:\"name\";s:32:\"Priority + Most Recently Updated\";s:7:\"columns\";s:34:\"[\"-cdata__priority\",\"-lastupdate\"]\";s:7:\"updated\";s:19:\"2026-02-19 18:15:04\";}s:5:\"dirty\";a:0:{}s:7:\"__new__\";b:0;s:11:\"__deleted__\";b:0;s:12:\"__deferred__\";a:0:{}s:8:\"_columns\";a:2:{s:15:\"cdata__priority\";b:1;s:10:\"lastupdate\";b:1;}s:6:\"_extra\";N;}s:3:\"dir\";i:0;}}::Q:A|s:0:\"\";:QA::sort|a:2:{i:0;s:7:\"created\";i:1;i:0;}:Q:tasks|O:8:\"QuerySet\":16:{s:5:\"model\";s:4:\"Task\";s:11:\"constraints\";a:2:{i:0;O:1:\"Q\":3:{i:0;i:0;i:1;i:0;i:2;a:1:{i:0;O:1:\"Q\":3:{i:0;i:0;i:1;i:0;i:2;a:1:{s:13:\"flags__hasbit\";i:1;}}}}i:1;O:1:\"Q\":3:{i:0;i:0;i:1;i:0;i:2;a:1:{i:0;O:1:\"Q\":3:{i:0;i:0;i:1;i:2;i:2;a:3:{i:0;O:1:\"Q\":3:{i:0;i:0;i:1;i:0;i:2;a:2:{s:13:\"flags__hasbit\";i:1;s:8:\"staff_id\";i:1;}}i:1;O:1:\"Q\":3:{i:0;i:0;i:1;i:0;i:2;a:2:{s:16:\"ticket__staff_id\";i:1;s:21:\"ticket__status__state\";s:4:\"open\";}}i:2;O:1:\"Q\":3:{i:0;i:0;i:1;i:0;i:2;a:1:{s:11:\"dept_id__in\";a:3:{i:0;i:1;i:1;i:2;i:2;i:3;}}}}}}}}s:16:\"path_constraints\";a:0:{}s:8:\"ordering\";a:1:{i:0;s:8:\"-created\";}s:7:\"related\";b:0;s:6:\"values\";a:14:{s:2:\"id\";s:2:\"id\";s:6:\"number\";s:6:\"number\";s:7:\"created\";s:7:\"created\";s:8:\"staff_id\";s:8:\"staff_id\";s:7:\"dept_id\";s:7:\"dept_id\";s:7:\"team_id\";s:7:\"team_id\";s:16:\"staff__firstname\";s:16:\"staff__firstname\";s:15:\"staff__lastname\";s:15:\"staff__lastname\";s:10:\"team__name\";s:10:\"team__name\";s:10:\"dept__name\";s:10:\"dept__name\";s:12:\"cdata__title\";s:12:\"cdata__title\";s:5:\"flags\";s:5:\"flags\";s:14:\"ticket__number\";s:14:\"ticket__number\";s:17:\"ticket__ticket_id\";s:17:\"ticket__ticket_id\";}s:5:\"defer\";a:0:{}s:10:\"aggregated\";b:0;s:11:\"annotations\";a:3:{s:12:\"collab_count\";O:12:\"SqlAggregate\":5:{s:5:\"alias\";s:12:\"collab_count\";s:4:\"func\";s:5:\"COUNT\";s:4:\"expr\";s:21:\"thread__collaborators\";s:8:\"distinct\";b:1;s:10:\"constraint\";b:0;}s:16:\"attachment_count\";O:12:\"SqlAggregate\":5:{s:5:\"alias\";s:16:\"attachment_count\";s:4:\"func\";s:5:\"COUNT\";s:4:\"expr\";O:7:\"SqlCase\":5:{s:5:\"alias\";N;s:5:\"cases\";a:1:{i:0;a:2:{i:0;O:8:\"SqlField\":5:{s:5:\"alias\";N;s:8:\"operator\";N;s:8:\"operands\";N;s:5:\"level\";i:0;s:5:\"field\";s:36:\"thread__entries__attachments__inline\";}i:1;N;}}s:4:\"else\";O:8:\"SqlField\":5:{s:5:\"alias\";N;s:8:\"operator\";N;s:8:\"operands\";N;s:5:\"level\";i:0;s:5:\"field\";s:28:\"thread__entries__attachments\";}s:4:\"func\";s:4:\"CASE\";s:4:\"args\";a:0:{}}s:8:\"distinct\";b:1;s:10:\"constraint\";b:0;}s:12:\"thread_count\";O:12:\"SqlAggregate\":5:{s:5:\"alias\";s:12:\"thread_count\";s:4:\"func\";s:5:\"COUNT\";s:4:\"expr\";O:7:\"SqlCase\":5:{s:5:\"alias\";N;s:5:\"cases\";a:1:{i:0;a:2:{i:0;O:1:\"Q\":3:{i:0;i:0;i:1;i:0;i:2;a:1:{s:30:\"thread__entries__flags__hasbit\";i:4;}}i:1;N;}}s:4:\"else\";O:8:\"SqlField\":5:{s:5:\"alias\";N;s:8:\"operator\";N;s:8:\"operands\";N;s:5:\"level\";i:0;s:5:\"field\";s:19:\"thread__entries__id\";}s:4:\"func\";s:4:\"CASE\";s:4:\"args\";a:0:{}}s:8:\"distinct\";b:1;s:10:\"constraint\";b:0;}}s:5:\"extra\";a:0:{}s:8:\"distinct\";a:0:{}s:4:\"lock\";b:0;s:5:\"chain\";a:0:{}s:7:\"options\";a:0:{}s:4:\"iter\";i:2;s:8:\"compiler\";s:13:\"MySqlCompiler\";}','2026-02-20 12:52:47','2026-02-20 12:23:10','1','192.168.194.181','Mozilla/5.0 (Windows NT 10.0; Win64; x64; rv:147.0) Gecko/20100101 Firefox/147.0'),
('d5aeb9752698194eef3e31afcaf23adf','csrf|a:2:{s:5:\"token\";s:40:\"2a4a4a67c72d020cdc5102939d427ca30037d313\";s:4:\"time\";i:1771859907;}_staff|a:1:{s:4:\"auth\";a:2:{s:4:\"dest\";s:5:\"/scp/\";s:3:\"msg\";s:23:\"Authentication Required\";}}_auth|a:1:{s:5:\"staff\";a:3:{s:2:\"id\";i:1;s:3:\"key\";s:14:\"local:ostadmin\";s:3:\"2fa\";N;}}:token|a:1:{s:5:\"staff\";s:76:\"6b21009caddaad41a6f1b609fd6988c5:1771859907:8d91ec19a492cb0772c6acf25e9bdb0e\";}TIME_BOMB|i:1771859917;::Q:T|i:1;sort|a:1:{i:1;a:2:{s:9:\"queuesort\";O:9:\"QueueSort\":7:{s:2:\"ht\";a:5:{s:2:\"id\";i:1;s:4:\"root\";N;s:4:\"name\";s:32:\"Priority + Most Recently Updated\";s:7:\"columns\";s:34:\"[\"-cdata__priority\",\"-lastupdate\"]\";s:7:\"updated\";s:19:\"2026-02-19 18:15:04\";}s:5:\"dirty\";a:0:{}s:7:\"__new__\";b:0;s:11:\"__deleted__\";b:0;s:12:\"__deferred__\";a:0:{}s:8:\"_columns\";a:2:{s:15:\"cdata__priority\";b:1;s:10:\"lastupdate\";b:1;}s:6:\"_extra\";N;}s:3:\"dir\";i:0;}}cfg:core|a:1:{s:11:\"db_timezone\";s:13:\"Europe/Berlin\";}lastcroncall|i:1771859907;TTD|i:1771860094;','2026-02-23 16:21:34','2026-02-23 16:19:34','1','192.168.194.181','Mozilla/5.0 (Windows NT 10.0; Win64; x64; rv:147.0) Gecko/20100101 Firefox/147.0'),
('da4a19c1de1c596bcbbd882477dc6f3a','csrf|a:2:{s:5:\"token\";s:40:\"6d72b02a5218fd2a1c71f2d84dbcd16b3647bec4\";s:4:\"time\";i:1771581375;}_staff|a:1:{s:4:\"auth\";a:2:{s:4:\"dest\";s:21:\"/scp/tickets.php?id=1\";s:3:\"msg\";s:23:\"Authentication Required\";}}_auth|a:1:{s:5:\"staff\";a:3:{s:2:\"id\";i:1;s:3:\"key\";s:14:\"local:ostadmin\";s:3:\"2fa\";N;}}:token|a:1:{s:5:\"staff\";s:76:\"18a796430fd64ebd36998be446a12be0:1771581373:8d91ec19a492cb0772c6acf25e9bdb0e\";}TIME_BOMB|i:1771581383;cfg:core|a:1:{s:11:\"db_timezone\";s:13:\"Europe/Berlin\";}lastcroncall|i:1771581373;TTD|i:1771581597;','2026-02-20 10:59:57','2026-02-20 10:57:57','1','192.168.194.181','Mozilla/5.0 (Windows NT 10.0; Win64; x64; rv:147.0) Gecko/20100101 Firefox/147.0'),
('dc8ebe366c1766a0cbfc41d37b197273','csrf|a:2:{s:5:\"token\";s:40:\"34b490c6493b78ff4fb429fe0f95c8afc55b62a8\";s:4:\"time\";i:1771865735;}_staff|a:1:{s:4:\"auth\";a:2:{s:4:\"dest\";s:21:\"/scp/tickets.php?id=1\";s:3:\"msg\";s:23:\"Authentication Required\";}}_auth|a:1:{s:5:\"staff\";a:3:{s:2:\"id\";i:1;s:3:\"key\";s:14:\"local:ostadmin\";s:3:\"2fa\";N;}}:token|a:1:{s:5:\"staff\";s:76:\"5da42a67ad13a9eee8aac28fbbf857ef:1771865734:837ec5754f503cfaaee0929fd48974e7\";}TIME_BOMB|i:1771865745;cfg:core|a:1:{s:11:\"db_timezone\";s:13:\"Europe/Berlin\";}lastcroncall|i:1771865735;TTD|i:1771865875;','2026-02-23 17:57:55','2026-02-23 17:55:55','1','::1','Mozilla/5.0 (Windows NT 10.0; Win64; x64; rv:147.0) Gecko/20100101 Firefox/147.0'),
('df554181ad68d83addf2d5d5de2687ba','csrf|a:2:{s:5:\"token\";s:40:\"6271d8f663a726a704826933722fb853a5b2c4f1\";s:4:\"time\";i:1771860223;}_auth|a:1:{s:5:\"staff\";a:3:{s:2:\"id\";i:1;s:3:\"key\";s:14:\"local:ostadmin\";s:3:\"2fa\";N;}}:token|a:1:{s:5:\"staff\";s:76:\"69000f84dd749554342eb97dadf1e589:1771860223:8d91ec19a492cb0772c6acf25e9bdb0e\";}TIME_BOMB|i:1771861800;::Q:T|i:5;sort|a:2:{i:1;a:2:{s:9:\"queuesort\";O:9:\"QueueSort\":7:{s:2:\"ht\";a:5:{s:2:\"id\";i:1;s:4:\"root\";N;s:4:\"name\";s:32:\"Priority + Most Recently Updated\";s:7:\"columns\";s:34:\"[\"-cdata__priority\",\"-lastupdate\"]\";s:7:\"updated\";s:19:\"2026-02-19 18:15:04\";}s:5:\"dirty\";a:0:{}s:7:\"__new__\";b:0;s:11:\"__deleted__\";b:0;s:12:\"__deferred__\";a:0:{}s:8:\"_columns\";a:2:{s:15:\"cdata__priority\";b:1;s:10:\"lastupdate\";b:1;}s:6:\"_extra\";N;}s:3:\"dir\";i:0;}i:5;a:2:{s:9:\"queuesort\";O:9:\"QueueSort\":7:{s:2:\"ht\";a:5:{s:2:\"id\";i:3;s:4:\"root\";N;s:4:\"name\";s:19:\"Priority + Due Date\";s:7:\"columns\";s:35:\"[\"-cdata__priority\",\"-est_duedate\"]\";s:7:\"updated\";s:19:\"2026-02-19 18:15:04\";}s:5:\"dirty\";a:0:{}s:7:\"__new__\";b:0;s:11:\"__deleted__\";b:0;s:12:\"__deferred__\";a:0:{}s:8:\"_columns\";a:2:{s:15:\"cdata__priority\";b:1;s:11:\"est_duedate\";b:1;}s:6:\"_extra\";N;}s:3:\"dir\";i:0;}}cfg:core|a:1:{s:11:\"db_timezone\";s:13:\"Europe/Berlin\";}lastcroncall|i:1771860213;:form-data|N;TTD|i:1771860343;','2026-02-23 16:25:43','2026-02-23 16:23:43','1','192.168.194.181','Mozilla/5.0 (Windows NT 10.0; Win64; x64; rv:147.0) Gecko/20100101 Firefox/147.0'),
('e68671b771406f69cc3deed0dfedaaac','csrf|N;','2026-02-24 17:11:38','2026-02-23 17:11:38','0','',''),
('ea4392f61ef66a7d14e19c8728a4d016','csrf|a:2:{s:5:\"token\";s:40:\"095ffda340cd37a6f18de4c990b5e40463171999\";s:4:\"time\";i:1771678902;}_auth|a:1:{s:5:\"staff\";N;}','2026-02-22 14:01:42','2026-02-21 14:01:42','0','192.168.194.181','Mozilla/5.0 (Windows NT 10.0; Win64; x64; rv:147.0) Gecko/20100101 Firefox/147.0'),
('eb1cd50977c9c60c6760446a8257fe08','csrf|a:2:{s:5:\"token\";s:40:\"34b490c6493b78ff4fb429fe0f95c8afc55b62a8\";s:4:\"time\";i:1771866247;}_staff|a:1:{s:4:\"auth\";a:2:{s:4:\"dest\";s:21:\"/scp/tickets.php?id=1\";s:3:\"msg\";s:23:\"Authentication Required\";}}_auth|a:1:{s:5:\"staff\";a:3:{s:2:\"id\";i:1;s:3:\"key\";s:14:\"local:ostadmin\";s:3:\"2fa\";N;}}:token|a:1:{s:5:\"staff\";s:76:\"87fb835d2b7c9c836f74ee7fbcf194ea:1771866208:837ec5754f503cfaaee0929fd48974e7\";}TIME_BOMB|i:1771867555;cfg:core|a:1:{s:11:\"db_timezone\";s:13:\"Europe/Berlin\";}lastcroncall|i:1771866219;::Q:A|s:0:\"\";:QA::sort|a:2:{i:0;s:7:\"created\";i:1;i:0;}:Q:tasks|O:8:\"QuerySet\":16:{s:5:\"model\";s:4:\"Task\";s:11:\"constraints\";a:2:{i:0;O:1:\"Q\":3:{i:0;i:0;i:1;i:0;i:2;a:1:{i:0;O:1:\"Q\":3:{i:0;i:0;i:1;i:0;i:2;a:1:{s:13:\"flags__hasbit\";i:1;}}}}i:1;O:1:\"Q\":3:{i:0;i:0;i:1;i:0;i:2;a:1:{i:0;O:1:\"Q\":3:{i:0;i:0;i:1;i:2;i:2;a:3:{i:0;O:1:\"Q\":3:{i:0;i:0;i:1;i:0;i:2;a:2:{s:13:\"flags__hasbit\";i:1;s:8:\"staff_id\";i:1;}}i:1;O:1:\"Q\":3:{i:0;i:0;i:1;i:0;i:2;a:2:{s:16:\"ticket__staff_id\";i:1;s:21:\"ticket__status__state\";s:4:\"open\";}}i:2;O:1:\"Q\":3:{i:0;i:0;i:1;i:0;i:2;a:1:{s:11:\"dept_id__in\";a:3:{i:0;i:1;i:1;i:2;i:2;i:3;}}}}}}}}s:16:\"path_constraints\";a:0:{}s:8:\"ordering\";a:1:{i:0;s:8:\"-created\";}s:7:\"related\";b:0;s:6:\"values\";a:14:{s:2:\"id\";s:2:\"id\";s:6:\"number\";s:6:\"number\";s:7:\"created\";s:7:\"created\";s:8:\"staff_id\";s:8:\"staff_id\";s:7:\"dept_id\";s:7:\"dept_id\";s:7:\"team_id\";s:7:\"team_id\";s:16:\"staff__firstname\";s:16:\"staff__firstname\";s:15:\"staff__lastname\";s:15:\"staff__lastname\";s:10:\"team__name\";s:10:\"team__name\";s:10:\"dept__name\";s:10:\"dept__name\";s:12:\"cdata__title\";s:12:\"cdata__title\";s:5:\"flags\";s:5:\"flags\";s:14:\"ticket__number\";s:14:\"ticket__number\";s:17:\"ticket__ticket_id\";s:17:\"ticket__ticket_id\";}s:5:\"defer\";a:0:{}s:10:\"aggregated\";b:0;s:11:\"annotations\";a:3:{s:12:\"collab_count\";O:12:\"SqlAggregate\":5:{s:5:\"alias\";s:12:\"collab_count\";s:4:\"func\";s:5:\"COUNT\";s:4:\"expr\";s:21:\"thread__collaborators\";s:8:\"distinct\";b:1;s:10:\"constraint\";b:0;}s:16:\"attachment_count\";O:12:\"SqlAggregate\":5:{s:5:\"alias\";s:16:\"attachment_count\";s:4:\"func\";s:5:\"COUNT\";s:4:\"expr\";O:7:\"SqlCase\":5:{s:5:\"alias\";N;s:5:\"cases\";a:1:{i:0;a:2:{i:0;O:8:\"SqlField\":5:{s:5:\"alias\";N;s:8:\"operator\";N;s:8:\"operands\";N;s:5:\"level\";i:0;s:5:\"field\";s:36:\"thread__entries__attachments__inline\";}i:1;N;}}s:4:\"else\";O:8:\"SqlField\":5:{s:5:\"alias\";N;s:8:\"operator\";N;s:8:\"operands\";N;s:5:\"level\";i:0;s:5:\"field\";s:28:\"thread__entries__attachments\";}s:4:\"func\";s:4:\"CASE\";s:4:\"args\";a:0:{}}s:8:\"distinct\";b:1;s:10:\"constraint\";b:0;}s:12:\"thread_count\";O:12:\"SqlAggregate\":5:{s:5:\"alias\";s:12:\"thread_count\";s:4:\"func\";s:5:\"COUNT\";s:4:\"expr\";O:7:\"SqlCase\":5:{s:5:\"alias\";N;s:5:\"cases\";a:1:{i:0;a:2:{i:0;O:1:\"Q\":3:{i:0;i:0;i:1;i:0;i:2;a:1:{s:30:\"thread__entries__flags__hasbit\";i:4;}}i:1;N;}}s:4:\"else\";O:8:\"SqlField\":5:{s:5:\"alias\";N;s:8:\"operator\";N;s:8:\"operands\";N;s:5:\"level\";i:0;s:5:\"field\";s:19:\"thread__entries__id\";}s:4:\"func\";s:4:\"CASE\";s:4:\"args\";a:0:{}}s:8:\"distinct\";b:1;s:10:\"constraint\";b:0;}}s:5:\"extra\";a:0:{}s:8:\"distinct\";a:0:{}s:4:\"lock\";b:0;s:5:\"chain\";a:0:{}s:7:\"options\";a:0:{}s:4:\"iter\";i:2;s:8:\"compiler\";s:13:\"MySqlCompiler\";}::Q:T|i:1;sort|a:1:{i:1;a:2:{s:9:\"queuesort\";O:9:\"QueueSort\":7:{s:2:\"ht\";a:5:{s:2:\"id\";i:1;s:4:\"root\";N;s:4:\"name\";s:32:\"Priority + Most Recently Updated\";s:7:\"columns\";s:34:\"[\"-cdata__priority\",\"-lastupdate\"]\";s:7:\"updated\";s:19:\"2026-02-19 18:15:04\";}s:5:\"dirty\";a:0:{}s:7:\"__new__\";b:0;s:11:\"__deleted__\";b:0;s:12:\"__deferred__\";a:0:{}s:8:\"_columns\";a:2:{s:15:\"cdata__priority\";b:1;s:10:\"lastupdate\";b:1;}s:6:\"_extra\";N;}s:3:\"dir\";i:0;}}TTD|i:1771867844;','2026-02-23 18:30:44','2026-02-23 18:28:44','1','::1','Mozilla/5.0 (Windows NT 10.0; Win64; x64; rv:147.0) Gecko/20100101 Firefox/147.0'),
('ecf8d3ce37e3147d4d7074a2612d642f','csrf|a:2:{s:5:\"token\";s:40:\"025a59858d4f50a35e66d38089b62ff722e382b6\";s:4:\"time\";i:1771540006;}_staff|a:1:{s:4:\"auth\";a:2:{s:4:\"dest\";s:16:\"/scp/plugins.php\";s:3:\"msg\";s:23:\"Authentication Required\";}}_auth|a:1:{s:5:\"staff\";a:3:{s:2:\"id\";i:1;s:3:\"key\";s:14:\"local:ostadmin\";s:3:\"2fa\";N;}}:token|a:1:{s:5:\"staff\";s:76:\"6d7a057cdc38abef63baa145e6e1b8d2:1771539996:8d91ec19a492cb0772c6acf25e9bdb0e\";}TIME_BOMB|i:1771540006;cfg:core|a:1:{s:11:\"db_timezone\";s:13:\"Europe/Berlin\";}lastcroncall|i:1771539996;TTD|i:1771540275;','2026-02-19 23:31:15','2026-02-19 23:29:15','1','192.168.194.181','Mozilla/5.0 (Windows NT 10.0; Win64; x64; rv:147.0) Gecko/20100101 Firefox/147.0'),
('edb1b0936a8d068c09303a06b9627fb1','csrf|N;','2026-02-24 17:11:09','2026-02-23 17:11:09','0','',''),
('ee50485b15a763cd07a06d690317e921','csrf|a:2:{s:5:\"token\";s:40:\"b62a283ecd5ca9222a6c902fef31d4250bdd7209\";s:4:\"time\";i:1771524155;}','2026-02-20 19:02:35','2026-02-19 19:02:35','0','127.0.0.1','curl/8.14.1'),
('eef521dbcb151a6af5c29d052e50a352','csrf|a:2:{s:5:\"token\";s:40:\"34b490c6493b78ff4fb429fe0f95c8afc55b62a8\";s:4:\"time\";i:1771867816;}_staff|a:1:{s:4:\"auth\";a:2:{s:4:\"dest\";s:21:\"/scp/tickets.php?id=1\";s:3:\"msg\";s:23:\"Authentication Required\";}}_auth|a:1:{s:5:\"staff\";a:3:{s:2:\"id\";i:1;s:3:\"key\";s:14:\"local:ostadmin\";s:3:\"2fa\";N;}}:token|a:1:{s:5:\"staff\";s:76:\"3cb05b094f40f5df7bbf3f84c2deba24:1771867789:837ec5754f503cfaaee0929fd48974e7\";}TIME_BOMB|i:1771869524;cfg:core|a:1:{s:11:\"db_timezone\";s:13:\"Europe/Berlin\";}lastcroncall|i:1771867725;::Q:A|s:0:\"\";:QA::sort|a:2:{i:0;s:7:\"created\";i:1;i:0;}:Q:tasks|O:8:\"QuerySet\":16:{s:5:\"model\";s:4:\"Task\";s:11:\"constraints\";a:2:{i:0;O:1:\"Q\":3:{i:0;i:0;i:1;i:0;i:2;a:1:{i:0;O:1:\"Q\":3:{i:0;i:0;i:1;i:0;i:2;a:1:{s:13:\"flags__hasbit\";i:1;}}}}i:1;O:1:\"Q\":3:{i:0;i:0;i:1;i:0;i:2;a:1:{i:0;O:1:\"Q\":3:{i:0;i:0;i:1;i:2;i:2;a:3:{i:0;O:1:\"Q\":3:{i:0;i:0;i:1;i:0;i:2;a:2:{s:13:\"flags__hasbit\";i:1;s:8:\"staff_id\";i:1;}}i:1;O:1:\"Q\":3:{i:0;i:0;i:1;i:0;i:2;a:2:{s:16:\"ticket__staff_id\";i:1;s:21:\"ticket__status__state\";s:4:\"open\";}}i:2;O:1:\"Q\":3:{i:0;i:0;i:1;i:0;i:2;a:1:{s:11:\"dept_id__in\";a:3:{i:0;i:1;i:1;i:2;i:2;i:3;}}}}}}}}s:16:\"path_constraints\";a:0:{}s:8:\"ordering\";a:1:{i:0;s:8:\"-created\";}s:7:\"related\";b:0;s:6:\"values\";a:14:{s:2:\"id\";s:2:\"id\";s:6:\"number\";s:6:\"number\";s:7:\"created\";s:7:\"created\";s:8:\"staff_id\";s:8:\"staff_id\";s:7:\"dept_id\";s:7:\"dept_id\";s:7:\"team_id\";s:7:\"team_id\";s:16:\"staff__firstname\";s:16:\"staff__firstname\";s:15:\"staff__lastname\";s:15:\"staff__lastname\";s:10:\"team__name\";s:10:\"team__name\";s:10:\"dept__name\";s:10:\"dept__name\";s:12:\"cdata__title\";s:12:\"cdata__title\";s:5:\"flags\";s:5:\"flags\";s:14:\"ticket__number\";s:14:\"ticket__number\";s:17:\"ticket__ticket_id\";s:17:\"ticket__ticket_id\";}s:5:\"defer\";a:0:{}s:10:\"aggregated\";b:0;s:11:\"annotations\";a:3:{s:12:\"collab_count\";O:12:\"SqlAggregate\":5:{s:5:\"alias\";s:12:\"collab_count\";s:4:\"func\";s:5:\"COUNT\";s:4:\"expr\";s:21:\"thread__collaborators\";s:8:\"distinct\";b:1;s:10:\"constraint\";b:0;}s:16:\"attachment_count\";O:12:\"SqlAggregate\":5:{s:5:\"alias\";s:16:\"attachment_count\";s:4:\"func\";s:5:\"COUNT\";s:4:\"expr\";O:7:\"SqlCase\":5:{s:5:\"alias\";N;s:5:\"cases\";a:1:{i:0;a:2:{i:0;O:8:\"SqlField\":5:{s:5:\"alias\";N;s:8:\"operator\";N;s:8:\"operands\";N;s:5:\"level\";i:0;s:5:\"field\";s:36:\"thread__entries__attachments__inline\";}i:1;N;}}s:4:\"else\";O:8:\"SqlField\":5:{s:5:\"alias\";N;s:8:\"operator\";N;s:8:\"operands\";N;s:5:\"level\";i:0;s:5:\"field\";s:28:\"thread__entries__attachments\";}s:4:\"func\";s:4:\"CASE\";s:4:\"args\";a:0:{}}s:8:\"distinct\";b:1;s:10:\"constraint\";b:0;}s:12:\"thread_count\";O:12:\"SqlAggregate\":5:{s:5:\"alias\";s:12:\"thread_count\";s:4:\"func\";s:5:\"COUNT\";s:4:\"expr\";O:7:\"SqlCase\":5:{s:5:\"alias\";N;s:5:\"cases\";a:1:{i:0;a:2:{i:0;O:1:\"Q\":3:{i:0;i:0;i:1;i:0;i:2;a:1:{s:30:\"thread__entries__flags__hasbit\";i:4;}}i:1;N;}}s:4:\"else\";O:8:\"SqlField\":5:{s:5:\"alias\";N;s:8:\"operator\";N;s:8:\"operands\";N;s:5:\"level\";i:0;s:5:\"field\";s:19:\"thread__entries__id\";}s:4:\"func\";s:4:\"CASE\";s:4:\"args\";a:0:{}}s:8:\"distinct\";b:1;s:10:\"constraint\";b:0;}}s:5:\"extra\";a:0:{}s:8:\"distinct\";a:0:{}s:4:\"lock\";b:0;s:5:\"chain\";a:0:{}s:7:\"options\";a:0:{}s:4:\"iter\";i:2;s:8:\"compiler\";s:13:\"MySqlCompiler\";}::Q:T|i:1;sort|a:1:{i:1;a:2:{s:9:\"queuesort\";O:9:\"QueueSort\":7:{s:2:\"ht\";a:5:{s:2:\"id\";i:1;s:4:\"root\";N;s:4:\"name\";s:32:\"Priority + Most Recently Updated\";s:7:\"columns\";s:34:\"[\"-cdata__priority\",\"-lastupdate\"]\";s:7:\"updated\";s:19:\"2026-02-19 18:15:04\";}s:5:\"dirty\";a:0:{}s:7:\"__new__\";b:0;s:11:\"__deleted__\";b:0;s:12:\"__deferred__\";a:0:{}s:8:\"_columns\";a:2:{s:15:\"cdata__priority\";b:1;s:10:\"lastupdate\";b:1;}s:6:\"_extra\";N;}s:3:\"dir\";i:0;}}:uploadedFiles|a:1:{i:3;s:44:\"d305860a8a3d474f8927ec785aaa7aaaf47c0ac1.png\";}:form-data|N;TTD|i:1771867936;','2026-02-23 18:32:16','2026-02-23 18:30:16','1','::1','Mozilla/5.0 (Windows NT 10.0; Win64; x64; rv:147.0) Gecko/20100101 Firefox/147.0'),
('eff93c868e80c7d6565477f011c4002d','csrf|N;','2026-02-24 17:14:31','2026-02-23 17:14:31','0','',''),
('f0cac1ece691d374dd9e3a3ad5713b3f','csrf|N;','2026-02-24 17:14:46','2026-02-23 17:14:46','0','',''),
('f53cf82dd80531b91de2274ceb189631','csrf|a:2:{s:5:\"token\";s:40:\"1e543e5094ceba1f92ff9cc8a3aae869d342cf12\";s:4:\"time\";i:1771693359;}_staff|a:1:{s:4:\"auth\";a:2:{s:4:\"dest\";s:21:\"/scp/tickets.php?id=2\";s:3:\"msg\";s:23:\"Authentication Required\";}}_auth|a:1:{s:5:\"staff\";N;}','2026-02-22 18:02:39','2026-02-21 18:02:39','0','192.168.194.181','Mozilla/5.0 (Windows NT 10.0; Win64; x64; rv:147.0) Gecko/20100101 Firefox/147.0'),
('f5563d8c2629da4e2f06c37a48246801','csrf|N;_staff|a:1:{s:4:\"auth\";a:2:{s:4:\"dest\";s:5:\"/scp/\";s:3:\"msg\";s:23:\"Authentication Required\";}}','2026-02-20 18:15:21','2026-02-19 18:15:21','0','127.0.0.1','curl/8.14.1'),
('f866e1f15954a67c2f1aebad0b878cbe','csrf|a:2:{s:5:\"token\";s:40:\"ca9a46fb832a11a5d8e16943b3c76afe798850ae\";s:4:\"time\";i:1771524688;}','2026-02-20 19:11:28','2026-02-19 19:11:28','0','127.0.0.1','curl/8.14.1'),
('fc7d1f6a5d19e6e14e7da2571b738928','csrf|N;','2026-02-24 17:11:01','2026-02-23 17:11:01','0','',''),
('fd4a1b38f93f4064d1302efd124c217d','csrf|N;','2026-02-24 18:02:41','2026-02-23 18:02:41','0','','');
/*!40000 ALTER TABLE `ost_session` ENABLE KEYS */;
UNLOCK TABLES;
commit;

--
-- Table structure for table `ost_sla`
--

DROP TABLE IF EXISTS `ost_sla`;
/*!40101 SET @saved_cs_client     = @@character_set_client */;
/*!40101 SET character_set_client = utf8mb4 */;
CREATE TABLE `ost_sla` (
  `id` int(11) unsigned NOT NULL AUTO_INCREMENT,
  `schedule_id` int(10) unsigned NOT NULL DEFAULT 0,
  `flags` int(10) unsigned NOT NULL DEFAULT 3,
  `grace_period` int(10) unsigned NOT NULL DEFAULT 0,
  `name` varchar(64) NOT NULL DEFAULT '',
  `notes` text DEFAULT NULL,
  `created` datetime NOT NULL,
  `updated` datetime NOT NULL,
  PRIMARY KEY (`id`),
  UNIQUE KEY `name` (`name`)
) ENGINE=InnoDB AUTO_INCREMENT=2 DEFAULT CHARSET=utf8mb3 COLLATE=utf8mb3_uca1400_ai_ci;
/*!40101 SET character_set_client = @saved_cs_client */;

--
-- Dumping data for table `ost_sla`
--

LOCK TABLES `ost_sla` WRITE;
/*!40000 ALTER TABLE `ost_sla` DISABLE KEYS */;
set autocommit=0;
INSERT INTO `ost_sla` VALUES
(1,0,3,18,'Default SLA',NULL,'2026-02-19 18:15:03','2026-02-19 18:15:03');
/*!40000 ALTER TABLE `ost_sla` ENABLE KEYS */;
UNLOCK TABLES;
commit;

--
-- Table structure for table `ost_staff`
--

DROP TABLE IF EXISTS `ost_staff`;
/*!40101 SET @saved_cs_client     = @@character_set_client */;
/*!40101 SET character_set_client = utf8mb4 */;
CREATE TABLE `ost_staff` (
  `staff_id` int(11) unsigned NOT NULL AUTO_INCREMENT,
  `dept_id` int(10) unsigned NOT NULL DEFAULT 0,
  `role_id` int(10) unsigned NOT NULL DEFAULT 0,
  `username` varchar(32) NOT NULL DEFAULT '',
  `firstname` varchar(32) DEFAULT NULL,
  `lastname` varchar(32) DEFAULT NULL,
  `passwd` varchar(128) DEFAULT NULL,
  `backend` varchar(32) DEFAULT NULL,
  `email` varchar(255) DEFAULT NULL,
  `phone` varchar(24) NOT NULL DEFAULT '',
  `phone_ext` varchar(6) DEFAULT NULL,
  `mobile` varchar(24) NOT NULL DEFAULT '',
  `signature` text NOT NULL,
  `lang` varchar(16) DEFAULT NULL,
  `timezone` varchar(64) DEFAULT NULL,
  `locale` varchar(16) DEFAULT NULL,
  `notes` text DEFAULT NULL,
  `isactive` tinyint(1) NOT NULL DEFAULT 1,
  `isadmin` tinyint(1) NOT NULL DEFAULT 0,
  `isvisible` tinyint(1) unsigned NOT NULL DEFAULT 1,
  `onvacation` tinyint(1) unsigned NOT NULL DEFAULT 0,
  `assigned_only` tinyint(1) unsigned NOT NULL DEFAULT 0,
  `show_assigned_tickets` tinyint(1) unsigned NOT NULL DEFAULT 0,
  `change_passwd` tinyint(1) unsigned NOT NULL DEFAULT 0,
  `max_page_size` int(11) unsigned NOT NULL DEFAULT 0,
  `auto_refresh_rate` int(10) unsigned NOT NULL DEFAULT 0,
  `default_signature_type` enum('none','mine','dept') NOT NULL DEFAULT 'none',
  `default_paper_size` enum('Letter','Legal','Ledger','A4','A3') NOT NULL DEFAULT 'Letter',
  `extra` text DEFAULT NULL,
  `permissions` text DEFAULT NULL,
  `created` datetime NOT NULL,
  `lastlogin` datetime DEFAULT NULL,
  `passwdreset` datetime DEFAULT NULL,
  `updated` datetime NOT NULL,
  PRIMARY KEY (`staff_id`),
  UNIQUE KEY `username` (`username`),
  KEY `dept_id` (`dept_id`),
  KEY `issuperuser` (`isadmin`),
  KEY `isactive` (`isactive`),
  KEY `onvacation` (`onvacation`)
) ENGINE=InnoDB AUTO_INCREMENT=3 DEFAULT CHARSET=utf8mb3 COLLATE=utf8mb3_uca1400_ai_ci;
/*!40101 SET character_set_client = @saved_cs_client */;

--
-- Dumping data for table `ost_staff`
--

LOCK TABLES `ost_staff` WRITE;
/*!40000 ALTER TABLE `ost_staff` DISABLE KEYS */;
set autocommit=0;
INSERT INTO `ost_staff` VALUES
(1,1,1,'ostadmin','Root','Admin','$2a$08$Ad.EtInjaaYJslc.jXDsd.lbdh2eSUHjxgTVzboXyn89i/t6QUOwq',NULL,'admin@ki-projekt.local','',NULL,'','',NULL,NULL,NULL,NULL,1,1,1,0,0,0,0,25,0,'none','Letter','{\"browser_lang\":\"en_US\"}','{\"user.create\":1,\"user.delete\":1,\"user.edit\":1,\"user.manage\":1,\"user.dir\":1,\"org.create\":1,\"org.delete\":1,\"org.edit\":1,\"faq.manage\":1,\"visibility.agents\":1,\"emails.banlist\":1,\"visibility.departments\":1}','2026-02-19 18:15:04','2026-02-23 18:58:16','2026-02-19 18:15:04','2026-02-23 18:58:16'),
(2,1,1,'admin2','Admin','User','$2a$08$Ou3rerTJB2CeW.ieicO91OqoIpp/Ub6M3TqDeetSXJ1Hg8PUy/Ope',NULL,'admin2@ki-projekt.local','',NULL,'','',NULL,NULL,NULL,NULL,1,1,1,0,0,0,0,25,0,'none','Letter','{\"browser_lang\":\"en_US\"}','{\"user.create\":1,\"user.delete\":1,\"user.edit\":1,\"user.manage\":1,\"user.dir\":1,\"org.create\":1,\"org.delete\":1,\"org.edit\":1,\"faq.manage\":1,\"visibility.agents\":1,\"emails.banlist\":1,\"visibility.departments\":1}','2026-02-23 09:48:38','2026-02-23 09:50:12','2026-02-23 09:50:36','2026-02-23 09:50:36');
/*!40000 ALTER TABLE `ost_staff` ENABLE KEYS */;
UNLOCK TABLES;
commit;

--
-- Table structure for table `ost_staff_dept_access`
--

DROP TABLE IF EXISTS `ost_staff_dept_access`;
/*!40101 SET @saved_cs_client     = @@character_set_client */;
/*!40101 SET character_set_client = utf8mb4 */;
CREATE TABLE `ost_staff_dept_access` (
  `staff_id` int(10) unsigned NOT NULL DEFAULT 0,
  `dept_id` int(10) unsigned NOT NULL DEFAULT 0,
  `role_id` int(10) unsigned NOT NULL DEFAULT 0,
  `flags` int(10) unsigned NOT NULL DEFAULT 1,
  PRIMARY KEY (`staff_id`,`dept_id`),
  KEY `dept_id` (`dept_id`)
) ENGINE=InnoDB DEFAULT CHARSET=utf8mb3 COLLATE=utf8mb3_uca1400_ai_ci;
/*!40101 SET character_set_client = @saved_cs_client */;

--
-- Dumping data for table `ost_staff_dept_access`
--

LOCK TABLES `ost_staff_dept_access` WRITE;
/*!40000 ALTER TABLE `ost_staff_dept_access` DISABLE KEYS */;
set autocommit=0;
INSERT INTO `ost_staff_dept_access` VALUES
(1,2,1,1),
(1,3,1,1),
(2,2,1,1),
(2,3,1,1);
/*!40000 ALTER TABLE `ost_staff_dept_access` ENABLE KEYS */;
UNLOCK TABLES;
commit;

--
-- Table structure for table `ost_syslog`
--

DROP TABLE IF EXISTS `ost_syslog`;
/*!40101 SET @saved_cs_client     = @@character_set_client */;
/*!40101 SET character_set_client = utf8mb4 */;
CREATE TABLE `ost_syslog` (
  `log_id` int(11) unsigned NOT NULL AUTO_INCREMENT,
  `log_type` enum('Debug','Warning','Error') NOT NULL,
  `title` varchar(255) NOT NULL,
  `log` text NOT NULL,
  `logger` varchar(64) NOT NULL,
  `ip_address` varchar(64) NOT NULL,
  `created` datetime NOT NULL,
  `updated` datetime NOT NULL,
  PRIMARY KEY (`log_id`),
  KEY `log_type` (`log_type`)
) ENGINE=InnoDB AUTO_INCREMENT=11 DEFAULT CHARSET=utf8mb3 COLLATE=utf8mb3_uca1400_ai_ci;
/*!40101 SET character_set_client = @saved_cs_client */;

--
-- Dumping data for table `ost_syslog`
--

LOCK TABLES `ost_syslog` WRITE;
/*!40000 ALTER TABLE `ost_syslog` DISABLE KEYS */;
set autocommit=0;
INSERT INTO `ost_syslog` VALUES
(1,'Debug','osTicket installed!','Congratulations osTicket basic installation completed!\n\nThank you for choosing osTicket!','','127.0.0.1','2026-02-19 18:15:04','2026-02-19 18:15:04'),
(2,'Error','Mailer Error','Unable to email via Sendmail Unable to send mail: Unknown error ','','192.168.194.181','2026-02-19 23:32:15','2026-02-19 23:32:15'),
(3,'Error','Mailer Error','Unable to email via Sendmail Unable to send mail: Unknown error ','','192.168.194.181','2026-02-19 23:32:15','2026-02-19 23:32:15'),
(4,'Error','Mailer Error','Unable to email via Sendmail Unable to send mail: Unknown error ','','192.168.194.181','2026-02-19 23:41:05','2026-02-19 23:41:05'),
(5,'Error','Mailer Error','Unable to email via Sendmail Unable to send mail: Unknown error ','','192.168.194.181','2026-02-19 23:41:05','2026-02-19 23:41:05'),
(6,'Warning','Invalid CSRF Token __CSRFToken__','Invalid CSRF token [377e9fb17ab4f1bc3ac3533c963c32b176b542f8] on http://192.168.194.65/scp/login.php','','192.168.194.66','2026-02-23 09:49:47','2026-02-23 09:49:47'),
(7,'Error','Mailer Error','Unable to email via Sendmail Unable to send mail: Unknown error ','','192.168.194.181','2026-02-23 16:23:43','2026-02-23 16:23:43'),
(8,'Error','Mailer Error','Unable to email via Sendmail Unable to send mail: Unknown error ','','192.168.194.181','2026-02-23 16:23:43','2026-02-23 16:23:43'),
(9,'Error','Mailer Error','Unable to email via Sendmail Unable to send mail: Unknown error ','','::1','2026-02-23 18:30:16','2026-02-23 18:30:16'),
(10,'Error','Mailer Error','Unable to email via Sendmail Unable to send mail: Unknown error ','','::1','2026-02-23 18:30:16','2026-02-23 18:30:16');
/*!40000 ALTER TABLE `ost_syslog` ENABLE KEYS */;
UNLOCK TABLES;
commit;

--
-- Table structure for table `ost_task`
--

DROP TABLE IF EXISTS `ost_task`;
/*!40101 SET @saved_cs_client     = @@character_set_client */;
/*!40101 SET character_set_client = utf8mb4 */;
CREATE TABLE `ost_task` (
  `id` int(11) unsigned NOT NULL AUTO_INCREMENT,
  `object_id` int(11) NOT NULL DEFAULT 0,
  `object_type` char(1) NOT NULL,
  `number` varchar(20) DEFAULT NULL,
  `dept_id` int(10) unsigned NOT NULL DEFAULT 0,
  `staff_id` int(10) unsigned NOT NULL DEFAULT 0,
  `team_id` int(10) unsigned NOT NULL DEFAULT 0,
  `lock_id` int(11) unsigned NOT NULL DEFAULT 0,
  `flags` int(10) unsigned NOT NULL DEFAULT 0,
  `duedate` datetime DEFAULT NULL,
  `closed` datetime DEFAULT NULL,
  `created` datetime NOT NULL,
  `updated` datetime NOT NULL,
  PRIMARY KEY (`id`),
  KEY `dept_id` (`dept_id`),
  KEY `staff_id` (`staff_id`),
  KEY `team_id` (`team_id`),
  KEY `created` (`created`),
  KEY `object` (`object_id`,`object_type`),
  KEY `flags` (`flags`)
) ENGINE=InnoDB DEFAULT CHARSET=utf8mb3 COLLATE=utf8mb3_uca1400_ai_ci;
/*!40101 SET character_set_client = @saved_cs_client */;

--
-- Dumping data for table `ost_task`
--

LOCK TABLES `ost_task` WRITE;
/*!40000 ALTER TABLE `ost_task` DISABLE KEYS */;
set autocommit=0;
/*!40000 ALTER TABLE `ost_task` ENABLE KEYS */;
UNLOCK TABLES;
commit;

--
-- Table structure for table `ost_task__cdata`
--

DROP TABLE IF EXISTS `ost_task__cdata`;
/*!40101 SET @saved_cs_client     = @@character_set_client */;
/*!40101 SET character_set_client = utf8mb4 */;
CREATE TABLE `ost_task__cdata` (
  `task_id` int(11) unsigned NOT NULL,
  `title` mediumtext DEFAULT NULL,
  PRIMARY KEY (`task_id`)
) ENGINE=InnoDB DEFAULT CHARSET=utf8mb3 COLLATE=utf8mb3_uca1400_ai_ci;
/*!40101 SET character_set_client = @saved_cs_client */;

--
-- Dumping data for table `ost_task__cdata`
--

LOCK TABLES `ost_task__cdata` WRITE;
/*!40000 ALTER TABLE `ost_task__cdata` DISABLE KEYS */;
set autocommit=0;
/*!40000 ALTER TABLE `ost_task__cdata` ENABLE KEYS */;
UNLOCK TABLES;
commit;

--
-- Table structure for table `ost_team`
--

DROP TABLE IF EXISTS `ost_team`;
/*!40101 SET @saved_cs_client     = @@character_set_client */;
/*!40101 SET character_set_client = utf8mb4 */;
CREATE TABLE `ost_team` (
  `team_id` int(10) unsigned NOT NULL AUTO_INCREMENT,
  `lead_id` int(10) unsigned NOT NULL DEFAULT 0,
  `flags` int(10) unsigned NOT NULL DEFAULT 1,
  `name` varchar(125) NOT NULL DEFAULT '',
  `notes` text DEFAULT NULL,
  `created` datetime NOT NULL,
  `updated` datetime NOT NULL,
  PRIMARY KEY (`team_id`),
  UNIQUE KEY `name` (`name`),
  KEY `lead_id` (`lead_id`)
) ENGINE=InnoDB AUTO_INCREMENT=2 DEFAULT CHARSET=utf8mb3 COLLATE=utf8mb3_uca1400_ai_ci;
/*!40101 SET character_set_client = @saved_cs_client */;

--
-- Dumping data for table `ost_team`
--

LOCK TABLES `ost_team` WRITE;
/*!40000 ALTER TABLE `ost_team` DISABLE KEYS */;
set autocommit=0;
INSERT INTO `ost_team` VALUES
(1,0,1,'Level I Support','Tier 1 support, responsible for the initial iteraction with customers','2026-02-19 18:15:04','2026-02-19 18:15:04');
/*!40000 ALTER TABLE `ost_team` ENABLE KEYS */;
UNLOCK TABLES;
commit;

--
-- Table structure for table `ost_team_member`
--

DROP TABLE IF EXISTS `ost_team_member`;
/*!40101 SET @saved_cs_client     = @@character_set_client */;
/*!40101 SET character_set_client = utf8mb4 */;
CREATE TABLE `ost_team_member` (
  `team_id` int(10) unsigned NOT NULL DEFAULT 0,
  `staff_id` int(10) unsigned NOT NULL,
  `flags` int(10) unsigned NOT NULL DEFAULT 0,
  PRIMARY KEY (`team_id`,`staff_id`),
  KEY `staff_id` (`staff_id`)
) ENGINE=InnoDB DEFAULT CHARSET=utf8mb3 COLLATE=utf8mb3_uca1400_ai_ci;
/*!40101 SET character_set_client = @saved_cs_client */;

--
-- Dumping data for table `ost_team_member`
--

LOCK TABLES `ost_team_member` WRITE;
/*!40000 ALTER TABLE `ost_team_member` DISABLE KEYS */;
set autocommit=0;
/*!40000 ALTER TABLE `ost_team_member` ENABLE KEYS */;
UNLOCK TABLES;
commit;

--
-- Table structure for table `ost_thread`
--

DROP TABLE IF EXISTS `ost_thread`;
/*!40101 SET @saved_cs_client     = @@character_set_client */;
/*!40101 SET character_set_client = utf8mb4 */;
CREATE TABLE `ost_thread` (
  `id` int(11) unsigned NOT NULL AUTO_INCREMENT,
  `object_id` int(11) unsigned NOT NULL,
  `object_type` char(1) NOT NULL,
  `extra` text DEFAULT NULL,
  `lastresponse` datetime DEFAULT NULL,
  `lastmessage` datetime DEFAULT NULL,
  `created` datetime NOT NULL,
  PRIMARY KEY (`id`),
  KEY `object_id` (`object_id`),
  KEY `object_type` (`object_type`)
) ENGINE=InnoDB AUTO_INCREMENT=6 DEFAULT CHARSET=utf8mb3 COLLATE=utf8mb3_uca1400_ai_ci;
/*!40101 SET character_set_client = @saved_cs_client */;

--
-- Dumping data for table `ost_thread`
--

LOCK TABLES `ost_thread` WRITE;
/*!40000 ALTER TABLE `ost_thread` DISABLE KEYS */;
set autocommit=0;
INSERT INTO `ost_thread` VALUES
(1,1,'T',NULL,NULL,'2026-02-19 18:15:04','2026-02-19 18:15:04'),
(2,2,'T',NULL,NULL,'2026-02-19 23:32:15','2026-02-19 23:32:15'),
(3,3,'T',NULL,'2026-02-19 23:41:05','2026-02-19 23:41:05','2026-02-19 23:41:05'),
(4,4,'T',NULL,NULL,'2026-02-23 16:23:43','2026-02-23 16:23:43'),
(5,5,'T',NULL,NULL,'2026-02-23 18:30:16','2026-02-23 18:30:16');
/*!40000 ALTER TABLE `ost_thread` ENABLE KEYS */;
UNLOCK TABLES;
commit;

--
-- Table structure for table `ost_thread_collaborator`
--

DROP TABLE IF EXISTS `ost_thread_collaborator`;
/*!40101 SET @saved_cs_client     = @@character_set_client */;
/*!40101 SET character_set_client = utf8mb4 */;
CREATE TABLE `ost_thread_collaborator` (
  `id` int(11) unsigned NOT NULL AUTO_INCREMENT,
  `flags` int(10) unsigned NOT NULL DEFAULT 1,
  `thread_id` int(11) unsigned NOT NULL DEFAULT 0,
  `user_id` int(11) unsigned NOT NULL DEFAULT 0,
  `role` char(1) NOT NULL DEFAULT 'M',
  `created` datetime NOT NULL,
  `updated` datetime NOT NULL,
  PRIMARY KEY (`id`),
  UNIQUE KEY `collab` (`thread_id`,`user_id`),
  KEY `user_id` (`user_id`)
) ENGINE=InnoDB DEFAULT CHARSET=utf8mb3 COLLATE=utf8mb3_uca1400_ai_ci;
/*!40101 SET character_set_client = @saved_cs_client */;

--
-- Dumping data for table `ost_thread_collaborator`
--

LOCK TABLES `ost_thread_collaborator` WRITE;
/*!40000 ALTER TABLE `ost_thread_collaborator` DISABLE KEYS */;
set autocommit=0;
/*!40000 ALTER TABLE `ost_thread_collaborator` ENABLE KEYS */;
UNLOCK TABLES;
commit;

--
-- Table structure for table `ost_thread_entry`
--

DROP TABLE IF EXISTS `ost_thread_entry`;
/*!40101 SET @saved_cs_client     = @@character_set_client */;
/*!40101 SET character_set_client = utf8mb4 */;
CREATE TABLE `ost_thread_entry` (
  `id` int(11) unsigned NOT NULL AUTO_INCREMENT,
  `pid` int(11) unsigned NOT NULL DEFAULT 0,
  `thread_id` int(11) unsigned NOT NULL DEFAULT 0,
  `staff_id` int(11) unsigned NOT NULL DEFAULT 0,
  `user_id` int(11) unsigned NOT NULL DEFAULT 0,
  `type` char(1) NOT NULL DEFAULT '',
  `flags` int(11) unsigned NOT NULL DEFAULT 0,
  `poster` varchar(128) NOT NULL DEFAULT '',
  `editor` int(10) unsigned DEFAULT NULL,
  `editor_type` char(1) DEFAULT NULL,
  `source` varchar(32) NOT NULL DEFAULT '',
  `title` varchar(255) DEFAULT NULL,
  `body` text NOT NULL,
  `format` varchar(16) NOT NULL DEFAULT 'html',
  `ip_address` varchar(64) NOT NULL DEFAULT '',
  `extra` text DEFAULT NULL,
  `recipients` text DEFAULT NULL,
  `created` datetime NOT NULL,
  `updated` datetime NOT NULL,
  PRIMARY KEY (`id`),
  KEY `pid` (`pid`),
  KEY `thread_id` (`thread_id`),
  KEY `staff_id` (`staff_id`),
  KEY `type` (`type`)
) ENGINE=InnoDB AUTO_INCREMENT=20 DEFAULT CHARSET=utf8mb3 COLLATE=utf8mb3_uca1400_ai_ci;
/*!40101 SET character_set_client = @saved_cs_client */;

--
-- Dumping data for table `ost_thread_entry`
--

LOCK TABLES `ost_thread_entry` WRITE;
/*!40000 ALTER TABLE `ost_thread_entry` DISABLE KEYS */;
set autocommit=0;
INSERT INTO `ost_thread_entry` VALUES
(1,0,1,0,1,'M',65,'osTicket Team',NULL,NULL,'Web','osTicket Installed!',' <p>Thank you for choosing osTicket. </p> <p>Please make sure you join the <a href=\"https://forum.osticket.com\">osTicket forums</a> and our <a href=\"https://osticket.com\">mailing list</a> to stay up to date on the latest news, security alerts and updates. The osTicket forums are also a great place to get assistance, guidance, tips, and help from other osTicket users. In addition to the forums, the <a href=\"https://docs.osticket.com\">osTicket Docs</a> provides a useful collection of educational materials, documentation, and notes from the community. We welcome your contributions to the osTicket community. </p> <p>If you are looking for a greater level of support, we provide professional services and commercial support with guaranteed response times, and access to the core development team. We can also help customize osTicket or even add new features to the system to meet your unique needs. </p> <p>If the idea of managing and upgrading this osTicket installation is daunting, you can try osTicket as a hosted service at <a href=\"https://supportsystem.com\">https://supportsystem.com/</a> -- no installation required and we can import your data! With SupportSystem\'s turnkey infrastructure, you get osTicket at its best, leaving you free to focus on your customers without the burden of making sure the application is stable, maintained, and secure. </p> <p>Cheers, </p> <p>-<br /> osTicket Team - https://osticket.com/ </p> <p><strong>PS.</strong> Don\'t just make customers happy, make happy customers! </p>','html','127.0.0.1',NULL,NULL,'2026-02-19 18:15:04','2026-02-19 18:15:04'),
(2,0,2,0,2,'M',577,'Yannick',NULL,NULL,'Email',NULL,'<p>Can\'t login</p>','html','192.168.194.181',NULL,'{\"to\":{\"2\":\"Yannick <yannick.beck@test.de>\"}}','2026-02-19 23:32:15','2026-02-19 23:32:15'),
(3,0,3,0,2,'M',577,'Yannick',NULL,NULL,'Email',NULL,'<p>ES GEHT NICHT</p>','html','192.168.194.181',NULL,'{\"to\":{\"2\":\"Yannick <yannick.beck@test.de>\"}}','2026-02-19 23:41:05','2026-02-19 23:41:05'),
(4,3,3,1,0,'R',576,'Root Admin',NULL,NULL,'Email',NULL,'<p>osTicket is a widely-used open source support ticket system, an</p> <p>attractive alternative to higher-cost and complex customer support</p> <p>systems - simple, lightweight, reliable, open source, web-based and easy</p> <p>to setup and use.</p>','html','192.168.194.181',NULL,'{\"to\":{\"2\":\"Yannick <yannick.beck@test.de>\"}}','2026-02-19 23:41:05','2026-02-19 23:41:05'),
(5,0,3,0,0,'N',192,'SYSTEM',NULL,NULL,'',' AI Draft Reply','<div style=\"border:2px solid #4A90D9;border-radius:6px;margin:5px 0;font-family:Arial, sans-serif\"><div style=\"background:#4A90D9;color:#fff;padding:8px 12px;font-size:14px;font-weight:bold\"> AI Reply Assistant — Draft Suggestion</div><div style=\"background:#f0f4f8;padding:6px 12px;font-size:12px;color:#555;border-bottom:1px solid #ddd\">Confidence: <strong style=\"color:#27ae60\">85%</strong>  |  Model: <strong>gemma3:4b</strong>  |  Tokens: 769  |  <span style=\"color:#e67e22;font-weight:bold\">⚠ More info needed</span></div><div style=\"padding:8px 12px;font-size:13px;color:#666;border-bottom:1px solid #eee\"><strong>Suggested Subject:</strong> Problembeschreibung</div><div style=\"padding:12px;font-size:14px;line-height:1.6;color:#333\"><strong> Draft Reply:</strong><br /><br />Es tut mir leid, dass es nicht funktioniert. Könnten Sie bitte genauer beschreiben, was nicht funktioniert?</div><div style=\"padding:10px 12px;background:#fff8e1;border-top:1px solid #ffe082\"><strong style=\"color:#e67e22\"> Suggested questions to ask the customer:</strong><ol style=\"margin:5px 0 5px 20px;padding:0\"><li style=\"margin:3px 0\">Welches Problem treten auf?</li><li style=\"margin:3px 0\">Welches System oder welche Anwendung betrifft das Problem?</li><li style=\"margin:3px 0\">Welche Fehlermeldung wird angezeigt?</li></ol></div><div style=\"padding:8px 12px;border-top:1px solid #eee;font-size:12px\"><strong> Suggested Tags:</strong> <span style=\"background:#e3edf7;color:#2c5282;padding:2px 8px;border-radius:10px;font-size:11px;margin:0 2px\">problem</span> <span style=\"background:#e3edf7;color:#2c5282;padding:2px 8px;border-radius:10px;font-size:11px;margin:0 2px\">support</span></div><div style=\"padding:6px 12px;background:#f9f9f9;border-top:1px solid #eee;font-size:11px;color:#999;font-style:italic\">⚠ This is an AI-generated draft. Review carefully before sending to the customer. Do not send without verification.</div></div>','html','192.168.194.181',NULL,NULL,'2026-02-19 23:44:18','2026-02-19 23:44:18'),
(6,0,2,0,0,'N',192,'SYSTEM',NULL,NULL,'',' AI Draft Reply','<div style=\"border:2px solid #4A90D9;border-radius:6px;margin:5px 0;font-family:Arial, sans-serif\"><div style=\"background:#4A90D9;color:#fff;padding:8px 12px;font-size:14px;font-weight:bold\"> AI Reply Assistant — Draft Suggestion</div><div style=\"background:#f0f4f8;padding:6px 12px;font-size:12px;color:#555;border-bottom:1px solid #ddd\">Confidence: <strong style=\"color:#27ae60\">90%</strong>  |  Model: <strong>gemma3:4b</strong>  |  Tokens: 743  |  <span style=\"color:#e67e22;font-weight:bold\">⚠ More info needed</span></div><div style=\"padding:8px 12px;font-size:13px;color:#666;border-bottom:1px solid #eee\"><strong>Suggested Subject:</strong> Login-Problem</div><div style=\"padding:12px;font-size:14px;line-height:1.6;color:#333\"><strong> Draft Reply:</strong><br /><br />Guten Tag Yannick,<br /> <br /> Ich verstehe, dass Sie Probleme beim Login haben. Da kein Wissensdatenbankinhalt verfügbar ist, kann ich Ihnen aktuell keine spezifischen Schritte zur Lösung anbieten. <br /> <br /> Bitte teilen Sie mir mit, ob Sie die üblichen Zugangsdaten verwenden und ob Sie Fehlermeldungen erhalten.</div><div style=\"padding:10px 12px;background:#fff8e1;border-top:1px solid #ffe082\"><strong style=\"color:#e67e22\"> Suggested questions to ask the customer:</strong><ol style=\"margin:5px 0 5px 20px;padding:0\"><li style=\"margin:3px 0\">Welche Zugangsdaten verwenden Sie (Benutzername/E-Mail und Passwort)?</li><li style=\"margin:3px 0\">Erhalten Sie beim Login eine Fehlermeldung? Wenn ja, wie lautet diese?</li><li style=\"margin:3px 0\">Haben Sie kürzlich Ihr Passwort geändert?</li></ol></div><div style=\"padding:8px 12px;border-top:1px solid #eee;font-size:12px\"><strong> Suggested Tags:</strong> <span style=\"background:#e3edf7;color:#2c5282;padding:2px 8px;border-radius:10px;font-size:11px;margin:0 2px\">login</span> <span style=\"background:#e3edf7;color:#2c5282;padding:2px 8px;border-radius:10px;font-size:11px;margin:0 2px\">account-access</span></div><div style=\"padding:6px 12px;background:#f9f9f9;border-top:1px solid #eee;font-size:11px;color:#999;font-style:italic\">⚠ This is an AI-generated draft. Review carefully before sending to the customer. Do not send without verification.</div></div>','html','192.168.194.181',NULL,NULL,'2026-02-20 00:03:19','2026-02-20 00:03:19'),
(7,0,2,0,0,'N',192,'SYSTEM',NULL,NULL,'',' AI Draft Reply','<div style=\"border:2px solid #4A90D9;border-radius:6px;margin:5px 0;font-family:Arial, sans-serif\"><div style=\"background:#4A90D9;color:#fff;padding:8px 12px;font-size:14px;font-weight:bold\"> AI Reply Assistant — Draft Suggestion</div><div style=\"background:#f0f4f8;padding:6px 12px;font-size:12px;color:#555;border-bottom:1px solid #ddd\">Confidence: <strong style=\"color:#27ae60\">95%</strong>  |  Model: <strong>gemma3:4b</strong>  |  Tokens: 1,607</div><div style=\"padding:8px 12px;font-size:13px;color:#666;border-bottom:1px solid #eee\"><strong>Suggested Subject:</strong> Login-Problem</div><div style=\"padding:12px;font-size:14px;line-height:1.6;color:#333\"><strong> Draft Reply:</strong><br /><br />Guten Tag,<br /> <br /> Bei Ihrem Login-Problem können Sie bitte zuerst Ihren Benutzernamen und UPN überprüfen. Bitte stellen Sie sicher, dass Sie die richtige Groß- und Kleinschreibung verwenden. Überprüfen Sie außerdem die Uhrzeit und die Zeitsynchronisation. Zudem sollten Sie den Netzwerkpfad und die DNS-Auflösung prüfen sowie den Status Ihrer Konto-Sperre und MFA-Status.<br /> <br /> Bitte dokumentieren Sie das Ergebnis jedes Anmeldeversuchs.<br /> <br /> Referenz: http://192.168.194.65/scp/categories.php?id=28</div><div style=\"padding:8px 12px;border-top:1px solid #eee;font-size:12px\"><strong> Suggested Tags:</strong> <span style=\"background:#e3edf7;color:#2c5282;padding:2px 8px;border-radius:10px;font-size:11px;margin:0 2px\">login</span> <span style=\"background:#e3edf7;color:#2c5282;padding:2px 8px;border-radius:10px;font-size:11px;margin:0 2px\">anmeldung</span> <span style=\"background:#e3edf7;color:#2c5282;padding:2px 8px;border-radius:10px;font-size:11px;margin:0 2px\">demomass</span></div><div style=\"padding:6px 12px;background:#f9f9f9;border-top:1px solid #eee;font-size:11px;color:#999;font-style:italic\">⚠ This is an AI-generated draft. Review carefully before sending to the customer. Do not send without verification.</div></div>','html','192.168.194.181',NULL,NULL,'2026-02-20 12:20:47','2026-02-20 12:20:47'),
(8,0,1,0,0,'N',192,'SYSTEM',NULL,NULL,'',' AI Draft Reply','<div style=\"border:2px solid #4A90D9;border-radius:6px;margin:5px 0;font-family:Arial, sans-serif\"><div style=\"background:#4A90D9;color:#fff;padding:8px 12px;font-size:14px;font-weight:bold\"> AI Reply Assistant — Draft Suggestion</div><div style=\"background:#f0f4f8;padding:6px 12px;font-size:12px;color:#555;border-bottom:1px solid #ddd\">Confidence: <strong style=\"color:#27ae60\">95%</strong>  |  Model: <strong>gemma3:4b</strong>  |  Tokens: 2,003</div><div style=\"padding:8px 12px;font-size:13px;color:#666;border-bottom:1px solid #eee\"><strong>Suggested Subject:</strong> osTicket Installation - Erste Schritte</div><div style=\"padding:12px;font-size:14px;line-height:1.6;color:#333\"><strong> Draft Reply:</strong><br /><br />Vielen Dank für Ihre osTicket Installation! Bitte beachten Sie, dass wir Ihnen bei der Stabilisierung Ihrer Installation behilflich sein können, indem wir die Störung klassifizieren und erste Maßnahmen ergreifen. Wie in den verfügbaren Wissensartikeln beschrieben, beinhaltet dies die Erfassung der Auswirkungen und Betroffenheit, die Priorisierung nach SLA und die Durchführung einer Sofortmaßnahme zur Stabilisierung. Bitte sichern Sie Logeinträge und Fehlermeldungen und aktualisieren Sie das Ticket mit reproduzierbaren Schritten. <br /> <br /> Referenzen:<br /> Sources:<br /> - http://192.168.194.65/scp/categories.php?id=98</div><div style=\"padding:8px 12px;border-top:1px solid #eee;font-size:12px\"><strong> Suggested Tags:</strong> <span style=\"background:#e3edf7;color:#2c5282;padding:2px 8px;border-radius:10px;font-size:11px;margin:0 2px\">osticket</span> <span style=\"background:#e3edf7;color:#2c5282;padding:2px 8px;border-radius:10px;font-size:11px;margin:0 2px\">installation</span> <span style=\"background:#e3edf7;color:#2c5282;padding:2px 8px;border-radius:10px;font-size:11px;margin:0 2px\">support</span></div><div style=\"padding:6px 12px;background:#f9f9f9;border-top:1px solid #eee;font-size:11px;color:#999;font-style:italic\">⚠ This is an AI-generated draft. Review carefully before sending to the customer. Do not send without verification.</div></div>','html','192.168.194.66',NULL,NULL,'2026-02-23 09:53:27','2026-02-23 09:53:27'),
(9,0,4,0,3,'M',577,'Yannick',NULL,NULL,'Email',NULL,'<figure><img src=\"cid:wle_c0wwgcoo9r0-jj-x4wqp6qvr8cse\" data-image=\"WLE_C0wWGCoo9R0-JJ-x4Wqp6qvR8CsE\" alt=\"image\" /></figure> <p>Ich habe beim Login eine Fehlermeldung. Mein SSO funktioniert nicht. Hilfe ASAP</p>','html','192.168.194.181',NULL,'{\"to\":{\"3\":\"Yannick <Yannick@test.de>\"}}','2026-02-23 16:23:43','2026-02-23 16:23:43'),
(10,0,4,0,0,'N',192,'SYSTEM',NULL,NULL,'',' AI Draft Reply','<div style=\"border:2px solid #4A90D9;border-radius:6px;margin:5px 0;font-family:Arial, sans-serif\"><div style=\"background:#4A90D9;color:#fff;padding:8px 12px;font-size:14px;font-weight:bold\"> AI Reply Assistant — Draft Suggestion</div><div style=\"background:#f0f4f8;padding:6px 12px;font-size:12px;color:#555;border-bottom:1px solid #ddd\">Confidence: <strong style=\"color:#27ae60\">90%</strong>  |  Model: <strong>gemma3:4b</strong>  |  Tokens: 1,723</div><div style=\"padding:8px 12px;font-size:13px;color:#666;border-bottom:1px solid #eee\"><strong>Suggested Subject:</strong> SSO Fehler - Erstdiagnose</div><div style=\"padding:12px;font-size:14px;line-height:1.6;color:#333\"><strong> Draft Reply:</strong><br /><br />Sehr geehrter Herr Yannick,<br /> <br /> bitte prüfen Sie anhand der folgenden Schritte Ihren Benutzernamen und UPN. Überprüfen Sie auch die Uhrzeit und Zeitsynchronisation sowie den Netzwerkpfad und DNS-Auflösung. Kontrollieren Sie die Konto-Sperre und den MFA-Status. Bitte dokumentieren Sie das Ergebnis nach einer erneuten Anmeldung.<br /> <br /> Referenz: http://192.168.194.65/scp/categories.php?id=35</div><div style=\"padding:8px 12px;border-top:1px solid #eee;font-size:12px\"><strong> Suggested Tags:</strong> <span style=\"background:#e3edf7;color:#2c5282;padding:2px 8px;border-radius:10px;font-size:11px;margin:0 2px\">sso</span> <span style=\"background:#e3edf7;color:#2c5282;padding:2px 8px;border-radius:10px;font-size:11px;margin:0 2px\">anmeldungfehlgeschlagen</span></div><div style=\"padding:6px 12px;background:#f9f9f9;border-top:1px solid #eee;font-size:11px;color:#999;font-style:italic\">⚠ This is an AI-generated draft. Review carefully before sending to the customer. Do not send without verification.</div></div>','html','192.168.194.181',NULL,NULL,'2026-02-23 16:25:46','2026-02-23 16:25:46'),
(11,0,1,0,0,'N',192,'SYSTEM',NULL,NULL,'',' AI Draft Reply','<div style=\"border:2px solid #4A90D9;border-radius:6px;margin:5px 0;font-family:Arial, sans-serif\"><div style=\"background:#4A90D9;color:#fff;padding:8px 12px;font-size:14px;font-weight:bold\"> AI Reply Assistant — Draft Suggestion</div><div style=\"background:#f0f4f8;padding:6px 12px;font-size:12px;color:#555;border-bottom:1px solid #ddd\">Confidence: <strong style=\"color:#27ae60\">95%</strong>  |  Model: <strong>gemma3:4b</strong>  |  Tokens: 2,157</div><div style=\"padding:8px 12px;font-size:13px;color:#666;border-bottom:1px solid #eee\"><strong>Suggested Subject:</strong> osTicket Installation - Initial Support</div><div style=\"padding:12px;font-size:14px;line-height:1.6;color:#333\"><strong> Draft Reply:</strong><br /><br />Sehr geehrte osTicket Team,<br /> <br /> Vielen Dank für Ihre Nachricht bezüglich Ihrer osTicket Installation. Wir freuen uns, dass Sie osTicket nutzen. <br /> <br /> Gemäß unseren Wissensdatenbankartikeln (siehe Quellen unten), ist das Ziel bei Störungen die schnelle Einordnung und Stabilisierung. Dazu gehören die Erfassung der Auswirkung und Betroffenheit, die Priorisierung nach SLA und die Durchführung sofortiger Stabilisierungsmaßnahmen. Bitte dokumentieren Sie reproduzierbare Schritte und sichern Sie Logeinträge und Fehlermeldungen.<br /> <br /> Quellen:<br /> - http://192.168.194.65/scp/categories.php?id=98<br /> - http://192.168.194.65/scp/categories.php?id=83<br /> - http://192.168.194.65/scp/categories.php?id=53<br /> - http://192.168.194.65/scp/categories.php?id=40<br /> - http://192.168.194.65/scp/categories.php?id=76</div><div style=\"padding:8px 12px;border-top:1px solid #eee;font-size:12px\"><strong> Suggested Tags:</strong> <span style=\"background:#e3edf7;color:#2c5282;padding:2px 8px;border-radius:10px;font-size:11px;margin:0 2px\">installation</span> <span style=\"background:#e3edf7;color:#2c5282;padding:2px 8px;border-radius:10px;font-size:11px;margin:0 2px\">support</span> <span style=\"background:#e3edf7;color:#2c5282;padding:2px 8px;border-radius:10px;font-size:11px;margin:0 2px\">osticket</span></div><div style=\"padding:6px 12px;background:#f9f9f9;border-top:1px solid #eee;font-size:11px;color:#999;font-style:italic\">⚠ This is an AI-generated draft. Review carefully before sending to the customer. Do not send without verification.</div></div>','html','::1',NULL,NULL,'2026-02-23 17:10:39','2026-02-23 17:10:39'),
(12,0,1,0,0,'N',192,'SYSTEM',NULL,NULL,'',' AI Draft Reply','<div style=\"border:2px solid #4A90D9;border-radius:6px;margin:5px 0;font-family:Arial, sans-serif\"><div style=\"background:#4A90D9;color:#fff;padding:8px 12px;font-size:14px;font-weight:bold\"> AI Reply Assistant — Draft Suggestion</div><div style=\"background:#f0f4f8;padding:6px 12px;font-size:12px;color:#555;border-bottom:1px solid #ddd\">Confidence: <strong style=\"color:#27ae60\">100%</strong>  |  Model: <strong>gemma3:4b</strong>  |  Tokens: 1,307</div><div style=\"padding:8px 12px;font-size:13px;color:#666;border-bottom:1px solid #eee\"><strong>Suggested Subject:</strong> osTicket Installation Information</div><div style=\"padding:12px;font-size:14px;line-height:1.6;color:#333\"><strong> Draft Reply:</strong><br /><br />Vielen Dank für die Nutzung von osTicket. Bitte besuchen Sie die osTicket-Foren unter <a href=\"https://forum.osticket.com\">https://forum.osticket.com</a> und unsere Mailingliste unter <a href=\"https://osticket.com\">https://osticket.com</a>, um über die neuesten Nachrichten, Sicherheitswarnungen und Updates informiert zu bleiben. Die osTicket-Foren sind auch ein großartiger Ort, um Hilfe, Anleitung, Tipps und Unterstützung von anderen osTicket-Benutzern zu erhalten. Die osTicket Docs unter <a href=\"https://docs.osticket.com\">https://docs.osticket.com</a> bieten eine nützliche Sammlung von Bildungsmaterialien, Dokumentation und Notizen von der Community. <br /> <br /> Für eine größere Unterstützung bieten wir professionelle Dienstleistungen und kommerzielle Unterstützung mit garantierten Reaktionszeiten und Zugang zum Kernentwicklungsteam. Wir können Ihnen auch bei der Anpassung von osTicket oder dem Hinzufügen neuer Funktionen zum System helfen, um Ihre spezifischen Bedürfnisse zu erfüllen.</div><div style=\"padding:8px 12px;border-top:1px solid #eee;font-size:12px\"><strong> Suggested Tags:</strong> <span style=\"background:#e3edf7;color:#2c5282;padding:2px 8px;border-radius:10px;font-size:11px;margin:0 2px\">installation</span> <span style=\"background:#e3edf7;color:#2c5282;padding:2px 8px;border-radius:10px;font-size:11px;margin:0 2px\">support</span></div><div style=\"padding:6px 12px;background:#f9f9f9;border-top:1px solid #eee;font-size:11px;color:#999;font-style:italic\">⚠ This is an AI-generated draft. Review carefully before sending to the customer. Do not send without verification.</div></div>','html','::1',NULL,NULL,'2026-02-23 17:59:43','2026-02-23 17:59:43'),
(13,0,4,0,0,'N',192,'SYSTEM',NULL,NULL,'',' AI Draft Reply','<div style=\"border:2px solid #4A90D9;border-radius:6px;margin:5px 0;font-family:Arial, sans-serif\"><div style=\"background:#4A90D9;color:#fff;padding:8px 12px;font-size:14px;font-weight:bold\"> AI Reply Assistant — Draft Suggestion</div><div style=\"background:#f0f4f8;padding:6px 12px;font-size:12px;color:#555;border-bottom:1px solid #ddd\">Confidence: <strong style=\"color:#27ae60\">90%</strong>  |  Model: <strong>gemma3:4b</strong>  |  Tokens: 993  |  <span style=\"color:#e67e22;font-weight:bold\">⚠ More info needed</span></div><div style=\"padding:8px 12px;font-size:13px;color:#666;border-bottom:1px solid #eee\"><strong>Suggested Subject:</strong> SSO Fehler – Dringende Unterstützung</div><div style=\"padding:12px;font-size:14px;line-height:1.6;color:#333\"><strong> Draft Reply:</strong><br /><br />Sehr geehrter Herr Yannick,<br /> <br /> wir erhalten Ihre Meldung bezüglich des SSO-Fehlers. Wir verstehen, dass dies dringend ist.<br /> <br /> Da keine spezifischen Informationen in der Wissensdatenbank verfügbar sind, benötigen wir weitere Details, um Ihnen effektiv helfen zu können.<br /> <br /> Bitte teilen Sie uns mit, welche Fehlermeldung Sie erhalten und welche Schritte Sie bereits zur Fehlerbehebung unternommen haben.<br /> <br /> Mit freundlichen Grüßen,<br /> Ihr Support-Team</div><div style=\"padding:10px 12px;background:#fff8e1;border-top:1px solid #ffe082\"><strong style=\"color:#e67e22\"> Suggested questions to ask the customer:</strong><ol style=\"margin:5px 0 5px 20px;padding:0\"><li style=\"margin:3px 0\">Bitte geben Sie die genaue Fehlermeldung an, die Sie erhalten.</li><li style=\"margin:3px 0\">Welches Browser- und Betriebssystem verwenden Sie?</li><li style=\"margin:3px 0\">Haben Sie kürzlich Änderungen an Ihren Sicherheitseinstellungen vorgenommen?</li></ol></div><div style=\"padding:8px 12px;border-top:1px solid #eee;font-size:12px\"><strong> Suggested Tags:</strong> <span style=\"background:#e3edf7;color:#2c5282;padding:2px 8px;border-radius:10px;font-size:11px;margin:0 2px\">sso</span> <span style=\"background:#e3edf7;color:#2c5282;padding:2px 8px;border-radius:10px;font-size:11px;margin:0 2px\">fehler</span> <span style=\"background:#e3edf7;color:#2c5282;padding:2px 8px;border-radius:10px;font-size:11px;margin:0 2px\">dringend</span></div><div style=\"padding:6px 12px;background:#f9f9f9;border-top:1px solid #eee;font-size:11px;color:#999;font-style:italic\">⚠ This is an AI-generated draft. Review carefully before sending to the customer. Do not send without verification.</div></div>','html','::1',NULL,NULL,'2026-02-23 18:02:21','2026-02-23 18:02:21'),
(14,0,5,0,2,'M',577,'Yannick',NULL,NULL,'Phone',NULL,'<figure><img src=\"cid:wle_c0wwgcoo9r0-jj-x4wqp6qvr8cse\" data-image=\"WLE_C0wWGCoo9R0-JJ-x4Wqp6qvR8CsE\" alt=\"image\" /></figure> <p>BILDTEST-MULTIMODAL-4711</p> <p>Bitte analysiere den angehängten Screenshot und antworte NUR basierend auf dem, was im Bild steht.</p> <p>Wichtig:</p> <p>1) Nenne exakt den sichtbaren Fehlertext aus dem Screenshot.</p> <p>2) Nenne 2 konkrete nächste Schritte zur Behebung.</p> <p>3) Füge am Ende den Satz hinzu: \"Bildanalyse wurde verwendet.\"</p> <p>4) Antworte auf Deutsch.</p> <figure><img src=\"cid:wle_c0wwgcoo9r0-jj-x4wqp6qvr8cse\" data-image=\"WLE_C0wWGCoo9R0-JJ-x4Wqp6qvR8CsE\" alt=\"image\" /></figure>','html','::1',NULL,'{\"to\":{\"2\":\"Yannick <yannick.beck@test.de>\"}}','2026-02-23 18:30:16','2026-02-23 18:30:16'),
(15,0,5,0,0,'N',192,'SYSTEM',NULL,NULL,'',' AI Draft Reply','<div style=\"border:2px solid #4A90D9;border-radius:6px;margin:5px 0;font-family:Arial, sans-serif\"><div style=\"background:#4A90D9;color:#fff;padding:8px 12px;font-size:14px;font-weight:bold\"> AI Reply Assistant — Draft Suggestion</div><div style=\"background:#f0f4f8;padding:6px 12px;font-size:12px;color:#555;border-bottom:1px solid #ddd\">Confidence: <strong style=\"color:#27ae60\">95%</strong>  |  Model: <strong>gemma3:4b</strong>  |  Tokens: 1,992</div><div style=\"padding:8px 12px;font-size:13px;color:#666;border-bottom:1px solid #eee\"><strong>Suggested Subject:</strong> Screenshot Fehler Analyse</div><div style=\"padding:12px;font-size:14px;line-height:1.6;color:#333\"><strong> Draft Reply:</strong><br /><br />Basierend auf dem Screenshot ist der sichtbare Fehlertext: \'Bildtest-Multimodal-4711\'.<br /> <br /> Zwei konkrete nächste Schritte zur Behebung sind:<br /> 1. Überprüfen Sie die Konfiguration des Bildtests.<br /> 2. Führen Sie einen Neustart des Systems durch.<br /> <br /> Bildanalyse wurde verwendet.</div><div style=\"padding:8px 12px;border-top:1px solid #eee;font-size:12px\"><strong> Suggested Tags:</strong> <span style=\"background:#e3edf7;color:#2c5282;padding:2px 8px;border-radius:10px;font-size:11px;margin:0 2px\">screenshot</span> <span style=\"background:#e3edf7;color:#2c5282;padding:2px 8px;border-radius:10px;font-size:11px;margin:0 2px\">fehler</span> <span style=\"background:#e3edf7;color:#2c5282;padding:2px 8px;border-radius:10px;font-size:11px;margin:0 2px\">analyse</span></div><div style=\"padding:6px 12px;background:#f9f9f9;border-top:1px solid #eee;font-size:11px;color:#999;font-style:italic\">⚠ This is an AI-generated draft. Review carefully before sending to the customer. Do not send without verification.</div></div>','html','::1',NULL,NULL,'2026-02-23 18:33:02','2026-02-23 18:33:02'),
(16,0,4,0,0,'N',192,'SYSTEM',NULL,NULL,'',' AI Draft Reply','<div style=\"border:2px solid #4A90D9;border-radius:6px;margin:5px 0;font-family:Arial, sans-serif\"><div style=\"background:#4A90D9;color:#fff;padding:8px 12px;font-size:14px;font-weight:bold\"> AI Reply Assistant — Draft Suggestion</div><div style=\"background:#f0f4f8;padding:6px 12px;font-size:12px;color:#555;border-bottom:1px solid #ddd\">Confidence: <strong style=\"color:#27ae60\">95%</strong>  |  Model: <strong>gemma3:4b</strong>  |  Tokens: 1,765</div><div style=\"padding:8px 12px;font-size:13px;color:#666;border-bottom:1px solid #eee\"><strong>Suggested Subject:</strong> SSO-Fehler</div><div style=\"padding:12px;font-size:14px;line-height:1.6;color:#333\"><strong> Draft Reply:</strong><br /><br />Sehr geehrter Herr Yannick,<br /> <br /> bitte prüfen Sie anhand der folgenden Schritte, ob das Problem behoben werden kann:<br /> <br /> 1. Überprüfen Sie Ihren Benutzernamen und Ihre UPN.<br /> 2. Stellen Sie sicher, dass die Uhrzeit und die Zeitsynchronisation korrekt sind.<br /> 3. Prüfen Sie den Netzwerkpfad und die DNS-Auflösung.<br /> 4. Überprüfen Sie, ob Ihr Konto gesperrt ist oder ob MFA aktiv ist.<br /> <br /> Bitte melden Sie das Ergebnis Ihrer Überprüfung.<br /> <br /> Referenz: http://192.168.194.65/scp/faq.php?id=105</div><div style=\"padding:8px 12px;border-top:1px solid #eee;font-size:12px\"><strong> Suggested Tags:</strong> <span style=\"background:#e3edf7;color:#2c5282;padding:2px 8px;border-radius:10px;font-size:11px;margin:0 2px\">sso</span> <span style=\"background:#e3edf7;color:#2c5282;padding:2px 8px;border-radius:10px;font-size:11px;margin:0 2px\">anmeldung</span> <span style=\"background:#e3edf7;color:#2c5282;padding:2px 8px;border-radius:10px;font-size:11px;margin:0 2px\">fehler</span></div><div style=\"padding:6px 12px;background:#f9f9f9;border-top:1px solid #eee;font-size:11px;color:#999;font-style:italic\">⚠ This is an AI-generated draft. Review carefully before sending to the customer. Do not send without verification.</div></div>','html','192.168.194.181',NULL,NULL,'2026-02-23 18:36:25','2026-02-23 18:36:25'),
(17,0,5,0,0,'N',192,'SYSTEM',NULL,NULL,'',' AI Draft Reply','<div style=\"border:2px solid #4A90D9;border-radius:6px;margin:5px 0;font-family:Arial, sans-serif\"><div style=\"background:#4A90D9;color:#fff;padding:8px 12px;font-size:14px;font-weight:bold\"> AI Reply Assistant — Draft Suggestion</div><div style=\"background:#f0f4f8;padding:6px 12px;font-size:12px;color:#555;border-bottom:1px solid #ddd\">Confidence: <strong style=\"color:#27ae60\">95%</strong>  |  Model: <strong>gemma3:4b</strong>  |  Tokens: 1,991</div><div style=\"padding:8px 12px;font-size:13px;color:#666;border-bottom:1px solid #eee\"><strong>Suggested Subject:</strong> Screenshot Fehler Analyse</div><div style=\"padding:12px;font-size:14px;line-height:1.6;color:#333\"><strong> Draft Reply:</strong><br /><br />Basierend auf dem Screenshot ist der sichtbare Fehlertext: \'Bildtest-Multimodal-4711\'.<br /> <br /> Zwei konkrete nächste Schritte zur Behebung sind:<br /> 1. Überprüfen Sie die Konfiguration des Bildtests.<br /> 2. Testen Sie die einzelnen Komponenten isoliert.<br /> <br /> Bildanalyse wurde verwendet.</div><div style=\"padding:8px 12px;border-top:1px solid #eee;font-size:12px\"><strong> Suggested Tags:</strong> <span style=\"background:#e3edf7;color:#2c5282;padding:2px 8px;border-radius:10px;font-size:11px;margin:0 2px\">screenshot</span> <span style=\"background:#e3edf7;color:#2c5282;padding:2px 8px;border-radius:10px;font-size:11px;margin:0 2px\">fehler</span> <span style=\"background:#e3edf7;color:#2c5282;padding:2px 8px;border-radius:10px;font-size:11px;margin:0 2px\">analyse</span></div><div style=\"padding:6px 12px;background:#f9f9f9;border-top:1px solid #eee;font-size:11px;color:#999;font-style:italic\">⚠ This is an AI-generated draft. Review carefully before sending to the customer. Do not send without verification.</div></div>','html','192.168.194.181',NULL,NULL,'2026-02-23 18:40:41','2026-02-23 18:40:41'),
(18,0,4,0,0,'N',192,'SYSTEM',NULL,NULL,'',' AI Draft Reply','<div style=\"border:2px solid #4A90D9;border-radius:6px;margin:5px 0;font-family:Arial, sans-serif\"><div style=\"background:#4A90D9;color:#fff;padding:8px 12px;font-size:14px;font-weight:bold\"> AI Reply Assistant — Draft Suggestion</div><div style=\"background:#f0f4f8;padding:6px 12px;font-size:12px;color:#555;border-bottom:1px solid #ddd\">Confidence: <strong style=\"color:#27ae60\">95%</strong>  |  Model: <strong>gemma3:4b</strong>  |  Tokens: 1,729</div><div style=\"padding:8px 12px;font-size:13px;color:#666;border-bottom:1px solid #eee\"><strong>Suggested Subject:</strong> SSO-Fehler</div><div style=\"padding:12px;font-size:14px;line-height:1.6;color:#333\"><strong> Draft Reply:</strong><br /><br />Sehr geehrter Herr Yannick,<br /> <br /> bitte prüfen Sie anhand der folgenden Schritte, ob die genannten Symptome auftreten:<br /> <br /> * Prüfen Sie Ihren Benutzernamen und UPN.<br /> * Überprüfen Sie die Uhrzeit und die Zeitsynchronisation.<br /> * Stellen Sie sicher, dass Ihr Netzwerkpfad und DNS-Auflösung korrekt sind.<br /> * Überprüfen Sie, ob Ihr Konto gesperrt ist oder ob MFA aktiv ist.<br /> <br /> Bitte melden Sie uns das Ergebnis Ihrer Überprüfung.</div><div style=\"padding:8px 12px;border-top:1px solid #eee;font-size:12px\"><strong> Suggested Tags:</strong> <span style=\"background:#e3edf7;color:#2c5282;padding:2px 8px;border-radius:10px;font-size:11px;margin:0 2px\">sso</span> <span style=\"background:#e3edf7;color:#2c5282;padding:2px 8px;border-radius:10px;font-size:11px;margin:0 2px\">fehler</span> <span style=\"background:#e3edf7;color:#2c5282;padding:2px 8px;border-radius:10px;font-size:11px;margin:0 2px\">anmeldung</span></div><div style=\"padding:6px 12px;background:#f9f9f9;border-top:1px solid #eee;font-size:11px;color:#999;font-style:italic\">⚠ This is an AI-generated draft. Review carefully before sending to the customer. Do not send without verification.</div></div>','html','192.168.194.181',NULL,NULL,'2026-02-23 18:48:55','2026-02-23 18:48:55'),
(19,0,5,0,0,'N',192,'SYSTEM',NULL,NULL,'',' AI Draft Reply','<div style=\"border:2px solid #4A90D9;border-radius:6px;margin:5px 0;font-family:Arial, sans-serif\"><div style=\"background:#4A90D9;color:#fff;padding:8px 12px;font-size:14px;font-weight:bold\"> AI Reply Assistant — Draft Suggestion</div><div style=\"background:#f0f4f8;padding:6px 12px;font-size:12px;color:#555;border-bottom:1px solid #ddd\">Confidence: <strong style=\"color:#27ae60\">95%</strong>  |  Model: <strong>gemma3:4b</strong>  |  Tokens: 1,990</div><div style=\"padding:8px 12px;font-size:13px;color:#666;border-bottom:1px solid #eee\"><strong>Suggested Subject:</strong> Screenshot Fehler Analyse</div><div style=\"padding:12px;font-size:14px;line-height:1.6;color:#333\"><strong> Draft Reply:</strong><br /><br />Basierend auf dem Screenshot ist der sichtbare Fehlertext: \'Bildtest-Multimodal-4711\'.<br /> <br /> 2. Konkrete nächste Schritte zur Behebung:<br /> 1. Komponenten einzeln isoliert testen.<br /> 2. Konfigurationsabweichungen vergleichen.<br /> <br /> Bildanalyse wurde verwendet.</div><div style=\"padding:8px 12px;border-top:1px solid #eee;font-size:12px\"><strong> Suggested Tags:</strong> <span style=\"background:#e3edf7;color:#2c5282;padding:2px 8px;border-radius:10px;font-size:11px;margin:0 2px\">screenshot</span> <span style=\"background:#e3edf7;color:#2c5282;padding:2px 8px;border-radius:10px;font-size:11px;margin:0 2px\">fehler</span> <span style=\"background:#e3edf7;color:#2c5282;padding:2px 8px;border-radius:10px;font-size:11px;margin:0 2px\">analyse</span></div><div style=\"padding:6px 12px;background:#f9f9f9;border-top:1px solid #eee;font-size:11px;color:#999;font-style:italic\">⚠ This is an AI-generated draft. Review carefully before sending to the customer. Do not send without verification.</div></div>','html','::1',NULL,NULL,'2026-02-23 19:01:20','2026-02-23 19:01:20');
/*!40000 ALTER TABLE `ost_thread_entry` ENABLE KEYS */;
UNLOCK TABLES;
commit;

--
-- Table structure for table `ost_thread_entry_email`
--

DROP TABLE IF EXISTS `ost_thread_entry_email`;
/*!40101 SET @saved_cs_client     = @@character_set_client */;
/*!40101 SET character_set_client = utf8mb4 */;
CREATE TABLE `ost_thread_entry_email` (
  `id` int(11) unsigned NOT NULL AUTO_INCREMENT,
  `thread_entry_id` int(11) unsigned NOT NULL,
  `email_id` int(11) unsigned DEFAULT NULL,
  `mid` varchar(255) NOT NULL,
  `headers` text DEFAULT NULL,
  PRIMARY KEY (`id`),
  KEY `thread_entry_id` (`thread_entry_id`),
  KEY `mid` (`mid`),
  KEY `email_id` (`email_id`)
) ENGINE=InnoDB DEFAULT CHARSET=utf8mb3 COLLATE=utf8mb3_uca1400_ai_ci;
/*!40101 SET character_set_client = @saved_cs_client */;

--
-- Dumping data for table `ost_thread_entry_email`
--

LOCK TABLES `ost_thread_entry_email` WRITE;
/*!40000 ALTER TABLE `ost_thread_entry_email` DISABLE KEYS */;
set autocommit=0;
/*!40000 ALTER TABLE `ost_thread_entry_email` ENABLE KEYS */;
UNLOCK TABLES;
commit;

--
-- Table structure for table `ost_thread_entry_merge`
--

DROP TABLE IF EXISTS `ost_thread_entry_merge`;
/*!40101 SET @saved_cs_client     = @@character_set_client */;
/*!40101 SET character_set_client = utf8mb4 */;
CREATE TABLE `ost_thread_entry_merge` (
  `id` int(11) unsigned NOT NULL AUTO_INCREMENT,
  `thread_entry_id` int(11) unsigned NOT NULL,
  `data` text DEFAULT NULL,
  PRIMARY KEY (`id`),
  KEY `thread_entry_id` (`thread_entry_id`)
) ENGINE=InnoDB DEFAULT CHARSET=utf8mb3 COLLATE=utf8mb3_uca1400_ai_ci;
/*!40101 SET character_set_client = @saved_cs_client */;

--
-- Dumping data for table `ost_thread_entry_merge`
--

LOCK TABLES `ost_thread_entry_merge` WRITE;
/*!40000 ALTER TABLE `ost_thread_entry_merge` DISABLE KEYS */;
set autocommit=0;
/*!40000 ALTER TABLE `ost_thread_entry_merge` ENABLE KEYS */;
UNLOCK TABLES;
commit;

--
-- Table structure for table `ost_thread_event`
--

DROP TABLE IF EXISTS `ost_thread_event`;
/*!40101 SET @saved_cs_client     = @@character_set_client */;
/*!40101 SET character_set_client = utf8mb4 */;
CREATE TABLE `ost_thread_event` (
  `id` int(10) unsigned NOT NULL AUTO_INCREMENT,
  `thread_id` int(11) unsigned NOT NULL DEFAULT 0,
  `thread_type` char(1) NOT NULL DEFAULT '',
  `event_id` int(11) unsigned DEFAULT NULL,
  `staff_id` int(11) unsigned NOT NULL,
  `team_id` int(11) unsigned NOT NULL,
  `dept_id` int(11) unsigned NOT NULL,
  `topic_id` int(11) unsigned NOT NULL,
  `data` varchar(1024) DEFAULT NULL COMMENT 'Encoded differences',
  `username` varchar(128) NOT NULL DEFAULT 'SYSTEM',
  `uid` int(11) unsigned DEFAULT NULL,
  `uid_type` char(1) NOT NULL DEFAULT 'S',
  `annulled` tinyint(1) unsigned NOT NULL DEFAULT 0,
  `timestamp` datetime NOT NULL,
  PRIMARY KEY (`id`),
  KEY `ticket_state` (`thread_id`,`event_id`,`timestamp`),
  KEY `ticket_stats` (`timestamp`,`event_id`)
) ENGINE=InnoDB AUTO_INCREMENT=8 DEFAULT CHARSET=utf8mb3 COLLATE=utf8mb3_uca1400_ai_ci;
/*!40101 SET character_set_client = @saved_cs_client */;

--
-- Dumping data for table `ost_thread_event`
--

LOCK TABLES `ost_thread_event` WRITE;
/*!40000 ALTER TABLE `ost_thread_event` DISABLE KEYS */;
set autocommit=0;
INSERT INTO `ost_thread_event` VALUES
(1,1,'T',1,0,0,1,1,NULL,'SYSTEM',1,'U',0,'2026-02-19 18:15:04'),
(2,2,'T',1,1,0,2,10,NULL,'ostadmin',1,'S',0,'2026-02-19 23:32:15'),
(3,3,'T',1,1,0,2,1,NULL,'ostadmin',1,'S',0,'2026-02-19 23:41:05'),
(4,3,'T',4,1,0,2,1,'{\"claim\":true}','ostadmin',1,'S',0,'2026-02-19 23:41:05'),
(5,4,'T',1,1,0,3,10,NULL,'ostadmin',1,'S',0,'2026-02-23 16:23:43'),
(6,4,'T',4,1,0,3,10,'{\"claim\":true}','ostadmin',1,'S',0,'2026-02-23 16:23:43'),
(7,5,'T',1,1,0,3,10,NULL,'ostadmin',1,'S',0,'2026-02-23 18:30:16');
/*!40000 ALTER TABLE `ost_thread_event` ENABLE KEYS */;
UNLOCK TABLES;
commit;

--
-- Table structure for table `ost_thread_referral`
--

DROP TABLE IF EXISTS `ost_thread_referral`;
/*!40101 SET @saved_cs_client     = @@character_set_client */;
/*!40101 SET character_set_client = utf8mb4 */;
CREATE TABLE `ost_thread_referral` (
  `id` int(10) unsigned NOT NULL AUTO_INCREMENT,
  `thread_id` int(11) unsigned NOT NULL,
  `object_id` int(11) unsigned NOT NULL,
  `object_type` char(1) NOT NULL,
  `created` datetime NOT NULL,
  PRIMARY KEY (`id`),
  UNIQUE KEY `ref` (`object_id`,`object_type`,`thread_id`),
  KEY `thread_id` (`thread_id`)
) ENGINE=InnoDB DEFAULT CHARSET=utf8mb3 COLLATE=utf8mb3_uca1400_ai_ci;
/*!40101 SET character_set_client = @saved_cs_client */;

--
-- Dumping data for table `ost_thread_referral`
--

LOCK TABLES `ost_thread_referral` WRITE;
/*!40000 ALTER TABLE `ost_thread_referral` DISABLE KEYS */;
set autocommit=0;
/*!40000 ALTER TABLE `ost_thread_referral` ENABLE KEYS */;
UNLOCK TABLES;
commit;

--
-- Table structure for table `ost_ticket`
--

DROP TABLE IF EXISTS `ost_ticket`;
/*!40101 SET @saved_cs_client     = @@character_set_client */;
/*!40101 SET character_set_client = utf8mb4 */;
CREATE TABLE `ost_ticket` (
  `ticket_id` int(11) unsigned NOT NULL AUTO_INCREMENT,
  `ticket_pid` int(11) unsigned DEFAULT NULL,
  `number` varchar(20) DEFAULT NULL,
  `user_id` int(11) unsigned NOT NULL DEFAULT 0,
  `user_email_id` int(11) unsigned NOT NULL DEFAULT 0,
  `status_id` int(10) unsigned NOT NULL DEFAULT 0,
  `dept_id` int(10) unsigned NOT NULL DEFAULT 0,
  `sla_id` int(10) unsigned NOT NULL DEFAULT 0,
  `topic_id` int(10) unsigned NOT NULL DEFAULT 0,
  `staff_id` int(10) unsigned NOT NULL DEFAULT 0,
  `team_id` int(10) unsigned NOT NULL DEFAULT 0,
  `email_id` int(11) unsigned NOT NULL DEFAULT 0,
  `lock_id` int(11) unsigned NOT NULL DEFAULT 0,
  `flags` int(10) unsigned NOT NULL DEFAULT 0,
  `sort` int(11) unsigned NOT NULL DEFAULT 0,
  `ip_address` varchar(64) NOT NULL DEFAULT '',
  `source` enum('Web','Email','Phone','API','Other') NOT NULL DEFAULT 'Other',
  `source_extra` varchar(40) DEFAULT NULL,
  `isoverdue` tinyint(1) unsigned NOT NULL DEFAULT 0,
  `isanswered` tinyint(1) unsigned NOT NULL DEFAULT 0,
  `duedate` datetime DEFAULT NULL,
  `est_duedate` datetime DEFAULT NULL,
  `reopened` datetime DEFAULT NULL,
  `closed` datetime DEFAULT NULL,
  `lastupdate` datetime DEFAULT NULL,
  `created` datetime NOT NULL,
  `updated` datetime NOT NULL,
  PRIMARY KEY (`ticket_id`),
  KEY `user_id` (`user_id`),
  KEY `dept_id` (`dept_id`),
  KEY `staff_id` (`staff_id`),
  KEY `team_id` (`team_id`),
  KEY `status_id` (`status_id`),
  KEY `created` (`created`),
  KEY `closed` (`closed`),
  KEY `duedate` (`duedate`),
  KEY `topic_id` (`topic_id`),
  KEY `sla_id` (`sla_id`),
  KEY `ticket_pid` (`ticket_pid`)
) ENGINE=InnoDB AUTO_INCREMENT=6 DEFAULT CHARSET=utf8mb3 COLLATE=utf8mb3_uca1400_ai_ci;
/*!40101 SET character_set_client = @saved_cs_client */;

--
-- Dumping data for table `ost_ticket`
--

LOCK TABLES `ost_ticket` WRITE;
/*!40000 ALTER TABLE `ost_ticket` DISABLE KEYS */;
set autocommit=0;
INSERT INTO `ost_ticket` VALUES
(1,NULL,'465837',1,0,1,1,1,1,0,0,0,0,0,0,'127.0.0.1','Web',NULL,0,0,NULL,'2026-02-24 08:00:00',NULL,NULL,'2026-02-19 18:15:04','2026-02-19 18:15:04','2026-02-19 18:15:04'),
(2,NULL,'596870',2,0,1,2,1,10,0,0,0,1,0,0,'192.168.194.181','Email',NULL,0,0,NULL,'2026-02-24 08:00:00',NULL,NULL,'2026-02-19 23:32:15','2026-02-19 23:32:15','2026-02-19 23:32:34'),
(3,NULL,'175026',2,0,1,2,1,1,1,0,0,0,0,0,'192.168.194.181','Email',NULL,0,1,NULL,'2026-02-24 08:00:00',NULL,NULL,'2026-02-19 23:41:05','2026-02-19 23:41:05','2026-02-19 23:41:05'),
(4,NULL,'612485',3,0,1,3,1,10,1,0,0,0,0,0,'192.168.194.181','Email',NULL,0,0,NULL,'2026-02-25 16:23:43',NULL,NULL,'2026-02-23 16:23:43','2026-02-23 16:23:43','2026-02-23 16:23:43'),
(5,NULL,'771753',2,0,1,3,1,10,0,0,0,0,0,0,'::1','Phone',NULL,0,0,NULL,'2026-02-26 08:00:00',NULL,NULL,'2026-02-23 18:30:16','2026-02-23 18:30:16','2026-02-23 18:30:16');
/*!40000 ALTER TABLE `ost_ticket` ENABLE KEYS */;
UNLOCK TABLES;
commit;

--
-- Table structure for table `ost_ticket__cdata`
--

DROP TABLE IF EXISTS `ost_ticket__cdata`;
/*!40101 SET @saved_cs_client     = @@character_set_client */;
/*!40101 SET character_set_client = utf8mb4 */;
CREATE TABLE `ost_ticket__cdata` (
  `ticket_id` int(11) unsigned NOT NULL,
  `subject` mediumtext DEFAULT NULL,
  `priority` mediumtext DEFAULT NULL,
  PRIMARY KEY (`ticket_id`)
) ENGINE=InnoDB DEFAULT CHARSET=utf8mb3 COLLATE=utf8mb3_uca1400_ai_ci;
/*!40101 SET character_set_client = @saved_cs_client */;

--
-- Dumping data for table `ost_ticket__cdata`
--

LOCK TABLES `ost_ticket__cdata` WRITE;
/*!40000 ALTER TABLE `ost_ticket__cdata` DISABLE KEYS */;
set autocommit=0;
INSERT INTO `ost_ticket__cdata` VALUES
(1,'osTicket Installed!',''),
(2,'Login issue','1'),
(3,'ES GEHT NICHT','2'),
(4,'SSO ERROR','4'),
(5,'Screenshot error','2');
/*!40000 ALTER TABLE `ost_ticket__cdata` ENABLE KEYS */;
UNLOCK TABLES;
commit;

--
-- Table structure for table `ost_ticket_priority`
--

DROP TABLE IF EXISTS `ost_ticket_priority`;
/*!40101 SET @saved_cs_client     = @@character_set_client */;
/*!40101 SET character_set_client = utf8mb4 */;
CREATE TABLE `ost_ticket_priority` (
  `priority_id` tinyint(4) NOT NULL AUTO_INCREMENT,
  `priority` varchar(60) NOT NULL DEFAULT '',
  `priority_desc` varchar(30) NOT NULL DEFAULT '',
  `priority_color` varchar(7) NOT NULL DEFAULT '',
  `priority_urgency` tinyint(1) unsigned NOT NULL DEFAULT 0,
  `ispublic` tinyint(1) NOT NULL DEFAULT 1,
  PRIMARY KEY (`priority_id`),
  UNIQUE KEY `priority` (`priority`),
  KEY `priority_urgency` (`priority_urgency`),
  KEY `ispublic` (`ispublic`)
) ENGINE=InnoDB AUTO_INCREMENT=5 DEFAULT CHARSET=utf8mb3 COLLATE=utf8mb3_uca1400_ai_ci;
/*!40101 SET character_set_client = @saved_cs_client */;

--
-- Dumping data for table `ost_ticket_priority`
--

LOCK TABLES `ost_ticket_priority` WRITE;
/*!40000 ALTER TABLE `ost_ticket_priority` DISABLE KEYS */;
set autocommit=0;
INSERT INTO `ost_ticket_priority` VALUES
(1,'low','Low','#DDFFDD',4,1),
(2,'normal','Normal','#FFFFF0',3,1),
(3,'high','High','#FEE7E7',2,1),
(4,'emergency','Emergency','#FEE7E7',1,1);
/*!40000 ALTER TABLE `ost_ticket_priority` ENABLE KEYS */;
UNLOCK TABLES;
commit;

--
-- Table structure for table `ost_ticket_status`
--

DROP TABLE IF EXISTS `ost_ticket_status`;
/*!40101 SET @saved_cs_client     = @@character_set_client */;
/*!40101 SET character_set_client = utf8mb4 */;
CREATE TABLE `ost_ticket_status` (
  `id` int(11) NOT NULL AUTO_INCREMENT,
  `name` varchar(60) NOT NULL DEFAULT '',
  `state` varchar(16) DEFAULT NULL,
  `mode` int(11) unsigned NOT NULL DEFAULT 0,
  `flags` int(11) unsigned NOT NULL DEFAULT 0,
  `sort` int(11) unsigned NOT NULL DEFAULT 0,
  `properties` text NOT NULL,
  `created` datetime NOT NULL,
  `updated` datetime NOT NULL,
  PRIMARY KEY (`id`),
  UNIQUE KEY `name` (`name`),
  KEY `state` (`state`)
) ENGINE=InnoDB AUTO_INCREMENT=6 DEFAULT CHARSET=utf8mb3 COLLATE=utf8mb3_uca1400_ai_ci;
/*!40101 SET character_set_client = @saved_cs_client */;

--
-- Dumping data for table `ost_ticket_status`
--

LOCK TABLES `ost_ticket_status` WRITE;
/*!40000 ALTER TABLE `ost_ticket_status` DISABLE KEYS */;
set autocommit=0;
INSERT INTO `ost_ticket_status` VALUES
(1,'Open','open',3,0,1,'{\"description\":\"Open tickets.\"}','2026-02-19 18:15:04','0000-00-00 00:00:00'),
(2,'Resolved','closed',1,0,2,'{\"allowreopen\":true,\"reopenstatus\":0,\"description\":\"Resolved tickets\"}','2026-02-19 18:15:04','0000-00-00 00:00:00'),
(3,'Closed','closed',3,0,3,'{\"allowreopen\":true,\"reopenstatus\":0,\"description\":\"Closed tickets. Tickets will still be accessible on client and staff panels.\"}','2026-02-19 18:15:04','0000-00-00 00:00:00'),
(4,'Archived','archived',3,0,4,'{\"description\":\"Tickets only adminstratively available but no longer accessible on ticket queues and client panel.\"}','2026-02-19 18:15:04','0000-00-00 00:00:00'),
(5,'Deleted','deleted',3,0,5,'{\"description\":\"Tickets queued for deletion. Not accessible on ticket queues.\"}','2026-02-19 18:15:04','0000-00-00 00:00:00');
/*!40000 ALTER TABLE `ost_ticket_status` ENABLE KEYS */;
UNLOCK TABLES;
commit;

--
-- Table structure for table `ost_translation`
--

DROP TABLE IF EXISTS `ost_translation`;
/*!40101 SET @saved_cs_client     = @@character_set_client */;
/*!40101 SET character_set_client = utf8mb4 */;
CREATE TABLE `ost_translation` (
  `id` int(11) unsigned NOT NULL AUTO_INCREMENT,
  `object_hash` char(16) CHARACTER SET ascii COLLATE ascii_general_ci DEFAULT NULL,
  `type` enum('phrase','article','override') DEFAULT NULL,
  `flags` int(10) unsigned NOT NULL DEFAULT 0,
  `revision` int(11) unsigned DEFAULT NULL,
  `agent_id` int(10) unsigned NOT NULL DEFAULT 0,
  `lang` varchar(16) NOT NULL DEFAULT '',
  `text` mediumtext NOT NULL,
  `source_text` text DEFAULT NULL,
  `updated` timestamp NULL DEFAULT NULL ON UPDATE current_timestamp(),
  PRIMARY KEY (`id`),
  KEY `type` (`type`,`lang`),
  KEY `object_hash` (`object_hash`)
) ENGINE=InnoDB DEFAULT CHARSET=utf8mb3 COLLATE=utf8mb3_uca1400_ai_ci;
/*!40101 SET character_set_client = @saved_cs_client */;

--
-- Dumping data for table `ost_translation`
--

LOCK TABLES `ost_translation` WRITE;
/*!40000 ALTER TABLE `ost_translation` DISABLE KEYS */;
set autocommit=0;
/*!40000 ALTER TABLE `ost_translation` ENABLE KEYS */;
UNLOCK TABLES;
commit;

--
-- Table structure for table `ost_user`
--

DROP TABLE IF EXISTS `ost_user`;
/*!40101 SET @saved_cs_client     = @@character_set_client */;
/*!40101 SET character_set_client = utf8mb4 */;
CREATE TABLE `ost_user` (
  `id` int(10) unsigned NOT NULL AUTO_INCREMENT,
  `org_id` int(10) unsigned NOT NULL,
  `default_email_id` int(10) NOT NULL,
  `status` int(11) unsigned NOT NULL DEFAULT 0,
  `name` varchar(128) NOT NULL,
  `created` datetime NOT NULL,
  `updated` datetime NOT NULL,
  PRIMARY KEY (`id`),
  KEY `org_id` (`org_id`),
  KEY `default_email_id` (`default_email_id`),
  KEY `name` (`name`)
) ENGINE=InnoDB AUTO_INCREMENT=4 DEFAULT CHARSET=utf8mb3 COLLATE=utf8mb3_uca1400_ai_ci;
/*!40101 SET character_set_client = @saved_cs_client */;

--
-- Dumping data for table `ost_user`
--

LOCK TABLES `ost_user` WRITE;
/*!40000 ALTER TABLE `ost_user` DISABLE KEYS */;
set autocommit=0;
INSERT INTO `ost_user` VALUES
(1,1,1,0,'osTicket Team','2026-02-19 18:15:04','2026-02-19 18:15:04'),
(2,0,2,0,'Yannick','2026-02-19 23:31:44','2026-02-19 23:31:44'),
(3,0,3,0,'Yannick','2026-02-23 16:21:15','2026-02-23 16:21:15');
/*!40000 ALTER TABLE `ost_user` ENABLE KEYS */;
UNLOCK TABLES;
commit;

--
-- Table structure for table `ost_user__cdata`
--

DROP TABLE IF EXISTS `ost_user__cdata`;
/*!40101 SET @saved_cs_client     = @@character_set_client */;
/*!40101 SET character_set_client = utf8mb4 */;
CREATE TABLE `ost_user__cdata` (
  `user_id` int(11) unsigned NOT NULL,
  `email` mediumtext DEFAULT NULL,
  `name` mediumtext DEFAULT NULL,
  `phone` mediumtext DEFAULT NULL,
  `notes` mediumtext DEFAULT NULL,
  PRIMARY KEY (`user_id`)
) ENGINE=InnoDB DEFAULT CHARSET=utf8mb3 COLLATE=utf8mb3_uca1400_ai_ci;
/*!40101 SET character_set_client = @saved_cs_client */;

--
-- Dumping data for table `ost_user__cdata`
--

LOCK TABLES `ost_user__cdata` WRITE;
/*!40000 ALTER TABLE `ost_user__cdata` DISABLE KEYS */;
set autocommit=0;
INSERT INTO `ost_user__cdata` VALUES
(2,NULL,NULL,'',''),
(3,NULL,NULL,'','');
/*!40000 ALTER TABLE `ost_user__cdata` ENABLE KEYS */;
UNLOCK TABLES;
commit;

--
-- Table structure for table `ost_user_account`
--

DROP TABLE IF EXISTS `ost_user_account`;
/*!40101 SET @saved_cs_client     = @@character_set_client */;
/*!40101 SET character_set_client = utf8mb4 */;
CREATE TABLE `ost_user_account` (
  `id` int(11) unsigned NOT NULL AUTO_INCREMENT,
  `user_id` int(10) unsigned NOT NULL,
  `status` int(11) unsigned NOT NULL DEFAULT 0,
  `timezone` varchar(64) DEFAULT NULL,
  `lang` varchar(16) DEFAULT NULL,
  `username` varchar(64) DEFAULT NULL,
  `passwd` varchar(128) CHARACTER SET ascii COLLATE ascii_bin DEFAULT NULL,
  `backend` varchar(32) DEFAULT NULL,
  `extra` text DEFAULT NULL,
  `registered` timestamp NULL DEFAULT current_timestamp(),
  PRIMARY KEY (`id`),
  UNIQUE KEY `username` (`username`),
  KEY `user_id` (`user_id`)
) ENGINE=InnoDB DEFAULT CHARSET=utf8mb3 COLLATE=utf8mb3_uca1400_ai_ci;
/*!40101 SET character_set_client = @saved_cs_client */;

--
-- Dumping data for table `ost_user_account`
--

LOCK TABLES `ost_user_account` WRITE;
/*!40000 ALTER TABLE `ost_user_account` DISABLE KEYS */;
set autocommit=0;
/*!40000 ALTER TABLE `ost_user_account` ENABLE KEYS */;
UNLOCK TABLES;
commit;

--
-- Table structure for table `ost_user_email`
--

DROP TABLE IF EXISTS `ost_user_email`;
/*!40101 SET @saved_cs_client     = @@character_set_client */;
/*!40101 SET character_set_client = utf8mb4 */;
CREATE TABLE `ost_user_email` (
  `id` int(10) unsigned NOT NULL AUTO_INCREMENT,
  `user_id` int(10) unsigned NOT NULL,
  `flags` int(10) unsigned NOT NULL DEFAULT 0,
  `address` varchar(255) NOT NULL,
  PRIMARY KEY (`id`),
  UNIQUE KEY `address` (`address`),
  KEY `user_email_lookup` (`user_id`)
) ENGINE=InnoDB AUTO_INCREMENT=4 DEFAULT CHARSET=utf8mb3 COLLATE=utf8mb3_uca1400_ai_ci;
/*!40101 SET character_set_client = @saved_cs_client */;

--
-- Dumping data for table `ost_user_email`
--

LOCK TABLES `ost_user_email` WRITE;
/*!40000 ALTER TABLE `ost_user_email` DISABLE KEYS */;
set autocommit=0;
INSERT INTO `ost_user_email` VALUES
(1,1,0,'feedback@osticket.com'),
(2,2,0,'yannick.beck@test.de'),
(3,3,0,'Yannick@test.de');
/*!40000 ALTER TABLE `ost_user_email` ENABLE KEYS */;
UNLOCK TABLES;
commit;
/*!40103 SET TIME_ZONE=@OLD_TIME_ZONE */;

/*!40101 SET SQL_MODE=@OLD_SQL_MODE */;
/*!40014 SET FOREIGN_KEY_CHECKS=@OLD_FOREIGN_KEY_CHECKS */;
/*!40014 SET UNIQUE_CHECKS=@OLD_UNIQUE_CHECKS */;
/*!40101 SET CHARACTER_SET_CLIENT=@OLD_CHARACTER_SET_CLIENT */;
/*!40101 SET CHARACTER_SET_RESULTS=@OLD_CHARACTER_SET_RESULTS */;
/*!40101 SET COLLATION_CONNECTION=@OLD_COLLATION_CONNECTION */;
/*M!100616 SET NOTE_VERBOSITY=@OLD_NOTE_VERBOSITY */;

-- Dump completed on 2026-02-23 19:16:23
